from,to,pais_origen,pais_destino
https://es.wikipedia.org/wiki/%C3%81lvaro_Casta%C3%B1o_Castillo,https://es.wikipedia.org/wiki/Rodrigo_Casta%C3%B1o,colombia,mexico
https://es.wikipedia.org/wiki/%C3%81lvaro_Mutis,https://es.wikipedia.org/wiki/Santiago_Mutis,mexico,chile
https://es.wikipedia.org/wiki/%C3%81lvaro_de_Soto,https://es.wikipedia.org/wiki/Alberto_Soto_de_la_Jara,argentina,peru
https://es.wikipedia.org/wiki/%C3%81ngel_de_Iturbide_y_Huarte,https://es.wikipedia.org/wiki/Agust%C3%ADn_de_Iturbide_y_Green,chile,mexico
https://es.wikipedia.org/wiki/%C3%81ngel_de_Iturbide_y_Huarte,https://es.wikipedia.org/wiki/Ana_Mar%C3%ADa_Huarte,chile,mexico
https://es.wikipedia.org/wiki/A%C3%B1as_Colque,https://es.wikipedia.org/wiki/Francisco_Pizarro,chile,peru
https://es.wikipedia.org/wiki/Adolfo_Zald%C3%ADvar,https://es.wikipedia.org/wiki/Ana_Mar%C3%ADa_Palma,argentina,chile
https://es.wikipedia.org/wiki/Adolfo_Zald%C3%ADvar,https://es.wikipedia.org/wiki/Mar%C3%ADa_Jos%C3%A9_Zald%C3%ADvar,argentina,chile
https://es.wikipedia.org/wiki/Adolfo_Zald%C3%ADvar_Larra%C3%ADn,https://es.wikipedia.org/wiki/Ana_Mar%C3%ADa_Palma,argentina,chile
https://es.wikipedia.org/wiki/Adolfo_Zald%C3%ADvar_Larra%C3%ADn,https://es.wikipedia.org/wiki/Mar%C3%ADa_Jos%C3%A9_Zald%C3%ADvar,argentina,chile
https://es.wikipedia.org/wiki/Adriana_Cisneros,https://es.wikipedia.org/wiki/Patricia_Phelps_de_Cisneros,venezuela,argentina
https://es.wikipedia.org/wiki/Agust%C3%ADn_Vial_Santelices,https://es.wikipedia.org/wiki/Manuel_Camilo_Vial,chile,argentina
https://es.wikipedia.org/wiki/Alberto_Elmore,https://es.wikipedia.org/wiki/Federico_Elmore,argentina,chile
https://es.wikipedia.org/wiki/Alberto_Labb%C3%A9_Galilea,https://es.wikipedia.org/wiki/Alberto_Labb%C3%A9_Troncoso,argentina,chile
https://es.wikipedia.org/wiki/Alberto_Labb%C3%A9_Troncoso,https://es.wikipedia.org/wiki/Alberto_Labb%C3%A9_Galilea,chile,argentina
https://es.wikipedia.org/wiki/Alberto_Lleras_Camargo,https://es.wikipedia.org/wiki/Bertha_Puga,colombia,chile
https://es.wikipedia.org/wiki/Alberto_Lleras_Camargo,https://es.wikipedia.org/wiki/Consuelo_Lleras_Puga,colombia,chile
https://es.wikipedia.org/wiki/Alberto_Lleras_Puga,https://es.wikipedia.org/wiki/Bertha_Puga,colombia,chile
https://es.wikipedia.org/wiki/Alberto_Lozano_Simonelli,https://es.wikipedia.org/wiki/Fabio_Lozano_Lozano,peru,colombia
https://es.wikipedia.org/wiki/Alberto_Montt_Montt,https://es.wikipedia.org/wiki/Rosario_Montt,chile,argentina
https://es.wikipedia.org/wiki/Alberto_Mu%C3%B1oz_Vernaza,https://es.wikipedia.org/wiki/Manuel_Mu%C3%B1oz_Borrero,ecuador,mexico
https://es.wikipedia.org/wiki/Alberto_Soto_de_la_Jara,https://es.wikipedia.org/wiki/%C3%81lvaro_de_Soto,peru,argentina
https://es.wikipedia.org/wiki/Alberto_Soto_de_la_Jara,https://es.wikipedia.org/wiki/Hernando_de_Soto_(economista,peru,argentina
https://es.wikipedia.org/wiki/Alberto_Ulloa_Cisneros,https://es.wikipedia.org/wiki/Alberto_Ulloa_Sotomayor,argentina,chile
https://es.wikipedia.org/wiki/Alberto_Ulloa_Cisneros,https://es.wikipedia.org/wiki/Jos%C3%A9_Casimiro_Ulloa,argentina,peru
https://es.wikipedia.org/wiki/Alberto_Ulloa_Sotomayor,https://es.wikipedia.org/wiki/Alberto_Ulloa_Cisneros,chile,argentina
https://es.wikipedia.org/wiki/Alberto_Ulloa_Sotomayor,https://es.wikipedia.org/wiki/Manuel_Ulloa_El%C3%ADas,chile,peru
https://es.wikipedia.org/wiki/Alberto_Uribe_Sierra,https://es.wikipedia.org/wiki/Santiago_Uribe_V%C3%A9lez,colombia,chile
https://es.wikipedia.org/wiki/Alejandro_Ciangherotti,https://es.wikipedia.org/wiki/Fernando_Luj%C3%A1n,argentina,mexico
https://es.wikipedia.org/wiki/Alejandro_Obreg%C3%B3n,https://es.wikipedia.org/wiki/Rodrigo_Obreg%C3%B3n,colombia,peru
https://es.wikipedia.org/wiki/Alessia_Rovegno,https://es.wikipedia.org/wiki/B%C3%A1rbara_Cayo,chile,peru
https://es.wikipedia.org/wiki/Alfonso_L%C3%B3pez_Pumarejo,https://es.wikipedia.org/wiki/Rosario_Pumarejo,colombia,argentina
https://es.wikipedia.org/wiki/Alfonso_Reyes_Echand%C3%ADa,https://es.wikipedia.org/wiki/Yesid_Reyes,peru,colombia
https://es.wikipedia.org/wiki/Alonso_Cueto,https://es.wikipedia.org/wiki/Lilly_Caballero_de_Cueto,peru,chile
https://es.wikipedia.org/wiki/Amada_D%C3%ADaz,https://es.wikipedia.org/wiki/Ignacio_de_la_Torre_y_Mier,mexico,chile
https://es.wikipedia.org/wiki/Amelia_Solar_de_Claro,https://es.wikipedia.org/wiki/Mercedes_Mar%C3%ADn_del_Solar,chile,argentina
https://es.wikipedia.org/wiki/An%C3%ADbal_Pinto,https://es.wikipedia.org/wiki/Luisa_Garmendia,chile,argentina
https://es.wikipedia.org/wiki/An%C3%ADbal_Pinto_Garmendia,https://es.wikipedia.org/wiki/Luisa_Garmendia,chile,argentina
https://es.wikipedia.org/wiki/Ana_Mar%C3%ADa_Orozco,https://es.wikipedia.org/wiki/Salvador_del_Solar,colombia,peru
https://es.wikipedia.org/wiki/Ana_Mar%C3%ADa_Palma,https://es.wikipedia.org/wiki/Adolfo_Zald%C3%ADvar,chile,argentina
https://es.wikipedia.org/wiki/Ana_Monterroso,https://es.wikipedia.org/wiki/Juan_Antonio_Lavalleja,argentina,uruguay
https://es.wikipedia.org/wiki/Ana_Monterroso_de_Lavalleja,https://es.wikipedia.org/wiki/Juan_Antonio_Lavalleja,argentina,uruguay
https://es.wikipedia.org/wiki/Ana_de_Azcu%C3%A9naga_de_Olaguer_Feli%C3%BA,https://es.wikipedia.org/wiki/Antonio_Olaguer_Feli%C3%BA,argentina,uruguay
https://es.wikipedia.org/wiki/Andr%C3%A9s_Arambur%C3%BA_Menchaca,https://es.wikipedia.org/wiki/Andr%C3%A9s_Arambur%C3%BA_Salinas,peru,chile
https://es.wikipedia.org/wiki/Andr%C3%A9s_Arambur%C3%BA_Menchaca,https://es.wikipedia.org/wiki/Andr%C3%A9s_Avelino_Arambur%C3%BA_Salinas,peru,chile
https://es.wikipedia.org/wiki/Andr%C3%A9s_Arambur%C3%BA_Salinas,https://es.wikipedia.org/wiki/Andr%C3%A9s_Arambur%C3%BA_Menchaca,chile,peru
https://es.wikipedia.org/wiki/Andr%C3%A9s_Arambur%C3%BA_Salinas,https://es.wikipedia.org/wiki/Andr%C3%A9s_Avelino_Arambur%C3%BA_Sarrio,chile,peru
https://es.wikipedia.org/wiki/Andr%C3%A9s_Arambur%C3%BA_Salinas,https://es.wikipedia.org/wiki/Ernesto_Arambur%C3%BA_Menchaca,chile,peru
https://es.wikipedia.org/wiki/Andr%C3%A9s_Arambur%C3%BA_Sarrio,https://es.wikipedia.org/wiki/Andr%C3%A9s_Avelino_Arambur%C3%BA_Salinas,peru,chile
https://es.wikipedia.org/wiki/Andr%C3%A9s_Avelino_Arambur%C3%BA_Salinas,https://es.wikipedia.org/wiki/Andr%C3%A9s_Arambur%C3%BA_Menchaca,chile,peru
https://es.wikipedia.org/wiki/Andr%C3%A9s_Avelino_Arambur%C3%BA_Salinas,https://es.wikipedia.org/wiki/Andr%C3%A9s_Arambur%C3%BA_Sarrio,chile,peru
https://es.wikipedia.org/wiki/Andr%C3%A9s_Avelino_Arambur%C3%BA_Salinas,https://es.wikipedia.org/wiki/Andr%C3%A9s_Avelino_Arambur%C3%BA_Sarrio,chile,peru
https://es.wikipedia.org/wiki/Andr%C3%A9s_Avelino_Arambur%C3%BA_Salinas,https://es.wikipedia.org/wiki/Ernesto_Arambur%C3%BA_Menchaca,chile,peru
https://es.wikipedia.org/wiki/Andr%C3%A9s_Avelino_Arambur%C3%BA_Sarrio,https://es.wikipedia.org/wiki/Andr%C3%A9s_Arambur%C3%BA_Salinas,peru,chile
https://es.wikipedia.org/wiki/Andr%C3%A9s_Avelino_Arambur%C3%BA_Sarrio,https://es.wikipedia.org/wiki/Andr%C3%A9s_Avelino_Arambur%C3%BA_Salinas,peru,chile
https://es.wikipedia.org/wiki/Andr%C3%A9s_Bolognesi,https://es.wikipedia.org/wiki/Francisco_Bolognesi,peru,chile
https://es.wikipedia.org/wiki/Andrea_Revueltas,https://es.wikipedia.org/wiki/Jos%C3%A9_Revueltas,mexico,chile
https://es.wikipedia.org/wiki/Antauro_Humala,https://es.wikipedia.org/wiki/Ina_Andrade,chile,peru
https://es.wikipedia.org/wiki/Antauro_Humala,https://es.wikipedia.org/wiki/Isaac_Humala,chile,peru
https://es.wikipedia.org/wiki/Antonio_Calzada_Urqu%C3%ADza,https://es.wikipedia.org/wiki/Jos%C3%A9_Calzada_Rovirosa,mexico,chile
https://es.wikipedia.org/wiki/Antonio_Jos%C3%A9_de_Sucre,https://es.wikipedia.org/wiki/Mariana_Carcel%C3%A9n,peru,venezuela
https://es.wikipedia.org/wiki/Antonio_Jos%C3%A9_de_Sucre,https://es.wikipedia.org/wiki/Marquesado_de_Solanda,peru,ecuador
https://es.wikipedia.org/wiki/Antonio_Jos%C3%A9_de_Sucre,https://es.wikipedia.org/wiki/Simona_de_Sucre_Bravo,peru,ecuador
https://es.wikipedia.org/wiki/Antonio_Olaguer_Feli%C3%BA,https://es.wikipedia.org/wiki/Ana_de_Azcu%C3%A9naga_de_Olaguer_Feli%C3%BA,uruguay,argentina
https://es.wikipedia.org/wiki/Antonio_Olaguer_Feli%C3%BA,https://es.wikipedia.org/wiki/Jos%C3%A9_Olaguer_Feli%C3%BA_y_Azcu%C3%A9naga,uruguay,argentina
https://es.wikipedia.org/wiki/Antonio_Olaguer_Feli%C3%BA,https://es.wikipedia.org/wiki/Manuel_Olaguer_Feli%C3%BA_y_Azcu%C3%A9naga,uruguay,argentina
https://es.wikipedia.org/wiki/Antonio_Par%C3%ADs_Ricaurte,https://es.wikipedia.org/wiki/Genoveva_Ricaurte_Mauris,venezuela,colombia
https://es.wikipedia.org/wiki/Antonio_Par%C3%ADs_Ricaurte,https://es.wikipedia.org/wiki/Jos%C3%A9_Mart%C3%ADn_Par%C3%ADs_%C3%81lvarez,venezuela,colombia
https://es.wikipedia.org/wiki/Antonio_Samper_Uribe,https://es.wikipedia.org/wiki/Juan_Samper_Sordo,colombia,argentina
https://es.wikipedia.org/wiki/Antonio_Sebasti%C3%A1n_de_Toledo_Molina_y_Salazar,https://es.wikipedia.org/wiki/Pedro_de_Toledo_y_Leiva,colombia,peru
https://es.wikipedia.org/wiki/Antonio_de_Vergara_Azc%C3%A1rate,https://es.wikipedia.org/wiki/Francisco_Vergara_Mayorga,chile,colombia
https://es.wikipedia.org/wiki/Antonio_de_Vergara_Azc%C3%A1rate,https://es.wikipedia.org/wiki/Francisco_de_Vergara_Azc%C3%A1rate_y_Sese%C3%B1a,chile,colombia
https://es.wikipedia.org/wiki/Antonio_de_Vergara_Azc%C3%A1rate_y_D%C3%A1vila,https://es.wikipedia.org/wiki/Francisco_Vergara_Mayorga,chile,colombia
https://es.wikipedia.org/wiki/Antonio_de_Vergara_Azc%C3%A1rate_y_D%C3%A1vila,https://es.wikipedia.org/wiki/Francisco_de_Vergara_Azc%C3%A1rate_y_Sese%C3%B1a,chile,colombia
https://es.wikipedia.org/wiki/Antonio_de_la_R%C3%BAa,https://es.wikipedia.org/wiki/Shakira,argentina,colombia
https://es.wikipedia.org/wiki/Atahualpa,https://es.wikipedia.org/wiki/Cuxirimay_Ocllo,chile,mexico
https://es.wikipedia.org/wiki/Augusto_Bolognesi,https://es.wikipedia.org/wiki/Francisco_Bolognesi,peru,chile
https://es.wikipedia.org/wiki/B%C3%A1rbara_Cayo,https://es.wikipedia.org/wiki/Alessia_Rovegno,peru,chile
https://es.wikipedia.org/wiki/Baltasar_Unquera,https://es.wikipedia.org/wiki/Martina_Warnes,uruguay,argentina
https://es.wikipedia.org/wiki/Benjam%C3%ADn_Vicu%C3%B1a,https://es.wikipedia.org/wiki/China_Su%C3%A1rez,chile,argentina
https://es.wikipedia.org/wiki/Benjam%C3%ADn_Vicu%C3%B1a,https://es.wikipedia.org/wiki/Pampita,chile,argentina
https://es.wikipedia.org/wiki/Bernardo_O%27Higgins,https://es.wikipedia.org/wiki/Pedro_Demetrio_O%27Higgins,chile,argentina
https://es.wikipedia.org/wiki/Bernardo_O%27Higgins,https://es.wikipedia.org/wiki/Rosario_Puga,chile,argentina
https://es.wikipedia.org/wiki/Bertha_Puga,https://es.wikipedia.org/wiki/Alberto_Lleras_Camargo,chile,colombia
https://es.wikipedia.org/wiki/Bertha_Puga,https://es.wikipedia.org/wiki/Alberto_Lleras_Puga,chile,colombia
https://es.wikipedia.org/wiki/Beto_da_Silva,https://es.wikipedia.org/wiki/Ivana_Yturbe,peru,chile
https://es.wikipedia.org/wiki/Bigote_Arrocet,https://es.wikipedia.org/wiki/Gabriela_Velasco,argentina,chile
https://es.wikipedia.org/wiki/Bigote_Arrocet,https://es.wikipedia.org/wiki/Mar%C3%ADa_Teresa_Campos,argentina,chile
https://es.wikipedia.org/wiki/Blanca_Luz_Brum,https://es.wikipedia.org/wiki/C%C3%A9sar_Mir%C3%B3,chile,peru
https://es.wikipedia.org/wiki/Blanca_Luz_Brum,https://es.wikipedia.org/wiki/David_Alfaro_Siqueiros,chile,mexico
https://es.wikipedia.org/wiki/Blanca_Luz_Brum,https://es.wikipedia.org/wiki/Juan_Parra_del_Riego,chile,peru
https://es.wikipedia.org/wiki/Blanca_de_Castej%C3%B3n,https://es.wikipedia.org/wiki/Rafael_Banquells,argentina,mexico
https://es.wikipedia.org/wiki/Buenaventura_Marc%C3%B3_del_Pont,https://es.wikipedia.org/wiki/Casimiro_Marc%C3%B3_del_Pont,argentina,chile
https://es.wikipedia.org/wiki/Buenaventura_Marc%C3%B3_del_Pont,https://es.wikipedia.org/wiki/Casimiro_Marc%C3%B3_del_Pont,peru,chile
https://es.wikipedia.org/wiki/Buenaventura_Marc%C3%B3_del_Pont,https://es.wikipedia.org/wiki/Manuel_Mar%C3%ADa_Marc%C3%B3_del_Pont,peru,argentina
https://es.wikipedia.org/wiki/C%C3%A9sar_Mir%C3%B3,https://es.wikipedia.org/wiki/Blanca_Luz_Brum,peru,chile
https://es.wikipedia.org/wiki/Carlos_Augusto_Salaverry,https://es.wikipedia.org/wiki/Felipe_Santiago_Salaverry,peru,chile
https://es.wikipedia.org/wiki/Carlos_Cuervo_M%C3%A1rquez,https://es.wikipedia.org/wiki/Teresa_Cuervo_Borda,mexico,colombia
https://es.wikipedia.org/wiki/Carlos_Cueto_Fernandini,https://es.wikipedia.org/wiki/Lilly_Caballero_de_Cueto,peru,chile
https://es.wikipedia.org/wiki/Carlos_Cueto_Fernandini,https://es.wikipedia.org/wiki/Santiago_Cueto_Caballero,peru,chile
https://es.wikipedia.org/wiki/Carlos_Eugenio_Scheck,https://es.wikipedia.org/wiki/Carlos_Scheck,chile,uruguay
https://es.wikipedia.org/wiki/Carlos_Falc%C3%B3,https://es.wikipedia.org/wiki/Isabel_Preysler,argentina,peru
https://es.wikipedia.org/wiki/Carlos_Falc%C3%B3,https://es.wikipedia.org/wiki/Tamara_Falc%C3%B3,argentina,peru
https://es.wikipedia.org/wiki/Carlos_Garc%C3%A9s_C%C3%B3rdoba,https://es.wikipedia.org/wiki/Mar%C3%ADa_Teresa_Garc%C3%A9s_Lloreda,argentina,colombia
https://es.wikipedia.org/wiki/Carlos_Menem,https://es.wikipedia.org/wiki/Cecilia_Bolocco,argentina,chile
https://es.wikipedia.org/wiki/Carlos_Paz_Sold%C3%A1n_y_Benavides,https://es.wikipedia.org/wiki/Mariano_Felipe_Paz_Sold%C3%A1n,peru,chile
https://es.wikipedia.org/wiki/Carlos_Scheck,https://es.wikipedia.org/wiki/Carlos_Eugenio_Scheck,uruguay,chile
https://es.wikipedia.org/wiki/Carmen_Ib%C3%A1%C3%B1ez,https://es.wikipedia.org/wiki/Domingo_Godoy_Matte,argentina,chile
https://es.wikipedia.org/wiki/Carmen_Ib%C3%A1%C3%B1ez,https://es.wikipedia.org/wiki/Gonzalo_Men%C3%A9ndez,argentina,chile
https://es.wikipedia.org/wiki/Carmen_Ib%C3%A1%C3%B1ez,https://es.wikipedia.org/wiki/Gonzalo_Men%C3%A9ndez_Duque,argentina,chile
https://es.wikipedia.org/wiki/Carmen_Ib%C3%A1%C3%B1ez,https://es.wikipedia.org/wiki/Iv%C3%A1n_Moreira,argentina,chile
https://es.wikipedia.org/wiki/Carmen_Ib%C3%A1%C3%B1ez,https://es.wikipedia.org/wiki/Joaqu%C3%ADn_Godoy_Ib%C3%A1%C3%B1ez,argentina,chile
https://es.wikipedia.org/wiki/Carmen_Ib%C3%A1%C3%B1ez,https://es.wikipedia.org/wiki/Mar%C3%ADa_Luisa_Godoy,argentina,chile
https://es.wikipedia.org/wiki/Carolina_Mestrovic,https://es.wikipedia.org/wiki/Jonathan_Freudman,argentina,venezuela
https://es.wikipedia.org/wiki/Carolina_Mestrovic,https://es.wikipedia.org/wiki/Mario_Velasco,argentina,chile
https://es.wikipedia.org/wiki/Caroline_Kennedy,https://es.wikipedia.org/wiki/Tatiana_Schlossberg,argentina,peru
https://es.wikipedia.org/wiki/Casimiro_Marc%C3%B3_del_Pont,https://es.wikipedia.org/wiki/Buenaventura_Marc%C3%B3_del_Pont,chile,argentina
https://es.wikipedia.org/wiki/Casimiro_Ulloa,https://es.wikipedia.org/wiki/Alberto_Ulloa_Cisneros,peru,argentina
https://es.wikipedia.org/wiki/Catalina_Su%C3%A1rez_Marcayda,https://es.wikipedia.org/wiki/Hern%C3%A1n_Cort%C3%A9s,chile,mexico
https://es.wikipedia.org/wiki/Cecilia_Alegr%C3%ADa,https://es.wikipedia.org/wiki/Ciro_Alegr%C3%ADa,chile,peru
https://es.wikipedia.org/wiki/Cecilia_Alegr%C3%ADa_Varona,https://es.wikipedia.org/wiki/Ciro_Alegr%C3%ADa,chile,peru
https://es.wikipedia.org/wiki/Cecilia_Arboleda_Mosquera,https://es.wikipedia.org/wiki/Jorge_Holgu%C3%ADn,colombia,chile
https://es.wikipedia.org/wiki/Cecilia_Arboleda_Mosquera,https://es.wikipedia.org/wiki/Jorge_Holgu%C3%ADn_Mallarino,colombia,chile
https://es.wikipedia.org/wiki/Cecilia_Arboleda_de_Holgu%C3%ADn,https://es.wikipedia.org/wiki/Jorge_Holgu%C3%ADn,colombia,chile
https://es.wikipedia.org/wiki/Cecilia_Bolocco,https://es.wikipedia.org/wiki/Carlos_Menem,chile,argentina
https://es.wikipedia.org/wiki/Cecilia_Navia,https://es.wikipedia.org/wiki/Santiago_Alarc%C3%B3n,colombia,chile
https://es.wikipedia.org/wiki/Che_Guevara,https://es.wikipedia.org/wiki/Hilda_Gadea,argentina,peru
https://es.wikipedia.org/wiki/China_Su%C3%A1rez,https://es.wikipedia.org/wiki/Benjam%C3%ADn_Vicu%C3%B1a,argentina,chile
https://es.wikipedia.org/wiki/Christian_Bach,https://es.wikipedia.org/wiki/Humberto_Zurita,argentina,mexico
https://es.wikipedia.org/wiki/Christian_Bach,https://es.wikipedia.org/wiki/Sebasti%C3%A1n_Zurita,argentina,mexico
https://es.wikipedia.org/wiki/Ciro_Alegr%C3%ADa,https://es.wikipedia.org/wiki/Cecilia_Alegr%C3%ADa,peru,chile
https://es.wikipedia.org/wiki/Ciro_Alegr%C3%ADa,https://es.wikipedia.org/wiki/Cecilia_Alegr%C3%ADa_Varona,peru,chile
https://es.wikipedia.org/wiki/Ciro_Alegr%C3%ADa,https://es.wikipedia.org/wiki/Dora_Varona,peru,chile
https://es.wikipedia.org/wiki/Condado_de_Ba%C3%B1os,https://es.wikipedia.org/wiki/Juan_Francisco_de_Leyva_y_de_la_Cerda,colombia,mexico
https://es.wikipedia.org/wiki/Condado_de_Superunda,https://es.wikipedia.org/wiki/Jos%C3%A9_Antonio_Manso_de_Velasco,chile,argentina
https://es.wikipedia.org/wiki/Condado_de_Villaminaya,https://es.wikipedia.org/wiki/Diego_Portales_y_Meneses,chile,venezuela
https://es.wikipedia.org/wiki/Consuelo_Lleras,https://es.wikipedia.org/wiki/Alberto_Lleras_Camargo,chile,colombia
https://es.wikipedia.org/wiki/Consuelo_Lleras,https://es.wikipedia.org/wiki/Felipe_Zuleta_Lleras,chile,colombia
https://es.wikipedia.org/wiki/Consuelo_Lleras_Puga,https://es.wikipedia.org/wiki/Alberto_Lleras_Camargo,chile,colombia
https://es.wikipedia.org/wiki/Consuelo_Lleras_Puga,https://es.wikipedia.org/wiki/Felipe_Zuleta_Lleras,chile,colombia
https://es.wikipedia.org/wiki/Cuxirimay_Ocllo,https://es.wikipedia.org/wiki/Atahualpa,mexico,chile
https://es.wikipedia.org/wiki/Cuxirimay_Ocllo,https://es.wikipedia.org/wiki/Francisco_Pizarro,mexico,peru
https://es.wikipedia.org/wiki/Cuxirimay_Ocllo,https://es.wikipedia.org/wiki/Juan_de_Betanzos,mexico,peru
https://es.wikipedia.org/wiki/Dalia_In%C3%A9s,https://es.wikipedia.org/wiki/Flor_Silvestre,argentina,mexico
https://es.wikipedia.org/wiki/Dalia_In%C3%A9s,https://es.wikipedia.org/wiki/Javier_Ru%C3%A1n,argentina,mexico
https://es.wikipedia.org/wiki/Daphne_Dougall,https://es.wikipedia.org/wiki/Enrique_Zileri,argentina,peru
https://es.wikipedia.org/wiki/David_Alfaro_Siqueiros,https://es.wikipedia.org/wiki/Blanca_Luz_Brum,mexico,chile
https://es.wikipedia.org/wiki/Delia_del_Carril,https://es.wikipedia.org/wiki/Pablo_Neruda,argentina,chile
https://es.wikipedia.org/wiki/Diego_Noboa,https://es.wikipedia.org/wiki/Tomasa_Carbo_y_Noboa,chile,ecuador
https://es.wikipedia.org/wiki/Diego_Portales_y_Meneses,https://es.wikipedia.org/wiki/Condado_de_Villaminaya,venezuela,chile
https://es.wikipedia.org/wiki/Diego_Portales_y_Meneses,https://es.wikipedia.org/wiki/Marquesado_de_Tejares,venezuela,chile
https://es.wikipedia.org/wiki/Diego_de_Aliaga_y_Santa_Cruz,https://es.wikipedia.org/wiki/Sebasti%C3%A1n_de_Aliaga_y_Colmenares,peru,argentina
https://es.wikipedia.org/wiki/Dolores_Vargas_Par%C3%ADs,https://es.wikipedia.org/wiki/Luciano_Urdaneta_Vargas,colombia,venezuela
https://es.wikipedia.org/wiki/Dolores_Vargas_Par%C3%ADs,https://es.wikipedia.org/wiki/Rafael_Guillermo_Urdaneta_Vargas,colombia,chile
https://es.wikipedia.org/wiki/Dolores_Vargas_Par%C3%ADs,https://es.wikipedia.org/wiki/Rafael_Urdaneta_Vargas,colombia,chile
https://es.wikipedia.org/wiki/Domingo_Godoy_Matte,https://es.wikipedia.org/wiki/Carmen_Ib%C3%A1%C3%B1ez,chile,argentina
https://es.wikipedia.org/wiki/Dora_Varona,https://es.wikipedia.org/wiki/Ciro_Alegr%C3%ADa,chile,peru
https://es.wikipedia.org/wiki/Dora_Varona,https://es.wikipedia.org/wiki/Gonzalo_Alegr%C3%ADa,chile,peru
https://es.wikipedia.org/wiki/Ducado_de_San_Carlos,https://es.wikipedia.org/wiki/Isabel_de_Silva_y_Carvajal,peru,chile
https://es.wikipedia.org/wiki/Edgardo_Seoane,https://es.wikipedia.org/wiki/Guillermo_Seoane,mexico,peru
https://es.wikipedia.org/wiki/Edgardo_Seoane_Corrales,https://es.wikipedia.org/wiki/Guillermo_Seoane,mexico,peru
https://es.wikipedia.org/wiki/Eduardo_L%C3%B3pez_Rivas,https://es.wikipedia.org/wiki/Enrique_L%C3%B3pez_Bustamante,venezuela,argentina
https://es.wikipedia.org/wiki/Edwin_Elmore,https://es.wikipedia.org/wiki/Teodoro_Elmore,peru,argentina
https://es.wikipedia.org/wiki/Elisa_Alicia_Lynch,https://es.wikipedia.org/wiki/Juan_Francisco_L%C3%B3pez,paraguay,argentina
https://es.wikipedia.org/wiki/Elvia_Barrios,https://es.wikipedia.org/wiki/Guillermo_Thornberry,peru,chile
https://es.wikipedia.org/wiki/Elvia_Barrios,https://es.wikipedia.org/wiki/Guillermo_Thornberry_Villar%C3%A1n,peru,chile
https://es.wikipedia.org/wiki/Emiliano_Zurita,https://es.wikipedia.org/wiki/Christian_Bach,mexico,argentina
https://es.wikipedia.org/wiki/Enrique_Barreda_y_Osma,https://es.wikipedia.org/wiki/Felipe_Barreda_y_Laos,peru,argentina
https://es.wikipedia.org/wiki/Enrique_Bolognesi,https://es.wikipedia.org/wiki/Francisco_Bolognesi,peru,chile
https://es.wikipedia.org/wiki/Enrique_Grau_Seminario,https://es.wikipedia.org/wiki/Juan_Manuel_Grau_y_Berr%C3%ADo,peru,chile
https://es.wikipedia.org/wiki/Enrique_Iglesias,https://es.wikipedia.org/wiki/Anna_Kournikova,peru,mexico
https://es.wikipedia.org/wiki/Enrique_L%C3%B3pez_Bustamante,https://es.wikipedia.org/wiki/Eduardo_L%C3%B3pez_Rivas,argentina,venezuela
https://es.wikipedia.org/wiki/Enrique_Montt_Montt,https://es.wikipedia.org/wiki/Rosario_Montt_Goyenechea,chile,argentina
https://es.wikipedia.org/wiki/Enrique_Zileri,https://es.wikipedia.org/wiki/Daphne_Dougall,peru,argentina
https://es.wikipedia.org/wiki/Enrique_de_la_Riva_Ag%C3%BCero,https://es.wikipedia.org/wiki/Jos%C3%A9_de_la_Riva_Ag%C3%BCero_y_Looz_Corswarem,peru,chile
https://es.wikipedia.org/wiki/Enrique_de_la_Riva_Ag%C3%BCero_Riglos,https://es.wikipedia.org/wiki/Jos%C3%A9_de_la_Riva_Ag%C3%BCero_y_Looz_Corswarem,peru,chile
https://es.wikipedia.org/wiki/Ercilia_L%C3%B3pez_de_Blomberg,https://es.wikipedia.org/wiki/H%C3%A9ctor_Pedro_Blomberg,paraguay,argentina
https://es.wikipedia.org/wiki/Ernesto_Arambur%C3%BA_Menchaca,https://es.wikipedia.org/wiki/Andr%C3%A9s_Arambur%C3%BA_Salinas,peru,chile
https://es.wikipedia.org/wiki/Ernesto_Arambur%C3%BA_Menchaca,https://es.wikipedia.org/wiki/Andr%C3%A9s_Avelino_Arambur%C3%BA_Salinas,peru,chile
https://es.wikipedia.org/wiki/Ernesto_Che_Guevara,https://es.wikipedia.org/wiki/Hilda_Gadea,argentina,peru
https://es.wikipedia.org/wiki/Estefan%C3%ADa_Manrique_de_Castilla,https://es.wikipedia.org/wiki/Isabel_de_Castilla_(-1582,colombia,argentina
https://es.wikipedia.org/wiki/Eugen_d%27Albert,https://es.wikipedia.org/wiki/Teresa_Carre%C3%B1o,colombia,venezuela
https://es.wikipedia.org/wiki/Eugenia_Revueltas,https://es.wikipedia.org/wiki/Silvestre_Revueltas,mexico,chile
https://es.wikipedia.org/wiki/Eulogia_Echaurren,https://es.wikipedia.org/wiki/Federico_Err%C3%A1zuriz_Za%C3%B1artu,chile,argentina
https://es.wikipedia.org/wiki/Eulogia_Echaurren_Garc%C3%ADa-Huidobro,https://es.wikipedia.org/wiki/Federico_Err%C3%A1zuriz_Za%C3%B1artu,chile,argentina
https://es.wikipedia.org/wiki/F%C3%A9lix_D%C3%ADaz,https://es.wikipedia.org/wiki/F%C3%A9lix_D%C3%ADaz_Mori,mexico,chile
https://es.wikipedia.org/wiki/F%C3%A9lix_D%C3%ADaz_Mori,https://es.wikipedia.org/wiki/F%C3%A9lix_D%C3%ADaz,chile,mexico
https://es.wikipedia.org/wiki/Fabio_Lozano_Lozano,https://es.wikipedia.org/wiki/Alberto_Lozano_Simonelli,colombia,peru
https://es.wikipedia.org/wiki/Fabio_Lozano_y_Lozano,https://es.wikipedia.org/wiki/Alberto_Lozano_Simonelli,colombia,peru
https://es.wikipedia.org/wiki/Federico_Elmore,https://es.wikipedia.org/wiki/Alberto_Elmore,chile,argentina
https://es.wikipedia.org/wiki/Federico_Elmore,https://es.wikipedia.org/wiki/Juan_Federico_Elmore,chile,argentina
https://es.wikipedia.org/wiki/Federico_Elmore,https://es.wikipedia.org/wiki/Teodoro_Elmore,chile,argentina
https://es.wikipedia.org/wiki/Federico_Err%C3%A1zuriz_Echaurren,https://es.wikipedia.org/wiki/Federico_Err%C3%A1zuriz_Za%C3%B1artu,chile,argentina
https://es.wikipedia.org/wiki/Federico_Err%C3%A1zuriz_Za%C3%B1artu,https://es.wikipedia.org/wiki/Eulogia_Echaurren,argentina,chile
https://es.wikipedia.org/wiki/Federico_Err%C3%A1zuriz_Za%C3%B1artu,https://es.wikipedia.org/wiki/Eulogia_Echaurren_Garc%C3%ADa-Huidobro,argentina,chile
https://es.wikipedia.org/wiki/Federico_Err%C3%A1zuriz_Za%C3%B1artu,https://es.wikipedia.org/wiki/Federico_Err%C3%A1zuriz_Echaurren,argentina,chile
https://es.wikipedia.org/wiki/Federico_Err%C3%A1zuriz_Za%C3%B1artu,https://es.wikipedia.org/wiki/Francisco_Javier_Err%C3%A1zuriz_Aldunate,argentina,chile
https://es.wikipedia.org/wiki/Federico_Err%C3%A1zuriz_Za%C3%B1artu,https://es.wikipedia.org/wiki/Javier_Err%C3%A1zuriz_Echaurren,argentina,chile
https://es.wikipedia.org/wiki/Federico_Err%C3%A1zuriz_Za%C3%B1artu,https://es.wikipedia.org/wiki/Ladislao_Err%C3%A1zuriz_Echaurren,argentina,chile
https://es.wikipedia.org/wiki/Federico_Err%C3%A1zuriz_Za%C3%B1artu,https://es.wikipedia.org/wiki/Mar%C3%ADa_Err%C3%A1zuriz,argentina,chile
https://es.wikipedia.org/wiki/Federico_Err%C3%A1zuriz_Za%C3%B1artu,https://es.wikipedia.org/wiki/Rafael_Err%C3%A1zuriz_Echaurren,argentina,chile
https://es.wikipedia.org/wiki/Federico_Luna_Aran%C3%ADbar,https://es.wikipedia.org/wiki/Miguel_Emilio_Luna_y_Peralta,peru,chile
https://es.wikipedia.org/wiki/Federico_Luna_Aranibar,https://es.wikipedia.org/wiki/Miguel_Emilio_Luna_y_Peralta,peru,chile
https://es.wikipedia.org/wiki/Felipe_Barreda_y_Laos,https://es.wikipedia.org/wiki/Enrique_Barreda_y_Osma,argentina,peru
https://es.wikipedia.org/wiki/Felipe_Salaverry,https://es.wikipedia.org/wiki/Carlos_Augusto_Salaverry,chile,peru
https://es.wikipedia.org/wiki/Felipe_Santiago_Salaverry,https://es.wikipedia.org/wiki/Carlos_Augusto_Salaverry,chile,peru
https://es.wikipedia.org/wiki/Felipe_Zuleta_Lleras,https://es.wikipedia.org/wiki/Consuelo_Lleras,colombia,chile
https://es.wikipedia.org/wiki/Felipe_Zuleta_Lleras,https://es.wikipedia.org/wiki/Consuelo_Lleras_Puga,colombia,chile
https://es.wikipedia.org/wiki/Fernando_Botero,https://es.wikipedia.org/wiki/Fernando_Botero_Zea,colombia,mexico
https://es.wikipedia.org/wiki/Fernando_Botero_Zea,https://es.wikipedia.org/wiki/Fernando_Botero,mexico,colombia
https://es.wikipedia.org/wiki/Fernando_Botero_Zea,https://es.wikipedia.org/wiki/Gloria_Zea,mexico,colombia
https://es.wikipedia.org/wiki/Fernando_Luj%C3%A1n,https://es.wikipedia.org/wiki/Alejandro_Ciangherotti,mexico,argentina
https://es.wikipedia.org/wiki/Fernando_Luj%C3%A1n,https://es.wikipedia.org/wiki/Mercedes_Soler_%28actriz%29,mexico,argentina
https://es.wikipedia.org/wiki/Fernando_Tola_Cires,https://es.wikipedia.org/wiki/Fernando_Tola_Mendoza,peru,argentina
https://es.wikipedia.org/wiki/Fernando_Tola_Mendoza,https://es.wikipedia.org/wiki/Fernando_Tola_Cires,argentina,peru
https://es.wikipedia.org/wiki/Fernando_Tola_Mendoza,https://es.wikipedia.org/wiki/Fernando_Tola_de_Habich,argentina,peru
https://es.wikipedia.org/wiki/Fernando_Tola_Mendoza,https://es.wikipedia.org/wiki/Jos%C3%A9_Tola,argentina,peru
https://es.wikipedia.org/wiki/Fernando_Tola_de_Habich,https://es.wikipedia.org/wiki/Fernando_Tola_Mendoza,peru,argentina
https://es.wikipedia.org/wiki/Fernando_Vergara_Caicedo,https://es.wikipedia.org/wiki/Francisco_Vergara_Azc%C3%A1rate,ecuador,colombia
https://es.wikipedia.org/wiki/Flor_Silvestre,https://es.wikipedia.org/wiki/Dalia_In%C3%A9s,mexico,argentina
https://es.wikipedia.org/wiki/Francisca_de_Toledo_y_Osorio,https://es.wikipedia.org/wiki/Pedro_de_Toledo_y_Leiva,colombia,peru
https://es.wikipedia.org/wiki/Francisco_Antonio_Pinto,https://es.wikipedia.org/wiki/Luisa_Garmendia_Alurralde,chile,argentina
https://es.wikipedia.org/wiki/Francisco_Bolognesi,https://es.wikipedia.org/wiki/Andr%C3%A9s_Bolognesi,chile,peru
https://es.wikipedia.org/wiki/Francisco_Bolognesi,https://es.wikipedia.org/wiki/Augusto_Bolognesi,chile,peru
https://es.wikipedia.org/wiki/Francisco_Bolognesi,https://es.wikipedia.org/wiki/Enrique_Bolognesi,chile,peru
https://es.wikipedia.org/wiki/Francisco_Garc%C3%ADa-Calder%C3%B3n_Landa,https://es.wikipedia.org/wiki/Francisco_Garc%C3%ADa_Calder%C3%B3n_Rey,peru,chile
https://es.wikipedia.org/wiki/Francisco_Garc%C3%ADa-Calder%C3%B3n_Rey,https://es.wikipedia.org/wiki/Francisco_Garc%C3%ADa-Calder%C3%B3n_Landa,chile,peru
https://es.wikipedia.org/wiki/Francisco_Garc%C3%ADa_Calder%C3%B3n_Rey,https://es.wikipedia.org/wiki/Francisco_Garc%C3%ADa-Calder%C3%B3n_Landa,chile,peru
https://es.wikipedia.org/wiki/Francisco_Jattin,https://es.wikipedia.org/wiki/Francisco_Jattin_Safar,argentina,colombia
https://es.wikipedia.org/wiki/Francisco_Jattin_Corrales,https://es.wikipedia.org/wiki/Francisco_Jattin_Safar,argentina,colombia
https://es.wikipedia.org/wiki/Francisco_Jattin_Corrales,https://es.wikipedia.org/wiki/Francisco_Jos%C3%A9_Jattin_Safar,argentina,colombia
https://es.wikipedia.org/wiki/Francisco_Jattin_Safar,https://es.wikipedia.org/wiki/Francisco_Jattin,colombia,argentina
https://es.wikipedia.org/wiki/Francisco_Jattin_Safar,https://es.wikipedia.org/wiki/Francisco_Jattin_Corrales,colombia,argentina
https://es.wikipedia.org/wiki/Francisco_Jattin_Safar,https://es.wikipedia.org/wiki/Zulema_Jattin,colombia,argentina
https://es.wikipedia.org/wiki/Francisco_Jattin_Safar,https://es.wikipedia.org/wiki/Zulema_Jattin_Corrales,colombia,argentina
https://es.wikipedia.org/wiki/Francisco_Javier_Err%C3%A1zuriz_Aldunate,https://es.wikipedia.org/wiki/Federico_Err%C3%A1zuriz_Za%C3%B1artu,chile,argentina
https://es.wikipedia.org/wiki/Francisco_Javier_de_Err%C3%A1zuriz,https://es.wikipedia.org/wiki/Federico_Err%C3%A1zuriz_Za%C3%B1artu,chile,argentina
https://es.wikipedia.org/wiki/Francisco_Javier_de_Vergara_Azc%C3%A1rate_Vela_Pati%C3%B1o_y_Sandoval,https://es.wikipedia.org/wiki/Crist%C3%B3bal_de_Vergara_Azc%C3%A1rate,ecuador,colombia
https://es.wikipedia.org/wiki/Francisco_Javier_de_Vergara_Azc%C3%A1rate_Vela_Pati%C3%B1o_y_Sandoval,https://es.wikipedia.org/wiki/Felipe_de_Vergara_Azc%C3%A1rate,ecuador,colombia
https://es.wikipedia.org/wiki/Francisco_Javier_de_Vergara_Azc%C3%A1rate_Vela_Pati%C3%B1o_y_Sandoval,https://es.wikipedia.org/wiki/Francisco_Xavier_de_Vergara_Azc%C3%A1rate,ecuador,colombia
https://es.wikipedia.org/wiki/Francisco_Javier_de_Vergara_Azc%C3%A1rate_Vela_Pati%C3%B1o_y_Sandoval,https://es.wikipedia.org/wiki/Jos%C3%A9_Sebasti%C3%A1n_de_Vergara_Azc%C3%A1rate_y_G%C3%B3mez_de_Sandoval,ecuador,colombia
https://es.wikipedia.org/wiki/Francisco_Jos%C3%A9_Jattin_Safar,https://es.wikipedia.org/wiki/Francisco_Jattin_Corrales,colombia,argentina
https://es.wikipedia.org/wiki/Francisco_Jos%C3%A9_Jattin_Safar,https://es.wikipedia.org/wiki/Zulema_Jattin,colombia,argentina
https://es.wikipedia.org/wiki/Francisco_Jos%C3%A9_Quijano_Mosquera,https://es.wikipedia.org/wiki/Manuel_Quijano_Ord%C3%B3%C3%B1ez,peru,colombia
https://es.wikipedia.org/wiki/Francisco_Jos%C3%A9_Quijano_Mosquera,https://es.wikipedia.org/wiki/Manuel_Quijano_Ord%C3%B3%C3%B1ez_de_Lara,peru,colombia
https://es.wikipedia.org/wiki/Francisco_Pizano_de_Brigard,https://es.wikipedia.org/wiki/Roberto_Pizano,argentina,colombia
https://es.wikipedia.org/wiki/Francisco_Pizarro,https://es.wikipedia.org/wiki/A%C3%B1as_Colque,peru,chile
https://es.wikipedia.org/wiki/Francisco_Pizarro,https://es.wikipedia.org/wiki/Cuxirimay_Ocllo,peru,mexico
https://es.wikipedia.org/wiki/Francisco_Pizarro,https://es.wikipedia.org/wiki/Gonzalo_Pizarro_Rodr%C3%ADguez_de_Aguilar,peru,chile
https://es.wikipedia.org/wiki/Francisco_Quijano_Mosquera,https://es.wikipedia.org/wiki/Manuel_Quijano_Ord%C3%B3%C3%B1ez,peru,colombia
https://es.wikipedia.org/wiki/Francisco_Sanz_de_Santamar%C3%ADa,https://es.wikipedia.org/wiki/Jos%C3%A9_Sanz_de_Santamar%C3%ADa,chile,colombia
https://es.wikipedia.org/wiki/Francisco_Sanz_de_Santamar%C3%ADa,https://es.wikipedia.org/wiki/Manuela_Sanz_de_Santamar%C3%ADa,chile,colombia
https://es.wikipedia.org/wiki/Francisco_Sanz_de_Santamar%C3%ADa,https://es.wikipedia.org/wiki/Nicol%C3%A1s_Sanz_de_Santamar%C3%ADa,colombia,chile
https://es.wikipedia.org/wiki/Francisco_Solano_L%C3%B3pez,https://es.wikipedia.org/wiki/Juan_Francisco_L%C3%B3pez,paraguay,argentina
https://es.wikipedia.org/wiki/Francisco_Vergara_Azc%C3%A1rate,https://es.wikipedia.org/wiki/Crist%C3%B3bal_de_Vergara_Azc%C3%A1rate,ecuador,colombia
https://es.wikipedia.org/wiki/Francisco_Vergara_Azc%C3%A1rate,https://es.wikipedia.org/wiki/Felipe_de_Vergara_Azc%C3%A1rate,ecuador,colombia
https://es.wikipedia.org/wiki/Francisco_Vergara_Azc%C3%A1rate,https://es.wikipedia.org/wiki/Fernando_Vergara_Caicedo,ecuador,colombia
https://es.wikipedia.org/wiki/Francisco_Vergara_Azc%C3%A1rate,https://es.wikipedia.org/wiki/Francisco_Xavier_de_Vergara_Azc%C3%A1rate,ecuador,colombia
https://es.wikipedia.org/wiki/Francisco_Vergara_Azc%C3%A1rate,https://es.wikipedia.org/wiki/Jos%C3%A9_Sebasti%C3%A1n_de_Vergara_Azc%C3%A1rate_y_G%C3%B3mez_de_Sandoval,ecuador,colombia
https://es.wikipedia.org/wiki/Francisco_Vergara_Azc%C3%A1rate_y_Vela_Pati%C3%B1o,https://es.wikipedia.org/wiki/Crist%C3%B3bal_de_Vergara_Azc%C3%A1rate,ecuador,colombia
https://es.wikipedia.org/wiki/Francisco_Vergara_Azc%C3%A1rate_y_Vela_Pati%C3%B1o,https://es.wikipedia.org/wiki/Felipe_de_Vergara_Azc%C3%A1rate,ecuador,colombia
https://es.wikipedia.org/wiki/Francisco_Vergara_Azc%C3%A1rate_y_Vela_Pati%C3%B1o,https://es.wikipedia.org/wiki/Francisco_Xavier_Vergara,ecuador,colombia
https://es.wikipedia.org/wiki/Francisco_Vergara_Azc%C3%A1rate_y_Vela_Pati%C3%B1o,https://es.wikipedia.org/wiki/Francisco_Xavier_de_Vergara_Azc%C3%A1rate,ecuador,colombia
https://es.wikipedia.org/wiki/Francisco_Vergara_Azc%C3%A1rate_y_Vela_Pati%C3%B1o,https://es.wikipedia.org/wiki/Jos%C3%A9_Sebasti%C3%A1n_de_Vergara_Azc%C3%A1rate_y_G%C3%B3mez_de_Sandoval,ecuador,colombia
https://es.wikipedia.org/wiki/Francisco_Vergara_Mayorga,https://es.wikipedia.org/wiki/Antonio_de_Vergara_Azc%C3%A1rate_y_D%C3%A1vila,colombia,chile
https://es.wikipedia.org/wiki/Francisco_de_Acu%C3%B1a,https://es.wikipedia.org/wiki/P%C3%ADo_Isaac_Acu%C3%B1a,colombia,argentina
https://es.wikipedia.org/wiki/Francisco_de_Borja_y_Arag%C3%B3n,https://es.wikipedia.org/wiki/Squillace,peru,colombia
https://es.wikipedia.org/wiki/Francisco_de_Paula_Andrade_Troconis,https://es.wikipedia.org/wiki/Josefa_Andrade_Berti,venezuela,colombia
https://es.wikipedia.org/wiki/Francisco_de_Valverde_y_%C3%81lvarez_de_Toledo,https://es.wikipedia.org/wiki/Francisco_de_Valverde_y_Montalvo,argentina,peru
https://es.wikipedia.org/wiki/Francisco_de_Valverde_y_Montalvo,https://es.wikipedia.org/wiki/Francisco_de_Valverde_y_%C3%81lvarez_de_Toledo,peru,argentina
https://es.wikipedia.org/wiki/Francisco_de_Vergara_Azc%C3%A1rate,https://es.wikipedia.org/wiki/Crist%C3%B3bal_de_Vergara_Azc%C3%A1rate,ecuador,colombia
https://es.wikipedia.org/wiki/Francisco_de_Vergara_Azc%C3%A1rate,https://es.wikipedia.org/wiki/Felipe_de_Vergara_Azc%C3%A1rate,ecuador,colombia
https://es.wikipedia.org/wiki/Francisco_de_Vergara_Azc%C3%A1rate,https://es.wikipedia.org/wiki/Francisco_Xavier_de_Vergara_Azc%C3%A1rate,ecuador,colombia
https://es.wikipedia.org/wiki/Francisco_de_Vergara_Azc%C3%A1rate,https://es.wikipedia.org/wiki/Jos%C3%A9_Sebasti%C3%A1n_de_Vergara_Azc%C3%A1rate_y_G%C3%B3mez_de_Sandoval,ecuador,colombia
https://es.wikipedia.org/wiki/Francisco_de_Vergara_Azc%C3%A1rate_Mayorga_y_Olmos,https://es.wikipedia.org/wiki/Antonio_de_Vergara_Azc%C3%A1rate_y_D%C3%A1vila,colombia,chile
https://es.wikipedia.org/wiki/Francisco_de_Vergara_Azc%C3%A1rate_y_Sese%C3%B1a,https://es.wikipedia.org/wiki/Antonio_de_Vergara_Azc%C3%A1rate,colombia,chile
https://es.wikipedia.org/wiki/Francisco_de_Vergara_Azc%C3%A1rate_y_Sese%C3%B1a,https://es.wikipedia.org/wiki/Antonio_de_Vergara_Azc%C3%A1rate_y_D%C3%A1vila,colombia,chile
https://es.wikipedia.org/wiki/Gabriel_Reyes-Patria,https://es.wikipedia.org/wiki/Juan_Jos%C3%A9_Reyes-Patria_Escobar,peru,colombia
https://es.wikipedia.org/wiki/Gabriel_Reyes-Patria_Valderrama,https://es.wikipedia.org/wiki/Juan_Jos%C3%A9_Reyes-Patria_Escobar,peru,colombia
https://es.wikipedia.org/wiki/Gabriel_Reyes-Patria_Valderrama,https://es.wikipedia.org/wiki/Juan_Jos%C3%A9_Reyes_Patria,peru,colombia
https://es.wikipedia.org/wiki/Gabriela_Velasco,https://es.wikipedia.org/wiki/Bigote_Arrocet,chile,argentina
https://es.wikipedia.org/wiki/Genaro_Castro_Iglesias,https://es.wikipedia.org/wiki/Mariano_Castro_Zald%C3%ADvar,peru,chile
https://es.wikipedia.org/wiki/Genoveva_Ricaurte_Mauris,https://es.wikipedia.org/wiki/Antonio_Par%C3%ADs_Ricaurte,colombia,venezuela
https://es.wikipedia.org/wiki/Gerard_Piqu%C3%A9,https://es.wikipedia.org/wiki/Shakira,argentina,colombia
https://es.wikipedia.org/wiki/Gianella_Neyra,https://es.wikipedia.org/wiki/Segundo_Cernadas,peru,argentina
https://es.wikipedia.org/wiki/Gloria_Valencia_de_Casta%C3%B1o,https://es.wikipedia.org/wiki/Rodrigo_Casta%C3%B1o,colombia,mexico
https://es.wikipedia.org/wiki/Gloria_Zea,https://es.wikipedia.org/wiki/Fernando_Botero_Zea,colombia,mexico
https://es.wikipedia.org/wiki/Gonzalo_Alegr%C3%ADa,https://es.wikipedia.org/wiki/Dora_Varona,peru,chile
https://es.wikipedia.org/wiki/Gonzalo_Men%C3%A9ndez,https://es.wikipedia.org/wiki/Carmen_Ib%C3%A1%C3%B1ez,chile,argentina
https://es.wikipedia.org/wiki/Gonzalo_Men%C3%A9ndez_Duque,https://es.wikipedia.org/wiki/Carmen_Ib%C3%A1%C3%B1ez,chile,argentina
https://es.wikipedia.org/wiki/Gonzalo_Pizarro,https://es.wikipedia.org/wiki/Gonzalo_Pizarro_Rodr%C3%ADguez_de_Aguilar,peru,chile
https://es.wikipedia.org/wiki/Gonzalo_Pizarro_Rodr%C3%ADguez_de_Aguilar,https://es.wikipedia.org/wiki/Francisco_Pizarro,chile,peru
https://es.wikipedia.org/wiki/Gonzalo_Pizarro_Rodr%C3%ADguez_de_Aguilar,https://es.wikipedia.org/wiki/Gonzalo_Pizarro,chile,peru
https://es.wikipedia.org/wiki/Gonzalo_Pizarro_Rodr%C3%ADguez_de_Aguilar,https://es.wikipedia.org/wiki/Hernando_Pizarro,chile,peru
https://es.wikipedia.org/wiki/Gonzalo_Pizarro_Rodr%C3%ADguez_de_Aguilar,https://es.wikipedia.org/wiki/Juan_Pizarro,chile,peru
https://es.wikipedia.org/wiki/Gregoria_Matorras,https://es.wikipedia.org/wiki/Juan_Ferm%C3%ADn_de_San_Mart%C3%ADn,argentina,peru
https://es.wikipedia.org/wiki/Guillermo_Seoane,https://es.wikipedia.org/wiki/Edgardo_Seoane,peru,mexico
https://es.wikipedia.org/wiki/Guillermo_Seoane,https://es.wikipedia.org/wiki/Edgardo_Seoane_Corrales,peru,mexico
https://es.wikipedia.org/wiki/Guillermo_Thornberry,https://es.wikipedia.org/wiki/Elvia_Barrios,chile,peru
https://es.wikipedia.org/wiki/Guillermo_Thornberry_Villar%C3%A1n,https://es.wikipedia.org/wiki/Elvia_Barrios,chile,peru
https://es.wikipedia.org/wiki/Gustavo_Cisneros,https://es.wikipedia.org/wiki/Patricia_Phelps_de_Cisneros,venezuela,argentina
https://es.wikipedia.org/wiki/Gustavo_Petro,https://es.wikipedia.org/wiki/Nicol%C3%A1s_Petro,argentina,colombia
https://es.wikipedia.org/wiki/Gustavo_Petro,https://es.wikipedia.org/wiki/Ver%C3%B3nica_Alcocer,argentina,colombia
https://es.wikipedia.org/wiki/H%C3%A9ctor_Guti%C3%A9rrez_Ruiz,https://es.wikipedia.org/wiki/Matilde_Rodr%C3%ADguez_Larreta,argentina,uruguay
https://es.wikipedia.org/wiki/H%C3%A9ctor_Velarde_Bergmann,https://es.wikipedia.org/wiki/Hern%C3%A1n_Velarde,peru,argentina
https://es.wikipedia.org/wiki/Henrique_Arboleda_Cort%C3%A9s,https://es.wikipedia.org/wiki/Julio_Arboleda,peru,colombia
https://es.wikipedia.org/wiki/Hern%C3%A1n_Cort%C3%A9s,https://es.wikipedia.org/wiki/Catalina_Su%C3%A1rez_Marcayda,mexico,chile
https://es.wikipedia.org/wiki/Hern%C3%A1n_Cort%C3%A9s,https://es.wikipedia.org/wiki/Isabel_Moctezuma_Tecuichpo_Ixcaxochitzin,mexico,chile
https://es.wikipedia.org/wiki/Hern%C3%A1n_Cort%C3%A9s,https://es.wikipedia.org/wiki/Mart%C3%ADn_Cort%C3%A9s_(el_mestizo,mexico,chile
https://es.wikipedia.org/wiki/Hern%C3%A1n_Cort%C3%A9s,https://es.wikipedia.org/wiki/Mart%C3%ADn_Cort%C3%A9s_Z%C3%BA%C3%B1iga,mexico,chile
https://es.wikipedia.org/wiki/Hern%C3%A1n_Velarde,https://es.wikipedia.org/wiki/H%C3%A9ctor_Velarde_Bergmann,argentina,peru
https://es.wikipedia.org/wiki/Hern%C3%A1n_Velarde,https://es.wikipedia.org/wiki/Manuel_Velarde_Seoane,argentina,peru
https://es.wikipedia.org/wiki/Hernando_Pastrana,https://es.wikipedia.org/wiki/Misael_Pastrana_Pastrana,argentina,colombia
https://es.wikipedia.org/wiki/Hernando_Pizarro,https://es.wikipedia.org/wiki/Gonzalo_Pizarro_Rodr%C3%ADguez_de_Aguilar,peru,chile
https://es.wikipedia.org/wiki/Hilda_Gadea,https://es.wikipedia.org/wiki/Che_Guevara,peru,argentina
https://es.wikipedia.org/wiki/Horacio_Walker,https://es.wikipedia.org/wiki/Joaqu%C3%ADn_Walker_Mart%C3%ADnez,chile,argentina
https://es.wikipedia.org/wiki/Huayna_C%C3%A1pac,https://es.wikipedia.org/wiki/Hu%C3%A1scar,chile,peru
https://es.wikipedia.org/wiki/Huayna_C%C3%A1pac,https://es.wikipedia.org/wiki/Quispe_Sisa,chile,peru
https://es.wikipedia.org/wiki/Humberto_Zurita,https://es.wikipedia.org/wiki/Christian_Bach,mexico,argentina
https://es.wikipedia.org/wiki/Ignacio_Carrera_Pinto,https://es.wikipedia.org/wiki/Jos%C3%A9_Miguel_Carrera_Fontecilla,chile,argentina
https://es.wikipedia.org/wiki/Ignacio_Jos%C3%A9_de_Lizarzaburu,https://es.wikipedia.org/wiki/Jos%C3%A9_Antonio_de_Lizarzaburu,colombia,ecuador
https://es.wikipedia.org/wiki/Ignacio_Jos%C3%A9_de_Lizarzaburu,https://es.wikipedia.org/wiki/Pedro_Ignacio_Lizarzaburu,colombia,ecuador
https://es.wikipedia.org/wiki/Ignacio_Sanz_de_Santamar%C3%ADa_y_G%C3%B3mez_de_Salazar,https://es.wikipedia.org/wiki/Nicol%C3%A1s_Sanz_de_Santamar%C3%ADa,colombia,chile
https://es.wikipedia.org/wiki/Ignacio_de_la_Torre_y_Mier,https://es.wikipedia.org/wiki/Amada_D%C3%ADaz,chile,mexico
https://es.wikipedia.org/wiki/Ina_Andrade,https://es.wikipedia.org/wiki/Antauro_Humala,peru,chile
https://es.wikipedia.org/wiki/Inda_Ledesma,https://es.wikipedia.org/wiki/Sebasti%C3%A1n_Salazar_Bondy,argentina,peru
https://es.wikipedia.org/wiki/Isaac_Garza_Garza,https://es.wikipedia.org/wiki/Rosario_Garza_Sada,mexico,argentina
https://es.wikipedia.org/wiki/Isaac_Gilinski_Sragowicz,https://es.wikipedia.org/wiki/Jaime_Gilinski_Bacal,colombia,peru
https://es.wikipedia.org/wiki/Isaac_Humala,https://es.wikipedia.org/wiki/Antauro_Humala,peru,chile
https://es.wikipedia.org/wiki/Isabel_Moctezuma_Tecuichpo_Ixcaxochitzin,https://es.wikipedia.org/wiki/Hern%C3%A1n_Cort%C3%A9s,chile,mexico
https://es.wikipedia.org/wiki/Isabel_Preysler,https://es.wikipedia.org/wiki/Carlos_Falc%C3%B3,peru,argentina
https://es.wikipedia.org/wiki/Isabel_de_Silva_y_Carvajal,https://es.wikipedia.org/wiki/Ducado_de_San_Carlos,chile,peru
https://es.wikipedia.org/wiki/Iv%C3%A1n_Moreira,https://es.wikipedia.org/wiki/Carmen_Ib%C3%A1%C3%B1ez,chile,argentina
https://es.wikipedia.org/wiki/Ivana_Yturbe,https://es.wikipedia.org/wiki/Beto_da_Silva,chile,peru
https://es.wikipedia.org/wiki/Ivana_Yturbe,https://es.wikipedia.org/wiki/Jefferson_Farf%C3%A1n,chile,peru
https://es.wikipedia.org/wiki/Jaime_Garza,https://es.wikipedia.org/wiki/Natalia_Toledo_Paz,mexico,argentina
https://es.wikipedia.org/wiki/Jaime_Gilinski_Bacal,https://es.wikipedia.org/wiki/Isaac_Gilinski_Sragowicz,peru,colombia
https://es.wikipedia.org/wiki/Javier_Err%C3%A1zuriz_Echaurren,https://es.wikipedia.org/wiki/Federico_Err%C3%A1zuriz_Za%C3%B1artu,chile,argentina
https://es.wikipedia.org/wiki/Javier_Prado_y_Ugarteche,https://es.wikipedia.org/wiki/Mariano_Ignacio_Prado,argentina,peru
https://es.wikipedia.org/wiki/Javier_Ru%C3%A1n,https://es.wikipedia.org/wiki/Dalia_In%C3%A9s,mexico,argentina
https://es.wikipedia.org/wiki/Jefferson_Farf%C3%A1n,https://es.wikipedia.org/wiki/Ivana_Yturbe,peru,chile
https://es.wikipedia.org/wiki/Joaqu%C3%ADn_Godoy_Ib%C3%A1%C3%B1ez,https://es.wikipedia.org/wiki/Carmen_Ib%C3%A1%C3%B1ez,chile,argentina
https://es.wikipedia.org/wiki/Joaqu%C3%ADn_Prieto,https://es.wikipedia.org/wiki/Manuela_Warnes_y_Garc%C3%ADa_de_Z%C3%BA%C3%B1iga,chile,argentina
https://es.wikipedia.org/wiki/Joaqu%C3%ADn_Prieto_Warnes,https://es.wikipedia.org/wiki/Manuela_Warnes,chile,argentina
https://es.wikipedia.org/wiki/Joaqu%C3%ADn_Walker_Mart%C3%ADnez,https://es.wikipedia.org/wiki/Horacio_Walker,argentina,chile
https://es.wikipedia.org/wiki/Jonathan_Freudman,https://es.wikipedia.org/wiki/Carolina_Mestrovic,venezuela,argentina
https://es.wikipedia.org/wiki/Jorge_Astaburuaga_Vergara,https://es.wikipedia.org/wiki/Francisco_Astaburuaga_Cienfuegos,chile,argentina
https://es.wikipedia.org/wiki/Jorge_Batlle,https://es.wikipedia.org/wiki/Matilde_Ib%C3%A1%C3%B1ez,uruguay,argentina
https://es.wikipedia.org/wiki/Jorge_Batlle,https://es.wikipedia.org/wiki/Matilde_Ib%C3%A1%C3%B1ez_T%C3%A1lice,uruguay,argentina
https://es.wikipedia.org/wiki/Jorge_Batlle_Ib%C3%A1%C3%B1ez,https://es.wikipedia.org/wiki/Matilde_Ib%C3%A1%C3%B1ez,uruguay,argentina
https://es.wikipedia.org/wiki/Jorge_C%C3%A1rdenas_Nannetti,https://es.wikipedia.org/wiki/Juan_C%C3%A1rdenas_Arroyo,chile,colombia
https://es.wikipedia.org/wiki/Jorge_Holgu%C3%ADn,https://es.wikipedia.org/wiki/Cecilia_Arboleda_Mosquera,chile,colombia
https://es.wikipedia.org/wiki/Jorge_Holgu%C3%ADn,https://es.wikipedia.org/wiki/Cecilia_Arboleda_de_Holgu%C3%ADn,chile,colombia
https://es.wikipedia.org/wiki/Jorge_Holgu%C3%ADn,https://es.wikipedia.org/wiki/Julio_Holgu%C3%ADn_Arboleda,chile,colombia
https://es.wikipedia.org/wiki/Jorge_Holgu%C3%ADn,https://es.wikipedia.org/wiki/Vicente_Holgu%C3%ADn,chile,colombia
https://es.wikipedia.org/wiki/Jorge_Holgu%C3%ADn_Mallarino,https://es.wikipedia.org/wiki/Cecilia_Arboleda_Mosquera,chile,colombia
https://es.wikipedia.org/wiki/Jorge_Holgu%C3%ADn_Mallarino,https://es.wikipedia.org/wiki/Julio_Holgu%C3%ADn_Arboleda,chile,colombia
https://es.wikipedia.org/wiki/Jorge_Holgu%C3%ADn_Mallarino,https://es.wikipedia.org/wiki/Vicente_Holgu%C3%ADn,chile,colombia
https://es.wikipedia.org/wiki/Jos%C3%A9_Antonio_Manso_de_Velasco,https://es.wikipedia.org/wiki/Condado_de_Superunda,argentina,chile
https://es.wikipedia.org/wiki/Jos%C3%A9_Antonio_Viera-Gallo,https://es.wikipedia.org/wiki/Mar%C3%ADa_Teresa_Chadwick_Pi%C3%B1era,argentina,chile
https://es.wikipedia.org/wiki/Jos%C3%A9_Antonio_de_Lavalle,https://es.wikipedia.org/wiki/Jos%C3%A9_Antonio_de_Lavalle_y_Pardo,chile,peru
https://es.wikipedia.org/wiki/Jos%C3%A9_Antonio_de_Lavalle,https://es.wikipedia.org/wiki/Juan_Bautista_de_Lavalle,chile,peru
https://es.wikipedia.org/wiki/Jos%C3%A9_Antonio_de_Lavalle_y_Pardo,https://es.wikipedia.org/wiki/Jos%C3%A9_Antonio_de_Lavalle,peru,chile
https://es.wikipedia.org/wiki/Jos%C3%A9_Antonio_de_Lizarzaburu,https://es.wikipedia.org/wiki/Ignacio_Jos%C3%A9_de_Lizarzaburu,ecuador,colombia
https://es.wikipedia.org/wiki/Jos%C3%A9_Bernardo_S%C3%A1enz_de_Santamar%C3%ADa,https://es.wikipedia.org/wiki/Nicol%C3%A1s_Sanz_de_Santamar%C3%ADa,colombia,chile
https://es.wikipedia.org/wiki/Jos%C3%A9_Bernardo_de_Tagle,https://es.wikipedia.org/wiki/Mariana_Echevarr%C3%ADa_de_Santiago_y_Ulloa,peru,chile
https://es.wikipedia.org/wiki/Jos%C3%A9_Calzada_Rovirosa,https://es.wikipedia.org/wiki/Antonio_Calzada_Urqu%C3%ADza,chile,mexico
https://es.wikipedia.org/wiki/Jos%C3%A9_Carlos_Fulgencio_Pedro_Regalado_de_la_Riva_Ag%C3%BCero_y_Looz_Corswarem,https://es.wikipedia.org/wiki/Enrique_de_la_Riva_Ag%C3%BCero,chile,peru
https://es.wikipedia.org/wiki/Jos%C3%A9_Carlos_Fulgencio_Pedro_Regalado_de_la_Riva_Ag%C3%BCero_y_Looz_Corswarem,https://es.wikipedia.org/wiki/Jos%C3%A9_de_la_Riva-Ag%C3%BCero,chile,peru
https://es.wikipedia.org/wiki/Jos%C3%A9_Carlos_Fulgencio_Pedro_Regalado_de_la_Riva_Ag%C3%BCero_y_Looz_Corswarem,https://es.wikipedia.org/wiki/Jos%C3%A9_de_la_Riva_Ag%C3%BCero,chile,peru
https://es.wikipedia.org/wiki/Jos%C3%A9_Casimiro_Ulloa,https://es.wikipedia.org/wiki/Alberto_Ulloa_Cisneros,peru,argentina
https://es.wikipedia.org/wiki/Jos%C3%A9_Cayetano_Carre%C3%B1o,https://es.wikipedia.org/wiki/Manuel_Antonio_Carre%C3%B1o,venezuela,argentina
https://es.wikipedia.org/wiki/Jos%C3%A9_Joaqu%C3%ADn_Prieto,https://es.wikipedia.org/wiki/Manuela_Warnes,chile,argentina
https://es.wikipedia.org/wiki/Jos%C3%A9_Joaqu%C3%ADn_Prieto,https://es.wikipedia.org/wiki/Manuela_Warnes_y_Garc%C3%ADa_de_Z%C3%BA%C3%B1iga,chile,argentina
https://es.wikipedia.org/wiki/Jos%C3%A9_Joaqu%C3%ADn_Prieto_Vial,https://es.wikipedia.org/wiki/Manuela_Warnes_y_Garc%C3%ADa_de_Z%C3%BA%C3%B1iga,chile,argentina
https://es.wikipedia.org/wiki/Jos%C3%A9_Leocadio_de_Llona_y_Rivera,https://es.wikipedia.org/wiki/Numa_Pompilio_Llona,peru,ecuador
https://es.wikipedia.org/wiki/Jos%C3%A9_Mar%C3%ADa_Arguedas,https://es.wikipedia.org/wiki/Sybila_Arredondo,peru,chile
https://es.wikipedia.org/wiki/Jos%C3%A9_Mart%C3%ADn_Par%C3%ADs_%C3%81lvarez,https://es.wikipedia.org/wiki/Antonio_Par%C3%ADs_Ricaurte,colombia,venezuela
https://es.wikipedia.org/wiki/Jos%C3%A9_Miguel_Carrera,https://es.wikipedia.org/wiki/Jos%C3%A9_Miguel_Carrera_Fontecilla,chile,argentina
https://es.wikipedia.org/wiki/Jos%C3%A9_Miguel_Carrera_Fontecilla,https://es.wikipedia.org/wiki/Ignacio_Carrera_Pinto,argentina,chile
https://es.wikipedia.org/wiki/Jos%C3%A9_Miguel_Carrera_Fontecilla,https://es.wikipedia.org/wiki/Jos%C3%A9_Miguel_Carrera_Verdugo,argentina,chile
https://es.wikipedia.org/wiki/Jos%C3%A9_Miguel_Carrera_Fontecilla,https://es.wikipedia.org/wiki/Mercedes_Fontecilla,argentina,chile
https://es.wikipedia.org/wiki/Jos%C3%A9_Miguel_Carrera_Verdugo,https://es.wikipedia.org/wiki/Jos%C3%A9_Miguel_Carrera_Fontecilla,chile,argentina
https://es.wikipedia.org/wiki/Jos%C3%A9_Olaguer_Feli%C3%BA_y_Azcu%C3%A9naga,https://es.wikipedia.org/wiki/Antonio_Olaguer_Feli%C3%BA,argentina,uruguay
https://es.wikipedia.org/wiki/Jos%C3%A9_Prieto_de_Salazar,https://es.wikipedia.org/wiki/Tom%C3%A1s_Prieto_de_Salazar,chile,colombia
https://es.wikipedia.org/wiki/Jos%C3%A9_Revueltas,https://es.wikipedia.org/wiki/Andrea_Revueltas,chile,mexico
https://es.wikipedia.org/wiki/Jos%C3%A9_Revueltas,https://es.wikipedia.org/wiki/Olivia_Revueltas,chile,mexico
https://es.wikipedia.org/wiki/Jos%C3%A9_Sanz_de_Santamar%C3%ADa,https://es.wikipedia.org/wiki/Francisco_Sanz_de_Santamar%C3%ADa,colombia,chile
https://es.wikipedia.org/wiki/Jos%C3%A9_Sebasti%C3%A1n_de_Vergara_Azc%C3%A1rate_y_G%C3%B3mez_de_Sandoval,https://es.wikipedia.org/wiki/Francisco_Javier_de_Vergara_Azc%C3%A1rate_Vela_Pati%C3%B1o_y_Sandoval,ecuador,colombia
https://es.wikipedia.org/wiki/Jos%C3%A9_Sebasti%C3%A1n_de_Vergara_Azc%C3%A1rate_y_G%C3%B3mez_de_Sandoval,https://es.wikipedia.org/wiki/Francisco_Vergara_Azc%C3%A1rate,ecuador,colombia
https://es.wikipedia.org/wiki/Jos%C3%A9_Sebasti%C3%A1n_de_Vergara_Azc%C3%A1rate_y_G%C3%B3mez_de_Sandoval,https://es.wikipedia.org/wiki/Francisco_Vergara_Azc%C3%A1rate_y_Vela_Pati%C3%B1o,ecuador,colombia
https://es.wikipedia.org/wiki/Jos%C3%A9_Sebasti%C3%A1n_de_Vergara_Azc%C3%A1rate_y_G%C3%B3mez_de_Sandoval,https://es.wikipedia.org/wiki/Francisco_de_Vergara_Azc%C3%A1rate,ecuador,colombia
https://es.wikipedia.org/wiki/Jos%C3%A9_Sebasti%C3%A1n_de_Vergara_Azc%C3%A1rate_y_G%C3%B3mez_de_Sandoval,https://es.wikipedia.org/wiki/Francisco_de_Vergara_Azc%C3%A1rate_Mayorga_y_Olmos,ecuador,colombia
https://es.wikipedia.org/wiki/Jos%C3%A9_Tola,https://es.wikipedia.org/wiki/Fernando_Tola_Mendoza,peru,argentina
https://es.wikipedia.org/wiki/Jos%C3%A9_Vicente_Concha,https://es.wikipedia.org/wiki/Luis_Concha_C%C3%B3rdoba,colombia,argentina
https://es.wikipedia.org/wiki/Jos%C3%A9_Vicente_G%C3%B3mez_Bello,https://es.wikipedia.org/wiki/Juan_Vicente_G%C3%B3mez,colombia,venezuela
https://es.wikipedia.org/wiki/Jos%C3%A9_de_la_Riva-Ag%C3%BCero,https://es.wikipedia.org/wiki/Jos%C3%A9_Carlos_Fulgencio_Pedro_Regalado_de_la_Riva_Ag%C3%BCero_y_Looz_Corswarem,peru,chile
https://es.wikipedia.org/wiki/Jos%C3%A9_de_la_Riva_Ag%C3%BCero,https://es.wikipedia.org/wiki/Jos%C3%A9_Carlos_Fulgencio_Pedro_Regalado_de_la_Riva_Ag%C3%BCero_y_Looz_Corswarem,peru,chile
https://es.wikipedia.org/wiki/Jos%C3%A9_de_la_Riva_Ag%C3%BCero,https://es.wikipedia.org/wiki/Jos%C3%A9_de_la_Riva_Ag%C3%BCero_y_Looz_Corswarem,peru,chile
https://es.wikipedia.org/wiki/Jos%C3%A9_de_la_Riva_Ag%C3%BCero_y_Looz_Corswarem,https://es.wikipedia.org/wiki/Enrique_de_la_Riva_Ag%C3%BCero,chile,peru
https://es.wikipedia.org/wiki/Jos%C3%A9_de_la_Riva_Ag%C3%BCero_y_Looz_Corswarem,https://es.wikipedia.org/wiki/Jos%C3%A9_de_la_Riva_Ag%C3%BCero,chile,peru
https://es.wikipedia.org/wiki/Josefa_Andrade_Berti,https://es.wikipedia.org/wiki/Francisco_de_Paula_Andrade_Troconis,colombia,venezuela
https://es.wikipedia.org/wiki/Juan_Agust%C3%ADn_Bol%C3%ADvar,https://es.wikipedia.org/wiki/Juan_Vicente_Bol%C3%ADvar_y_Ponte,chile,venezuela
https://es.wikipedia.org/wiki/Juan_Antonio_Lavalleja,https://es.wikipedia.org/wiki/Ana_Monterroso,uruguay,argentina
https://es.wikipedia.org/wiki/Juan_Bautista_El%C3%A9spuru,https://es.wikipedia.org/wiki/Norberto_El%C3%A9spuru,chile,peru
https://es.wikipedia.org/wiki/Juan_Bautista_de_Lavalle,https://es.wikipedia.org/wiki/Jos%C3%A9_Antonio_de_Lavalle,peru,chile
https://es.wikipedia.org/wiki/Juan_C%C3%A1rdenas_Arroyo,https://es.wikipedia.org/wiki/Jorge_C%C3%A1rdenas_Nannetti,colombia,chile
https://es.wikipedia.org/wiki/Juan_Carlos_Bistoto,https://es.wikipedia.org/wiki/Nelly_Meruane,argentina,chile
https://es.wikipedia.org/wiki/Juan_Cris%C3%B3stomo_Torrico,https://es.wikipedia.org/wiki/Rufino_Torrico,peru,chile
https://es.wikipedia.org/wiki/Juan_Federico_Elmore,https://es.wikipedia.org/wiki/Federico_Elmore,argentina,chile
https://es.wikipedia.org/wiki/Juan_Ferm%C3%ADn_de_San_Mart%C3%ADn,https://es.wikipedia.org/wiki/Gregoria_Matorras,peru,argentina
https://es.wikipedia.org/wiki/Juan_Ferm%C3%ADn_de_San_Mart%C3%ADn,https://es.wikipedia.org/wiki/Juan_de_San_Mart%C3%ADn,peru,argentina
https://es.wikipedia.org/wiki/Juan_Francisco_L%C3%B3pez,https://es.wikipedia.org/wiki/Elisa_Alicia_Lynch,argentina,paraguay
https://es.wikipedia.org/wiki/Juan_Francisco_L%C3%B3pez,https://es.wikipedia.org/wiki/Francisco_Solano_L%C3%B3pez,argentina,paraguay
https://es.wikipedia.org/wiki/Juan_Francisco_Sans,https://es.wikipedia.org/wiki/Mariantonia_Palacios,colombia,venezuela
https://es.wikipedia.org/wiki/Juan_Francisco_de_Leyva_y_de_la_Cerda,https://es.wikipedia.org/wiki/Condado_de_Ba%C3%B1os,mexico,colombia
https://es.wikipedia.org/wiki/Juan_Jos%C3%A9_Fern%C3%A1ndez-Campero_de_Herrera,https://es.wikipedia.org/wiki/Manuela_Micaela_Ignacia_Fern%C3%A1ndez-Campero,bolivia,argentina
https://es.wikipedia.org/wiki/Juan_Jos%C3%A9_Gervasio_Fern%C3%A1ndez-Campero,https://es.wikipedia.org/wiki/Juan_Jos%C3%A9_Feliciano_Fern%C3%A1ndez_Campero,bolivia,argentina
https://es.wikipedia.org/wiki/Juan_Jos%C3%A9_Gervasio_Fern%C3%A1ndez-Campero,https://es.wikipedia.org/wiki/Manuela_Micaela_Ignacia_Fern%C3%A1ndez-Campero,bolivia,argentina
https://es.wikipedia.org/wiki/Juan_Jos%C3%A9_Reyes-Patria_Escobar,https://es.wikipedia.org/wiki/Gabriel_Reyes-Patria,colombia,peru
https://es.wikipedia.org/wiki/Juan_Jos%C3%A9_Reyes-Patria_Escobar,https://es.wikipedia.org/wiki/Gabriel_Reyes-Patria_Valderrama,colombia,peru
https://es.wikipedia.org/wiki/Juan_Jos%C3%A9_Reyes_Patria,https://es.wikipedia.org/wiki/Gabriel_Reyes-Patria_Valderrama,colombia,peru
https://es.wikipedia.org/wiki/Juan_Jos%C3%A9_de_Aliaga_y_Santa_Cruz,https://es.wikipedia.org/wiki/Sebasti%C3%A1n_de_Aliaga_y_Colmenares,peru,argentina
https://es.wikipedia.org/wiki/Juan_Manuel_Grau_y_Berr%C3%ADo,https://es.wikipedia.org/wiki/Enrique_Grau_Seminario,chile,peru
https://es.wikipedia.org/wiki/Juan_Parra_del_Riego,https://es.wikipedia.org/wiki/Blanca_Luz_Brum,peru,chile
https://es.wikipedia.org/wiki/Juan_Pizarro,https://es.wikipedia.org/wiki/Gonzalo_Pizarro_Rodr%C3%ADguez_de_Aguilar,peru,chile
https://es.wikipedia.org/wiki/Juan_Samper_Sordo,https://es.wikipedia.org/wiki/Antonio_Samper_Uribe,argentina,colombia
https://es.wikipedia.org/wiki/Juan_Vicente_Bol%C3%ADvar_y_Ponte,https://es.wikipedia.org/wiki/Juan_Agust%C3%ADn_Bol%C3%ADvar,venezuela,chile
https://es.wikipedia.org/wiki/Juan_Vicente_Bol%C3%ADvar_y_Ponte,https://es.wikipedia.org/wiki/Sim%C3%B3n_Bol%C3%ADvar,venezuela,mexico
https://es.wikipedia.org/wiki/Juan_Vicente_G%C3%B3mez,https://es.wikipedia.org/wiki/Jos%C3%A9_Vicente_G%C3%B3mez_Bello,venezuela,colombia
https://es.wikipedia.org/wiki/Juan_de_Betanzos,https://es.wikipedia.org/wiki/Cuxirimay_Ocllo,peru,mexico
https://es.wikipedia.org/wiki/Juan_de_San_Mart%C3%ADn,https://es.wikipedia.org/wiki/Juan_Ferm%C3%ADn_de_San_Mart%C3%ADn,argentina,peru
https://es.wikipedia.org/wiki/Juan_de_San_Mart%C3%ADn_y_G%C3%B3mez,https://es.wikipedia.org/wiki/Juan_Ferm%C3%ADn_de_San_Mart%C3%ADn,argentina,peru
https://es.wikipedia.org/wiki/Juan_de_Tolosa,https://es.wikipedia.org/wiki/Leonor_Cort%C3%A9s_Moctezuma,chile,mexico
https://es.wikipedia.org/wiki/Juana_Manuela_Gorriti,https://es.wikipedia.org/wiki/Manuel_Isidoro_Belzu,argentina,bolivia
https://es.wikipedia.org/wiki/Juana_Manuela_Gorriti,https://es.wikipedia.org/wiki/Mercedes_Belz%C3%BA_de_Dorado,argentina,peru
https://es.wikipedia.org/wiki/Julia_Pou,https://es.wikipedia.org/wiki/Luis_Alberto_Lacalle_Pou,uruguay,argentina
https://es.wikipedia.org/wiki/Julia_Urquidi_Illanes,https://es.wikipedia.org/wiki/Mario_Vargas_Llosa,bolivia,peru
https://es.wikipedia.org/wiki/Julio_Arboleda,https://es.wikipedia.org/wiki/Henrique_Arboleda_Cort%C3%A9s,colombia,peru
https://es.wikipedia.org/wiki/Julio_Arboleda_Pombo,https://es.wikipedia.org/wiki/Henrique_Arboleda_Cort%C3%A9s,colombia,peru
https://es.wikipedia.org/wiki/Julio_Holgu%C3%ADn_Arboleda,https://es.wikipedia.org/wiki/Jorge_Holgu%C3%ADn_Mallarino,colombia,chile
https://es.wikipedia.org/wiki/Justo_Sierra_M%C3%A9ndez,https://es.wikipedia.org/wiki/Justo_Sierra_O%27Reilly,mexico,chile
https://es.wikipedia.org/wiki/Justo_Sierra_O%27Reilly,https://es.wikipedia.org/wiki/Justo_Sierra_M%C3%A9ndez,chile,mexico
https://es.wikipedia.org/wiki/Justo_Sierra_O%27Reilly,https://es.wikipedia.org/wiki/Manuel_Jos%C3%A9_Sierra_M%C3%A9ndez,chile,mexico
https://es.wikipedia.org/wiki/Ladislao_Err%C3%A1zuriz_Echaurren,https://es.wikipedia.org/wiki/Federico_Err%C3%A1zuriz_Za%C3%B1artu,chile,argentina
https://es.wikipedia.org/wiki/Lastenia_Larriva,https://es.wikipedia.org/wiki/Numa_Pompilio_Llona,peru,ecuador
https://es.wikipedia.org/wiki/Laura_Vicu%C3%B1a,https://es.wikipedia.org/wiki/Mar%C3%ADa_Mercedes_Pino_Ch%C3%A1vez,argentina,chile
https://es.wikipedia.org/wiki/Le%C3%B3n_Febres-Cordero_Ribadeneyra,https://es.wikipedia.org/wiki/Mar%C3%ADa_Eugenia_Cordovez_Pont%C3%B3n,ecuador,peru
https://es.wikipedia.org/wiki/Leoncio_Prado,https://es.wikipedia.org/wiki/Mariano_Ignacio_Prado,chile,peru
https://es.wikipedia.org/wiki/Leoncio_Prado_Guti%C3%A9rrez,https://es.wikipedia.org/wiki/Mariano_Ignacio_Prado,chile,peru
https://es.wikipedia.org/wiki/Leonidas_Yerovi,https://es.wikipedia.org/wiki/Leonidas_Yerovi_%28hijo%29,chile,peru
https://es.wikipedia.org/wiki/Leonidas_Yerovi_%28hijo%29,https://es.wikipedia.org/wiki/Leonidas_Yerovi,peru,chile
https://es.wikipedia.org/wiki/Leonor_Cort%C3%A9s_Moctezuma,https://es.wikipedia.org/wiki/Isabel_Moctezuma_Tecuichpo_Ixcaxochitzin,mexico,chile
https://es.wikipedia.org/wiki/Leonor_Cort%C3%A9s_Moctezuma,https://es.wikipedia.org/wiki/Juan_de_Tolosa,mexico,chile
https://es.wikipedia.org/wiki/Liliana_Garc%C3%ADa,https://es.wikipedia.org/wiki/H%C3%A9ctor_Guido,uruguay,chile
https://es.wikipedia.org/wiki/Liliana_Garc%C3%ADa,https://es.wikipedia.org/wiki/Mauricio_Pe%C5%A1uti%C4%87,uruguay,chile
https://es.wikipedia.org/wiki/Liliana_Garc%C3%ADa,https://es.wikipedia.org/wiki/Mauricio_Pesutic,uruguay,chile
https://es.wikipedia.org/wiki/Lilly_Caballero_de_Cueto,https://es.wikipedia.org/wiki/Alonso_Cueto,chile,peru
https://es.wikipedia.org/wiki/Lilly_Caballero_de_Cueto,https://es.wikipedia.org/wiki/Carlos_Cueto_Fernandini,chile,peru
https://es.wikipedia.org/wiki/Lilly_Caballero_de_Cueto,https://es.wikipedia.org/wiki/Marcos_Cueto,chile,peru
https://es.wikipedia.org/wiki/Luc%C3%ADa_Dammert,https://es.wikipedia.org/wiki/Manuel_Dammert_Ego-Aguirre,chile,peru
https://es.wikipedia.org/wiki/Luc%C3%ADa_Oxenford,https://es.wikipedia.org/wiki/Yvonne_Frayssinet,argentina,peru
https://es.wikipedia.org/wiki/Luciano_Urdaneta_Vargas,https://es.wikipedia.org/wiki/Dolores_Vargas_Par%C3%ADs,venezuela,colombia
https://es.wikipedia.org/wiki/Luciano_Urdaneta_Vargas,https://es.wikipedia.org/wiki/Rafael_Urdaneta,venezuela,colombia
https://es.wikipedia.org/wiki/Lucie_Rynning,https://es.wikipedia.org/wiki/Santiago_Ant%C3%BAnez_de_Mayolo,peru,chile
https://es.wikipedia.org/wiki/Lucie_Rynning,https://es.wikipedia.org/wiki/Santiago_Ant%C3%BAnez_de_Mayolo_Rynning,peru,chile
https://es.wikipedia.org/wiki/Luis_Batlle_Berres,https://es.wikipedia.org/wiki/Matilde_Ib%C3%A1%C3%B1ez_T%C3%A1lice,uruguay,argentina
https://es.wikipedia.org/wiki/Luis_Batlle_Ib%C3%A1%C3%B1ez,https://es.wikipedia.org/wiki/Matilde_Ib%C3%A1%C3%B1ez_T%C3%A1lice,uruguay,argentina
https://es.wikipedia.org/wiki/Luis_Caycedo_y_Fl%C3%B3rez,https://es.wikipedia.org/wiki/Domingo_Caycedo,ecuador,colombia
https://es.wikipedia.org/wiki/Luis_Caycedo_y_Fl%C3%B3rez,https://es.wikipedia.org/wiki/Fernando_Caycedo_Sanz_de_Santamar%C3%ADa,ecuador,colombia
https://es.wikipedia.org/wiki/Luis_Cisneros_Vizquerra,https://es.wikipedia.org/wiki/Luis_Fern%C3%A1n_Cisneros,argentina,peru
https://es.wikipedia.org/wiki/Luis_Cisneros_Vizquerra,https://es.wikipedia.org/wiki/Renato_Cisneros,argentina,peru
https://es.wikipedia.org/wiki/Luis_Concha_C%C3%B3rdoba,https://es.wikipedia.org/wiki/Jos%C3%A9_Vicente_Concha,argentina,colombia
https://es.wikipedia.org/wiki/Luis_Ferm%C3%ADn_de_Carvajal,https://es.wikipedia.org/wiki/Ferm%C3%ADn_Francisco_de_Carvajal_Vargas,peru,chile
https://es.wikipedia.org/wiki/Luis_Fern%C3%A1n_Cisneros,https://es.wikipedia.org/wiki/Luis_Cisneros_Vizquerra,peru,argentina
https://es.wikipedia.org/wiki/Luis_Fernan_Cisneros,https://es.wikipedia.org/wiki/Luis_Cisneros_Vizquerra,peru,argentina
https://es.wikipedia.org/wiki/Luis_Montt_Montt,https://es.wikipedia.org/wiki/Rosario_Montt,chile,argentina
https://es.wikipedia.org/wiki/Luisa_Garmendia,https://es.wikipedia.org/wiki/An%C3%ADbal_Pinto,argentina,chile
https://es.wikipedia.org/wiki/Luisa_Garmendia,https://es.wikipedia.org/wiki/An%C3%ADbal_Pinto_Garmendia,argentina,chile
https://es.wikipedia.org/wiki/Luisa_Garmendia,https://es.wikipedia.org/wiki/Enriqueta_Pinto,argentina,chile
https://es.wikipedia.org/wiki/Luisa_Garmendia,https://es.wikipedia.org/wiki/Francisco_Antonio_Pinto,argentina,chile
https://es.wikipedia.org/wiki/Luisa_Garmendia_Alurralde,https://es.wikipedia.org/wiki/An%C3%ADbal_Pinto,argentina,chile
https://es.wikipedia.org/wiki/Luisa_Garmendia_Alurralde,https://es.wikipedia.org/wiki/Enriqueta_Pinto,argentina,chile
https://es.wikipedia.org/wiki/Luisa_Garmendia_Alurralde,https://es.wikipedia.org/wiki/Francisco_Antonio_Pinto,argentina,chile
https://es.wikipedia.org/wiki/Magdalena_de_Guzm%C3%A1n,https://es.wikipedia.org/wiki/Marquesado_del_Valle_de_Oaxaca,chile,mexico
https://es.wikipedia.org/wiki/Manuel_%C3%81lvarez_Calder%C3%B3n,https://es.wikipedia.org/wiki/Nicanor_%C3%81lvarez-Calder%C3%B3n,chile,peru
https://es.wikipedia.org/wiki/Manuel_Amador_Guerrero,https://es.wikipedia.org/wiki/Manuel_Encarnaci%C3%B3n_Amador,colombia,chile
https://es.wikipedia.org/wiki/Manuel_Amador_Terreros,https://es.wikipedia.org/wiki/Manuel_Amador_Guerrero,chile,colombia
https://es.wikipedia.org/wiki/Manuel_Antonio_Carre%C3%B1o,https://es.wikipedia.org/wiki/Jos%C3%A9_Cayetano_Carre%C3%B1o,argentina,venezuela
https://es.wikipedia.org/wiki/Manuel_Antonio_Carre%C3%B1o,https://es.wikipedia.org/wiki/Teresa_Carre%C3%B1o,argentina,venezuela
https://es.wikipedia.org/wiki/Manuel_Augusto_Bedoya_Lerzundi,https://es.wikipedia.org/wiki/Manuel_Bedoya_Su%C3%A1rez,argentina,peru
https://es.wikipedia.org/wiki/Manuel_Bartolom%C3%A9_Ferreyros,https://es.wikipedia.org/wiki/Manuel_Ferreyros,peru,chile
https://es.wikipedia.org/wiki/Manuel_Bedoya_Su%C3%A1rez,https://es.wikipedia.org/wiki/Manuel_Augusto_Bedoya_Lerzundi,peru,argentina
https://es.wikipedia.org/wiki/Manuel_Camilo_Vial,https://es.wikipedia.org/wiki/Agust%C3%ADn_Vial_Santelices,argentina,chile
https://es.wikipedia.org/wiki/Manuel_Checa_Solari,https://es.wikipedia.org/wiki/Miguel_Antonio_Checa_Eguiguren,peru,chile
https://es.wikipedia.org/wiki/Manuel_Dammert_Ego-Aguirre,https://es.wikipedia.org/wiki/Luc%C3%ADa_Dammert,peru,chile
https://es.wikipedia.org/wiki/Manuel_Encarnaci%C3%B3n_Amador,https://es.wikipedia.org/wiki/Manuel_Amador_Guerrero,chile,colombia
https://es.wikipedia.org/wiki/Manuel_Ferreyros,https://es.wikipedia.org/wiki/Manuel_Bartolom%C3%A9_Ferreyros,chile,peru
https://es.wikipedia.org/wiki/Manuel_Isidoro_Belzu,https://es.wikipedia.org/wiki/Juana_Manuela_Gorriti,bolivia,argentina
https://es.wikipedia.org/wiki/Manuel_Isidoro_Belzu,https://es.wikipedia.org/wiki/Mercedes_Belz%C3%BA_Gorriti,bolivia,peru
https://es.wikipedia.org/wiki/Manuel_Jos%C3%A9_Sierra_M%C3%A9ndez,https://es.wikipedia.org/wiki/Justo_Sierra_O%27Reilly,mexico,chile
https://es.wikipedia.org/wiki/Manuel_Mar%C3%ADa_Mallarino,https://es.wikipedia.org/wiki/Mar%C3%ADa_Mercedes_Cabal,chile,mexico
https://es.wikipedia.org/wiki/Manuel_Mar%C3%ADa_Marc%C3%B3_del_Pont,https://es.wikipedia.org/wiki/Buenaventura_Marc%C3%B3_del_Pont,peru,argentina
https://es.wikipedia.org/wiki/Manuel_Montt,https://es.wikipedia.org/wiki/Rosario_Montt_Goyenechea,chile,argentina
https://es.wikipedia.org/wiki/Manuel_Mu%C3%B1oz_Borrero,https://es.wikipedia.org/wiki/Alberto_Mu%C3%B1oz_Vernaza,mexico,ecuador
https://es.wikipedia.org/wiki/Manuel_Odriozola_Romero,https://es.wikipedia.org/wiki/Manuel_de_Odriozola,peru,chile
https://es.wikipedia.org/wiki/Manuel_Olaguer_Feli%C3%BA_y_Azcu%C3%A9naga,https://es.wikipedia.org/wiki/Antonio_Olaguer_Feli%C3%BA,argentina,uruguay
https://es.wikipedia.org/wiki/Manuel_Quijano_Ord%C3%B3%C3%B1ez,https://es.wikipedia.org/wiki/Francisco_Jos%C3%A9_Quijano_Mosquera,colombia,peru
https://es.wikipedia.org/wiki/Manuel_Quijano_Ord%C3%B3%C3%B1ez,https://es.wikipedia.org/wiki/Francisco_Quijano_Mosquera,colombia,peru
https://es.wikipedia.org/wiki/Manuel_Quijano_Ord%C3%B3%C3%B1ez_de_Lara,https://es.wikipedia.org/wiki/Francisco_Jos%C3%A9_Quijano_Mosquera,colombia,peru
https://es.wikipedia.org/wiki/Manuel_Ulloa_El%C3%ADas,https://es.wikipedia.org/wiki/Alberto_Ulloa_Sotomayor,peru,chile
https://es.wikipedia.org/wiki/Manuel_Velarde_Seoane,https://es.wikipedia.org/wiki/Hern%C3%A1n_Velarde,peru,argentina
https://es.wikipedia.org/wiki/Manuel_Yrigoyen_Arias,https://es.wikipedia.org/wiki/Manuel_Yrigoyen_Diez_Canseco,chile,peru
https://es.wikipedia.org/wiki/Manuel_Yrigoyen_Arias,https://es.wikipedia.org/wiki/Pedro_Yrigoyen_Diez_Canseco,chile,peru
https://es.wikipedia.org/wiki/Manuel_Yrigoyen_Arias,https://es.wikipedia.org/wiki/Pedro_de_Yrigoyen_y_Loyola,chile,peru
https://es.wikipedia.org/wiki/Manuel_Yrigoyen_Diez_Canseco,https://es.wikipedia.org/wiki/Manuel_Yrigoyen_Arias,peru,chile
https://es.wikipedia.org/wiki/Manuel_de_Odriozola,https://es.wikipedia.org/wiki/Manuel_Odriozola_Romero,chile,peru
https://es.wikipedia.org/wiki/Manuela_Micaela_Ignacia_Fern%C3%A1ndez-Campero,https://es.wikipedia.org/wiki/Juan_Jos%C3%A9_Fern%C3%A1ndez-Campero_de_Herrera,bolivia,argentina
https://es.wikipedia.org/wiki/Manuela_Micaela_Ignacia_Fern%C3%A1ndez-Campero,https://es.wikipedia.org/wiki/Juan_Jos%C3%A9_Gervasio_Fern%C3%A1ndez-Campero,bolivia,argentina
https://es.wikipedia.org/wiki/Manuela_S%C3%A1enz,https://es.wikipedia.org/wiki/Sim%C3%B3n_Bol%C3%ADvar,ecuador,mexico
https://es.wikipedia.org/wiki/Manuela_Sanz_de_Santamar%C3%ADa,https://es.wikipedia.org/wiki/Francisco_Sanz_de_Santamar%C3%ADa,colombia,chile
https://es.wikipedia.org/wiki/Manuela_Warnes,https://es.wikipedia.org/wiki/Joaqu%C3%ADn_Prieto_Warnes,argentina,chile
https://es.wikipedia.org/wiki/Manuela_Warnes,https://es.wikipedia.org/wiki/Jos%C3%A9_Joaqu%C3%ADn_Prieto,argentina,chile
https://es.wikipedia.org/wiki/Manuela_Warnes_y_Garc%C3%ADa_de_Z%C3%BA%C3%B1iga,https://es.wikipedia.org/wiki/Joaqu%C3%ADn_Prieto,argentina,chile
https://es.wikipedia.org/wiki/Manuela_Warnes_y_Garc%C3%ADa_de_Z%C3%BA%C3%B1iga,https://es.wikipedia.org/wiki/Joaqu%C3%ADn_Prieto_Warnes,argentina,chile
https://es.wikipedia.org/wiki/Manuela_Warnes_y_Garc%C3%ADa_de_Z%C3%BA%C3%B1iga,https://es.wikipedia.org/wiki/Jos%C3%A9_Joaqu%C3%ADn_Prieto,argentina,chile
https://es.wikipedia.org/wiki/Manuela_Warnes_y_Garc%C3%ADa_de_Z%C3%BA%C3%B1iga,https://es.wikipedia.org/wiki/Jos%C3%A9_Joaqu%C3%ADn_Prieto_Vial,argentina,chile
https://es.wikipedia.org/wiki/Mar%C3%ADa_Err%C3%A1zuriz,https://es.wikipedia.org/wiki/Federico_Err%C3%A1zuriz_Za%C3%B1artu,chile,argentina
https://es.wikipedia.org/wiki/Mar%C3%ADa_Err%C3%A1zuriz_Echaurren,https://es.wikipedia.org/wiki/Federico_Err%C3%A1zuriz_Za%C3%B1artu,chile,argentina
https://es.wikipedia.org/wiki/Mar%C3%ADa_Eugenia_Cordovez_Pont%C3%B3n,https://es.wikipedia.org/wiki/Le%C3%B3n_Febres-Cordero_Ribadeneyra,peru,ecuador
https://es.wikipedia.org/wiki/Mar%C3%ADa_Gracia_Subercaseaux,https://es.wikipedia.org/wiki/Waldemar_M%C3%A9ndez,chile,argentina
https://es.wikipedia.org/wiki/Mar%C3%ADa_Jos%C3%A9_Zald%C3%ADvar,https://es.wikipedia.org/wiki/Adolfo_Zald%C3%ADvar,chile,argentina
https://es.wikipedia.org/wiki/Mar%C3%ADa_Jos%C3%A9_Zald%C3%ADvar,https://es.wikipedia.org/wiki/Adolfo_Zald%C3%ADvar_Larra%C3%ADn,chile,argentina
https://es.wikipedia.org/wiki/Mar%C3%ADa_Luisa_%C3%81lvarez_de_Toledo_y_Carreto,https://es.wikipedia.org/wiki/Leonor_Carreto,colombia,mexico
https://es.wikipedia.org/wiki/Mar%C3%ADa_Luisa_Godoy,https://es.wikipedia.org/wiki/Carmen_Ib%C3%A1%C3%B1ez,chile,argentina
https://es.wikipedia.org/wiki/Mar%C3%ADa_Mercedes_Cabal,https://es.wikipedia.org/wiki/Manuel_Mar%C3%ADa_Mallarino,mexico,chile
https://es.wikipedia.org/wiki/Mar%C3%ADa_Mercedes_Pino_Ch%C3%A1vez,https://es.wikipedia.org/wiki/Laura_Vicu%C3%B1a,chile,argentina
https://es.wikipedia.org/wiki/Mar%C3%ADa_Teresa_Campos,https://es.wikipedia.org/wiki/Bigote_Arrocet,chile,argentina
https://es.wikipedia.org/wiki/Mar%C3%ADa_Teresa_Chadwick_Pi%C3%B1era,https://es.wikipedia.org/wiki/Jos%C3%A9_Antonio_Viera-Gallo,chile,argentina
https://es.wikipedia.org/wiki/Mar%C3%ADa_Teresa_Garc%C3%A9s,https://es.wikipedia.org/wiki/Carlos_Garc%C3%A9s_C%C3%B3rdoba,colombia,argentina
https://es.wikipedia.org/wiki/Mar%C3%ADa_Teresa_Garc%C3%A9s_Lloreda,https://es.wikipedia.org/wiki/Carlos_Garc%C3%A9s_C%C3%B3rdoba,colombia,argentina
https://es.wikipedia.org/wiki/Mar%C3%ADa_Teresa_del_Toro,https://es.wikipedia.org/wiki/Sim%C3%B3n_Bol%C3%ADvar,venezuela,mexico
https://es.wikipedia.org/wiki/Mar%C3%ADa_Teresa_del_Toro_y_Alayza,https://es.wikipedia.org/wiki/Sim%C3%B3n_Bol%C3%ADvar,venezuela,mexico
https://es.wikipedia.org/wiki/Mar%C3%ADa_de_Silva_y_Carvajal,https://es.wikipedia.org/wiki/Ducado_de_San_Carlos,chile,peru
https://es.wikipedia.org/wiki/Mar%C3%ADa_de_la_Concepci%C3%B3n_Palacios_y_Blanco,https://es.wikipedia.org/wiki/Sim%C3%B3n_Bol%C3%ADvar,venezuela,mexico
https://es.wikipedia.org/wiki/Marcelo_Oxenford,https://es.wikipedia.org/wiki/Yvonne_Frayssinet,argentina,peru
https://es.wikipedia.org/wiki/Marcos_Cueto,https://es.wikipedia.org/wiki/Lilly_Caballero_de_Cueto,peru,chile
https://es.wikipedia.org/wiki/Mariana_Carcel%C3%A9n,https://es.wikipedia.org/wiki/Antonio_Jos%C3%A9_de_Sucre,venezuela,peru
https://es.wikipedia.org/wiki/Mariana_Echevarr%C3%ADa_de_Santiago_y_Ulloa,https://es.wikipedia.org/wiki/Jos%C3%A9_Bernardo_de_Tagle,chile,peru
https://es.wikipedia.org/wiki/Mariano_Castro_Taboada,https://es.wikipedia.org/wiki/Mariano_Castro_Zald%C3%ADvar,peru,chile
https://es.wikipedia.org/wiki/Mariano_Castro_Zald%C3%ADvar,https://es.wikipedia.org/wiki/Genaro_Castro_Iglesias,chile,peru
https://es.wikipedia.org/wiki/Mariano_Castro_Zald%C3%ADvar,https://es.wikipedia.org/wiki/Mariano_Castro_Taboada,chile,peru
https://es.wikipedia.org/wiki/Mariano_Castro_Zald%C3%ADvar,https://es.wikipedia.org/wiki/V%C3%ADctor_Castro_Iglesias,chile,peru
https://es.wikipedia.org/wiki/Mariano_Felipe_Paz_Sold%C3%A1n,https://es.wikipedia.org/wiki/Carlos_Paz_Sold%C3%A1n_y_Benavides,chile,peru
https://es.wikipedia.org/wiki/Mariano_Ignacio_Prado,https://es.wikipedia.org/wiki/Javier_Prado_y_Ugarteche,peru,argentina
https://es.wikipedia.org/wiki/Mariano_Ignacio_Prado,https://es.wikipedia.org/wiki/Leoncio_Prado_Guti%C3%A9rrez,peru,chile
https://es.wikipedia.org/wiki/Mariano_Ignacio_Prado_Ochoa,https://es.wikipedia.org/wiki/Javier_Prado_y_Ugarteche,peru,argentina
https://es.wikipedia.org/wiki/Mariano_Ignacio_Prado_Ochoa,https://es.wikipedia.org/wiki/Leoncio_Prado_Guti%C3%A9rrez,peru,chile
https://es.wikipedia.org/wiki/Mariantonia_Palacios,https://es.wikipedia.org/wiki/Juan_Francisco_Sans,venezuela,colombia
https://es.wikipedia.org/wiki/Mario_Vargas_Llosa,https://es.wikipedia.org/wiki/Julia_Urquidi_Illanes,peru,bolivia
https://es.wikipedia.org/wiki/Mario_Velasco,https://es.wikipedia.org/wiki/Carolina_Mestrovic,chile,argentina
https://es.wikipedia.org/wiki/Marlene_Dietrich,https://es.wikipedia.org/wiki/John_F._Kennedy,mexico,argentina
https://es.wikipedia.org/wiki/Marquesado_de_Solanda,https://es.wikipedia.org/wiki/Antonio_Jos%C3%A9_de_Sucre,ecuador,peru
https://es.wikipedia.org/wiki/Marquesado_de_Tejares,https://es.wikipedia.org/wiki/Diego_Portales_y_Meneses,chile,venezuela
https://es.wikipedia.org/wiki/Mart%C3%ADn_Bela%C3%BAnde_Moreyra,https://es.wikipedia.org/wiki/V%C3%ADctor_Andr%C3%A9s_Bela%C3%BAnde_Diez_Canseco,argentina,peru
https://es.wikipedia.org/wiki/Mart%C3%ADn_Cort%C3%A9s_Z%C3%BA%C3%B1iga,https://es.wikipedia.org/wiki/Hern%C3%A1n_Cort%C3%A9s,chile,mexico
https://es.wikipedia.org/wiki/Mart%C3%ADn_Cort%C3%A9s_Z%C3%BA%C3%B1iga,https://es.wikipedia.org/wiki/Magdalena_de_Guzm%C3%A1n,mexico,chile
https://es.wikipedia.org/wiki/Matilde_Ib%C3%A1%C3%B1ez,https://es.wikipedia.org/wiki/Jorge_Batlle,argentina,uruguay
https://es.wikipedia.org/wiki/Matilde_Ib%C3%A1%C3%B1ez,https://es.wikipedia.org/wiki/Luis_Batlle_Berres,argentina,uruguay
https://es.wikipedia.org/wiki/Matilde_Ib%C3%A1%C3%B1ez,https://es.wikipedia.org/wiki/Luis_Batlle_Ib%C3%A1%C3%B1ez,argentina,uruguay
https://es.wikipedia.org/wiki/Matilde_Ib%C3%A1%C3%B1ez_T%C3%A1lice,https://es.wikipedia.org/wiki/Jorge_Batlle,argentina,uruguay
https://es.wikipedia.org/wiki/Matilde_Ib%C3%A1%C3%B1ez_T%C3%A1lice,https://es.wikipedia.org/wiki/Luis_Batlle_Berres,argentina,uruguay
https://es.wikipedia.org/wiki/Matilde_Ib%C3%A1%C3%B1ez_T%C3%A1lice,https://es.wikipedia.org/wiki/Luis_Batlle_Ib%C3%A1%C3%B1ez,argentina,uruguay
https://es.wikipedia.org/wiki/Matilde_Rodr%C3%ADguez_Larreta,https://es.wikipedia.org/wiki/H%C3%A9ctor_Guti%C3%A9rrez_Ruiz,uruguay,argentina
https://es.wikipedia.org/wiki/Mauricio_Pesutic,https://es.wikipedia.org/wiki/Liliana_Garc%C3%ADa,chile,uruguay
https://es.wikipedia.org/wiki/Melit%C3%B3n_F._Porras_Osores,https://es.wikipedia.org/wiki/Melit%C3%B3n_Porras_D%C3%ADaz,chile,peru
https://es.wikipedia.org/wiki/Melit%C3%B3n_Porras_D%C3%ADaz,https://es.wikipedia.org/wiki/Melit%C3%B3n_F._Porras_Osores,peru,chile
https://es.wikipedia.org/wiki/Melit%C3%B3n_Porras_Osores,https://es.wikipedia.org/wiki/Melit%C3%B3n_Porras_D%C3%ADaz,chile,peru
https://es.wikipedia.org/wiki/Mercedes_Belz%C3%BA_Gorriti,https://es.wikipedia.org/wiki/Juana_Manuela_Gorriti,peru,argentina
https://es.wikipedia.org/wiki/Mercedes_Belz%C3%BA_Gorriti,https://es.wikipedia.org/wiki/Manuel_Isidoro_Belzu,peru,bolivia
https://es.wikipedia.org/wiki/Mercedes_Belz%C3%BA_de_Dorado,https://es.wikipedia.org/wiki/Juana_Manuela_Gorriti,peru,argentina
https://es.wikipedia.org/wiki/Mercedes_Belz%C3%BA_de_Dorado,https://es.wikipedia.org/wiki/Manuel_Isidoro_Belzu,peru,bolivia
https://es.wikipedia.org/wiki/Mercedes_Belzu,https://es.wikipedia.org/wiki/Juana_Manuela_Gorriti,peru,argentina
https://es.wikipedia.org/wiki/Mercedes_Belzu,https://es.wikipedia.org/wiki/Manuel_Isidoro_Belzu,peru,bolivia
https://es.wikipedia.org/wiki/Mercedes_Delgado_Mallarino,https://es.wikipedia.org/wiki/Santiago_Mart%C3%ADnez_Delgado,colombia,chile
https://es.wikipedia.org/wiki/Mercedes_Fontecilla,https://es.wikipedia.org/wiki/Jos%C3%A9_Miguel_Carrera_Fontecilla,chile,argentina
https://es.wikipedia.org/wiki/Mercedes_Mar%C3%ADn_del_Solar,https://es.wikipedia.org/wiki/Amelia_Solar_de_Claro,argentina,chile
https://es.wikipedia.org/wiki/Mercedes_Soler_%28actriz%29,https://es.wikipedia.org/wiki/Fernando_Luj%C3%A1n,argentina,mexico
https://es.wikipedia.org/wiki/Miguel_Antonio_Checa_Eguiguren,https://es.wikipedia.org/wiki/Manuel_Checa_Solari,chile,peru
https://es.wikipedia.org/wiki/Miguel_Antonio_Checa_Eguiguren,https://es.wikipedia.org/wiki/Miguel_Checa_y_Checa,chile,peru
https://es.wikipedia.org/wiki/Miguel_Arroyo_Hurtado,https://es.wikipedia.org/wiki/Santiago_Arroyo_y_Valencia,colombia,chile
https://es.wikipedia.org/wiki/Miguel_Checa_y_Checa,https://es.wikipedia.org/wiki/Miguel_Antonio_Checa_Eguiguren,peru,chile
https://es.wikipedia.org/wiki/Miguel_Emilio_Luna_y_Peralta,https://es.wikipedia.org/wiki/Federico_Luna_Aran%C3%ADbar,chile,peru
https://es.wikipedia.org/wiki/Miguel_Emilio_Luna_y_Peralta,https://es.wikipedia.org/wiki/Federico_Luna_Aranibar,chile,peru
https://es.wikipedia.org/wiki/Miguel_L%C3%B3pez_Pumarejo,https://es.wikipedia.org/wiki/Rosario_Pumarejo,colombia,argentina
https://es.wikipedia.org/wiki/Miguel_Rinc%C3%B3n_Rinc%C3%B3n,https://es.wikipedia.org/wiki/Santiago_M%C3%A1rquez_Zorrilla,peru,chile
https://es.wikipedia.org/wiki/Misael_Pastrana_Pastrana,https://es.wikipedia.org/wiki/Hernando_Pastrana,colombia,argentina
https://es.wikipedia.org/wiki/Moctezuma_Xocoyotzin,https://es.wikipedia.org/wiki/Isabel_Moctezuma_Tecuichpo_Ixcaxochitzin,mexico,chile
https://es.wikipedia.org/wiki/Natalia_Toledo_Paz,https://es.wikipedia.org/wiki/Jaime_Garza,argentina,mexico
https://es.wikipedia.org/wiki/Nelly_Meruane,https://es.wikipedia.org/wiki/Juan_Carlos_Bistoto,chile,argentina
https://es.wikipedia.org/wiki/Nicanor_%C3%81lvarez-Calder%C3%B3n,https://es.wikipedia.org/wiki/Manuel_%C3%81lvarez_Calder%C3%B3n,peru,chile
https://es.wikipedia.org/wiki/Nicol%C3%A1s_Marambio_Montt,https://es.wikipedia.org/wiki/Nicolasa_Montt_de_Marambio,chile,argentina
https://es.wikipedia.org/wiki/Nicol%C3%A1s_Petro,https://es.wikipedia.org/wiki/Gustavo_Petro,colombia,argentina
https://es.wikipedia.org/wiki/Nicol%C3%A1s_Sanz_de_Santamar%C3%ADa,https://es.wikipedia.org/wiki/Francisco_Sanz_de_Santamar%C3%ADa,colombia,chile
https://es.wikipedia.org/wiki/Nicol%C3%A1s_Sanz_de_Santamar%C3%ADa,https://es.wikipedia.org/wiki/Jos%C3%A9_Bernardo_S%C3%A1enz_de_Santamar%C3%ADa,chile,colombia
https://es.wikipedia.org/wiki/Nicol%C3%A1s_Tanco,https://es.wikipedia.org/wiki/Nicol%C3%A1s_Tanco_Bosmeniel,peru,colombia
https://es.wikipedia.org/wiki/Nicol%C3%A1s_Tanco_Bosmeniel,https://es.wikipedia.org/wiki/Nicol%C3%A1s_Tanco,colombia,peru
https://es.wikipedia.org/wiki/Nicol%C3%A1s_Yerovi,https://es.wikipedia.org/wiki/Paloma_Yerovi_Cisneros,peru,argentina
https://es.wikipedia.org/wiki/Nicolasa_Montt_de_Marambio,https://es.wikipedia.org/wiki/Nicol%C3%A1s_Marambio_Montt,argentina,chile
https://es.wikipedia.org/wiki/Norberto_El%C3%A9spuru,https://es.wikipedia.org/wiki/Juan_Bautista_El%C3%A9spuru,peru,chile
https://es.wikipedia.org/wiki/Numa_Pompilio_Llona,https://es.wikipedia.org/wiki/Jos%C3%A9_Leocadio_de_Llona_y_Rivera,ecuador,peru
https://es.wikipedia.org/wiki/Numa_Pompilio_Llona,https://es.wikipedia.org/wiki/Lastenia_Larriva,ecuador,peru
https://es.wikipedia.org/wiki/Olivia_Revueltas,https://es.wikipedia.org/wiki/Jos%C3%A9_Revueltas,mexico,chile
https://es.wikipedia.org/wiki/P%C3%ADo_Isaac_Acu%C3%B1a,https://es.wikipedia.org/wiki/Francisco_de_Acu%C3%B1a,argentina,colombia
https://es.wikipedia.org/wiki/Pablo_Mouche,https://es.wikipedia.org/wiki/Victoria_Saravia,argentina,uruguay
https://es.wikipedia.org/wiki/Pablo_Neruda,https://es.wikipedia.org/wiki/Delia_del_Carril,chile,argentina
https://es.wikipedia.org/wiki/Paloma_Yerovi_Cisneros,https://es.wikipedia.org/wiki/Nicol%C3%A1s_Yerovi,argentina,peru
https://es.wikipedia.org/wiki/Pampita,https://es.wikipedia.org/wiki/Benjam%C3%ADn_Vicu%C3%B1a,argentina,chile
https://es.wikipedia.org/wiki/Patricia_Phelps_de_Cisneros,https://es.wikipedia.org/wiki/Adriana_Cisneros,argentina,venezuela
https://es.wikipedia.org/wiki/Patricia_Phelps_de_Cisneros,https://es.wikipedia.org/wiki/Gustavo_Cisneros,argentina,venezuela
https://es.wikipedia.org/wiki/Pedro_A._L%C3%B3pez,https://es.wikipedia.org/wiki/Rosario_Pumarejo,colombia,argentina
https://es.wikipedia.org/wiki/Pedro_Aquilino_L%C3%B3pez,https://es.wikipedia.org/wiki/Rosario_Pumarejo,colombia,argentina
https://es.wikipedia.org/wiki/Pedro_Aquilino_L%C3%B3pez_Medina,https://es.wikipedia.org/wiki/Rosario_Pumarejo,colombia,argentina
https://es.wikipedia.org/wiki/Pedro_Cort%C3%A9s_de_Monroy,https://es.wikipedia.org/wiki/Pedro_de_Cisternas,argentina,chile
https://es.wikipedia.org/wiki/Pedro_Demetrio_O%27Higgins,https://es.wikipedia.org/wiki/Bernardo_O%27Higgins,argentina,chile
https://es.wikipedia.org/wiki/Pedro_Ignacio_Lizarzaburu,https://es.wikipedia.org/wiki/Ignacio_Jos%C3%A9_de_Lizarzaburu,ecuador,colombia
https://es.wikipedia.org/wiki/Pedro_Manrique_de_Castilla,https://es.wikipedia.org/wiki/Isabel_de_Castilla_(-1582,colombia,chile
https://es.wikipedia.org/wiki/Pedro_Montt,https://es.wikipedia.org/wiki/Rosario_Montt,chile,argentina
https://es.wikipedia.org/wiki/Pedro_Yrigoyen_Diez_Canseco,https://es.wikipedia.org/wiki/Manuel_Yrigoyen_Arias,peru,chile
https://es.wikipedia.org/wiki/Pedro_de_Cisternas,https://es.wikipedia.org/wiki/Pedro_Cort%C3%A9s_de_Monroy,chile,argentina
https://es.wikipedia.org/wiki/Pedro_de_Toledo_y_Leiva,https://es.wikipedia.org/wiki/Antonio_Sebasti%C3%A1n_de_Toledo_Molina_y_Salazar,peru,colombia
https://es.wikipedia.org/wiki/Pedro_de_Toledo_y_Leiva,https://es.wikipedia.org/wiki/Francisca_de_Toledo_y_Osorio,peru,colombia
https://es.wikipedia.org/wiki/Pedro_de_Yrigoyen_y_Loyola,https://es.wikipedia.org/wiki/Manuel_Yrigoyen_Arias,peru,chile
https://es.wikipedia.org/wiki/Rafael_Banquells,https://es.wikipedia.org/wiki/Blanca_de_Castej%C3%B3n,mexico,argentina
https://es.wikipedia.org/wiki/Rafael_Err%C3%A1zuriz_Echaurren,https://es.wikipedia.org/wiki/Federico_Err%C3%A1zuriz_Za%C3%B1artu,chile,argentina
https://es.wikipedia.org/wiki/Rafael_Grau,https://es.wikipedia.org/wiki/Miguel_Grau,peru,chile
https://es.wikipedia.org/wiki/Rafael_Guillermo_Urdaneta_Vargas,https://es.wikipedia.org/wiki/Dolores_Vargas_Par%C3%ADs,chile,colombia
https://es.wikipedia.org/wiki/Rafael_Guillermo_Urdaneta_Vargas,https://es.wikipedia.org/wiki/Rafael_Urdaneta,chile,colombia
https://es.wikipedia.org/wiki/Rafael_Roncagliolo,https://es.wikipedia.org/wiki/Santiago_Roncagliolo,peru,chile
https://es.wikipedia.org/wiki/Rafael_Santa_Cruz_%28torero%29,https://es.wikipedia.org/wiki/Rafael_Santa_Cruz_(artista,peru,mexico
https://es.wikipedia.org/wiki/Rafael_Urdaneta,https://es.wikipedia.org/wiki/Luciano_Urdaneta_Vargas,colombia,venezuela
https://es.wikipedia.org/wiki/Rafael_Urdaneta,https://es.wikipedia.org/wiki/Rafael_Guillermo_Urdaneta_Vargas,colombia,chile
https://es.wikipedia.org/wiki/Rafael_Urdaneta,https://es.wikipedia.org/wiki/Rafael_Urdaneta_Vargas,colombia,chile
https://es.wikipedia.org/wiki/Rafael_Urdaneta_Vargas,https://es.wikipedia.org/wiki/Dolores_Vargas_Par%C3%ADs,chile,colombia
https://es.wikipedia.org/wiki/Rafael_Urdaneta_Vargas,https://es.wikipedia.org/wiki/Rafael_Urdaneta,chile,colombia
https://es.wikipedia.org/wiki/Renato_Cisneros,https://es.wikipedia.org/wiki/Luis_Cisneros_Vizquerra,peru,argentina
https://es.wikipedia.org/wiki/Robert_Duvall,https://es.wikipedia.org/wiki/Luciana_Pedraza,peru,argentina
https://es.wikipedia.org/wiki/Roberto_Pizano,https://es.wikipedia.org/wiki/Francisco_Pizano_de_Brigard,colombia,argentina
https://es.wikipedia.org/wiki/Rodrigo_Casta%C3%B1o,https://es.wikipedia.org/wiki/%C3%81lvaro_Casta%C3%B1o_Castillo,mexico,colombia
https://es.wikipedia.org/wiki/Rodrigo_Casta%C3%B1o,https://es.wikipedia.org/wiki/Gloria_Valencia_de_Casta%C3%B1o,mexico,colombia
https://es.wikipedia.org/wiki/Rodrigo_Obreg%C3%B3n,https://es.wikipedia.org/wiki/Alejandro_Obreg%C3%B3n,peru,colombia
https://es.wikipedia.org/wiki/Rodrigo_Obreg%C3%B3n,https://es.wikipedia.org/wiki/Sonia_Osorio,peru,colombia
https://es.wikipedia.org/wiki/Rosario_Garza_Sada,https://es.wikipedia.org/wiki/Isaac_Garza_Garza,argentina,mexico
https://es.wikipedia.org/wiki/Rosario_Montt,https://es.wikipedia.org/wiki/Alberto_Montt_Montt,argentina,chile
https://es.wikipedia.org/wiki/Rosario_Montt,https://es.wikipedia.org/wiki/Enrique_Montt_Montt,argentina,chile
https://es.wikipedia.org/wiki/Rosario_Montt,https://es.wikipedia.org/wiki/Luis_Montt_Montt,argentina,chile
https://es.wikipedia.org/wiki/Rosario_Montt,https://es.wikipedia.org/wiki/Manuel_Montt,argentina,chile
https://es.wikipedia.org/wiki/Rosario_Montt,https://es.wikipedia.org/wiki/Pedro_Montt,argentina,chile
https://es.wikipedia.org/wiki/Rosario_Montt_Goyenechea,https://es.wikipedia.org/wiki/Alberto_Montt_Montt,argentina,chile
https://es.wikipedia.org/wiki/Rosario_Montt_Goyenechea,https://es.wikipedia.org/wiki/Enrique_Montt_Montt,argentina,chile
https://es.wikipedia.org/wiki/Rosario_Montt_Goyenechea,https://es.wikipedia.org/wiki/Luis_Montt_Montt,argentina,chile
https://es.wikipedia.org/wiki/Rosario_Montt_Goyenechea,https://es.wikipedia.org/wiki/Manuel_Montt,argentina,chile
https://es.wikipedia.org/wiki/Rosario_Montt_Goyenechea,https://es.wikipedia.org/wiki/Pedro_Montt,argentina,chile
https://es.wikipedia.org/wiki/Rosario_Puga,https://es.wikipedia.org/wiki/Bernardo_O%27Higgins,argentina,chile
https://es.wikipedia.org/wiki/Rosario_Pumarejo,https://es.wikipedia.org/wiki/Alfonso_L%C3%B3pez_Pumarejo,argentina,colombia
https://es.wikipedia.org/wiki/Rosario_Pumarejo,https://es.wikipedia.org/wiki/Miguel_L%C3%B3pez_Pumarejo,argentina,colombia
https://es.wikipedia.org/wiki/Rosario_Pumarejo,https://es.wikipedia.org/wiki/Pedro_A._L%C3%B3pez,argentina,colombia
https://es.wikipedia.org/wiki/Rosario_Pumarejo,https://es.wikipedia.org/wiki/Pedro_Aquilino_L%C3%B3pez,argentina,colombia
https://es.wikipedia.org/wiki/Rufino_Torrico,https://es.wikipedia.org/wiki/Juan_Cris%C3%B3stomo_Torrico,chile,peru
https://es.wikipedia.org/wiki/Salvador_del_Solar,https://es.wikipedia.org/wiki/Ana_Mar%C3%ADa_Orozco,peru,colombia
https://es.wikipedia.org/wiki/Santiago_Alarc%C3%B3n,https://es.wikipedia.org/wiki/Cecilia_Navia,chile,colombia
https://es.wikipedia.org/wiki/Santiago_Ant%C3%BAnez_de_Mayolo,https://es.wikipedia.org/wiki/Lucie_Rynning,chile,peru
https://es.wikipedia.org/wiki/Santiago_Ant%C3%BAnez_de_Mayolo_Rynning,https://es.wikipedia.org/wiki/Lucie_Rynning,chile,peru
https://es.wikipedia.org/wiki/Santiago_Arroyo_y_Valencia,https://es.wikipedia.org/wiki/Miguel_Arroyo_Hurtado,chile,colombia
https://es.wikipedia.org/wiki/Santiago_Cueto_Caballero,https://es.wikipedia.org/wiki/Carlos_Cueto_Fernandini,chile,peru
https://es.wikipedia.org/wiki/Santiago_M%C3%A1rquez_Zorrilla,https://es.wikipedia.org/wiki/Miguel_Rinc%C3%B3n_Rinc%C3%B3n,chile,peru
https://es.wikipedia.org/wiki/Santiago_Mart%C3%ADnez_Delgado,https://es.wikipedia.org/wiki/Mercedes_Delgado_Mallarino,chile,colombia
https://es.wikipedia.org/wiki/Santiago_Mutis,https://es.wikipedia.org/wiki/%C3%81lvaro_Mutis,chile,mexico
https://es.wikipedia.org/wiki/Santiago_Roncagliolo,https://es.wikipedia.org/wiki/Rafael_Roncagliolo,chile,peru
https://es.wikipedia.org/wiki/Santiago_Uribe_V%C3%A9lez,https://es.wikipedia.org/wiki/Alberto_Uribe_Sierra,chile,colombia
https://es.wikipedia.org/wiki/Sebasti%C3%A1n_Salazar_Bondy,https://es.wikipedia.org/wiki/Inda_Ledesma,peru,argentina
https://es.wikipedia.org/wiki/Sebasti%C3%A1n_Zurita,https://es.wikipedia.org/wiki/Christian_Bach,mexico,argentina
https://es.wikipedia.org/wiki/Sebasti%C3%A1n_de_Aliaga_y_Colmenares,https://es.wikipedia.org/wiki/Diego_de_Aliaga_y_Santa_Cruz,argentina,peru
https://es.wikipedia.org/wiki/Sebasti%C3%A1n_de_Aliaga_y_Colmenares,https://es.wikipedia.org/wiki/Juan_Jos%C3%A9_de_Aliaga_y_Santa_Cruz,argentina,peru
https://es.wikipedia.org/wiki/Segundo_Cernadas,https://es.wikipedia.org/wiki/Gianella_Neyra,argentina,peru
https://es.wikipedia.org/wiki/Shakira,https://es.wikipedia.org/wiki/Antonio_de_la_R%C3%BAa,colombia,argentina
https://es.wikipedia.org/wiki/Shakira,https://es.wikipedia.org/wiki/Gerard_Piqu%C3%A9,colombia,argentina
https://es.wikipedia.org/wiki/Silvestre_Revueltas,https://es.wikipedia.org/wiki/Eugenia_Revueltas,chile,mexico
https://es.wikipedia.org/wiki/Sim%C3%B3n_Bol%C3%ADvar,https://es.wikipedia.org/wiki/Juan_Vicente_Bol%C3%ADvar_y_Ponte,mexico,venezuela
https://es.wikipedia.org/wiki/Sim%C3%B3n_Bol%C3%ADvar,https://es.wikipedia.org/wiki/Manuela_S%C3%A1enz,mexico,ecuador
https://es.wikipedia.org/wiki/Sim%C3%B3n_Bol%C3%ADvar,https://es.wikipedia.org/wiki/Mar%C3%ADa_Teresa_del_Toro_y_Alayza,mexico,venezuela
https://es.wikipedia.org/wiki/Sim%C3%B3n_Bol%C3%ADvar,https://es.wikipedia.org/wiki/Mar%C3%ADa_de_la_Concepci%C3%B3n_Palacios_y_Blanco,mexico,venezuela
https://es.wikipedia.org/wiki/Simona_de_Sucre_Bravo,https://es.wikipedia.org/wiki/Antonio_Jos%C3%A9_de_Sucre,ecuador,peru
https://es.wikipedia.org/wiki/Sof%C3%ADa_Petro,https://es.wikipedia.org/wiki/Gustavo_Petro,colombia,argentina
https://es.wikipedia.org/wiki/Sonia_Osorio,https://es.wikipedia.org/wiki/Rodrigo_Obreg%C3%B3n,colombia,peru
https://es.wikipedia.org/wiki/Squillace,https://es.wikipedia.org/wiki/Francisco_de_Borja_y_Arag%C3%B3n,colombia,peru
https://es.wikipedia.org/wiki/Sybila_Arredondo,https://es.wikipedia.org/wiki/Jos%C3%A9_Mar%C3%ADa_Arguedas,chile,peru
https://es.wikipedia.org/wiki/Tadeo_Vergara,https://es.wikipedia.org/wiki/Francisco_Xavier_de_Vergara_Azc%C3%A1rate,argentina,colombia
https://es.wikipedia.org/wiki/Tatiana_Schlossberg,https://es.wikipedia.org/wiki/Caroline_Kennedy,peru,argentina
https://es.wikipedia.org/wiki/Tatiana_Schlossberg,https://es.wikipedia.org/wiki/Edwin_Schlossberg,peru,argentina
https://es.wikipedia.org/wiki/Teodoro_Elmore,https://es.wikipedia.org/wiki/Edwin_Elmore,argentina,peru
https://es.wikipedia.org/wiki/Teodoro_Elmore,https://es.wikipedia.org/wiki/Federico_Elmore,argentina,chile
https://es.wikipedia.org/wiki/Teresa_Carre%C3%B1o,https://es.wikipedia.org/wiki/Eugen_d%27Albert,venezuela,colombia
https://es.wikipedia.org/wiki/Teresa_Carre%C3%B1o,https://es.wikipedia.org/wiki/Manuel_Antonio_Carre%C3%B1o,venezuela,argentina
https://es.wikipedia.org/wiki/Teresa_Cuervo_Borda,https://es.wikipedia.org/wiki/Carlos_Cuervo_M%C3%A1rquez,colombia,mexico
https://es.wikipedia.org/wiki/Tilsa_Lozano,https://es.wikipedia.org/wiki/Yaco_Eskenazi,argentina,peru
https://es.wikipedia.org/wiki/Tom%C3%A1s_Prieto_de_Salazar,https://es.wikipedia.org/wiki/Jos%C3%A9_Prieto_de_Salazar,colombia,chile
https://es.wikipedia.org/wiki/Tomasa_Carbo_y_Noboa,https://es.wikipedia.org/wiki/Diego_Noboa,ecuador,chile
https://es.wikipedia.org/wiki/V%C3%ADctor_Andr%C3%A9s_Bela%C3%BAnde,https://es.wikipedia.org/wiki/Mart%C3%ADn_Bela%C3%BAnde_Moreyra,peru,argentina
https://es.wikipedia.org/wiki/V%C3%ADctor_Andr%C3%A9s_Bela%C3%BAnde_Diez_Canseco,https://es.wikipedia.org/wiki/Mart%C3%ADn_Bela%C3%BAnde_Moreyra,peru,argentina
https://es.wikipedia.org/wiki/V%C3%ADctor_Andr%C3%A9s_Belaunde,https://es.wikipedia.org/wiki/Mart%C3%ADn_Bela%C3%BAnde_Moreyra,peru,argentina
https://es.wikipedia.org/wiki/V%C3%ADctor_Castro_Iglesias,https://es.wikipedia.org/wiki/Mariano_Castro_Zald%C3%ADvar,peru,chile
https://es.wikipedia.org/wiki/Ver%C3%B3nica_Alcocer,https://es.wikipedia.org/wiki/Gustavo_Petro,colombia,argentina
https://es.wikipedia.org/wiki/Vicente_Holgu%C3%ADn,https://es.wikipedia.org/wiki/Jorge_Holgu%C3%ADn,colombia,chile
https://es.wikipedia.org/wiki/Vicente_Holgu%C3%ADn,https://es.wikipedia.org/wiki/Jorge_Holgu%C3%ADn_Mallarino,colombia,chile
https://es.wikipedia.org/wiki/Victoria_Saravia,https://es.wikipedia.org/wiki/Pablo_Mouche,uruguay,argentina
https://es.wikipedia.org/wiki/Waldemar_M%C3%A9ndez,https://es.wikipedia.org/wiki/Mar%C3%ADa_Gracia_Subercaseaux,argentina,chile
https://es.wikipedia.org/wiki/Yaco_Eskenazi,https://es.wikipedia.org/wiki/Tilsa_Lozano,peru,argentina
https://es.wikipedia.org/wiki/Yesid_Reyes,https://es.wikipedia.org/wiki/Alfonso_Reyes_Echand%C3%ADa,colombia,peru
https://es.wikipedia.org/wiki/Yvonne_Frayssinet,https://es.wikipedia.org/wiki/Luc%C3%ADa_Oxenford,peru,argentina
https://es.wikipedia.org/wiki/Yvonne_Frayssinet,https://es.wikipedia.org/wiki/Marcelo_Oxenford,peru,argentina
https://es.wikipedia.org/wiki/Zulema_Jattin,https://es.wikipedia.org/wiki/Francisco_Jattin_Safar,argentina,colombia
https://es.wikipedia.org/wiki/Zulema_Jattin,https://es.wikipedia.org/wiki/Francisco_Jos%C3%A9_Jattin_Safar,argentina,colombia
https://es.wikipedia.org/wiki/Zulema_Jattin_Corrales,https://es.wikipedia.org/wiki/Francisco_Jattin_Safar,argentina,colombia
