fam1,n_sucesiones,miembros,paises
valencia,22,Álvaro Alcalá-Galiano y Osma | Emilio Alcalá-Galiano y Osma | Emilio Alcalá Galiano | Francisco de Valencia | Juan Alcalá-Galiano y Osma | María Teresa de Valencia y Junco Pimentel | María del Consuelo Alcalá-Galiano y Osma | Pedro Agustín de Valencia | Pedro Felipe de Valencia,colombia
saadi,12,Alicia Saadi de Dentone | Lucía Corpacci | Luis Sánchez Recalde | Ramón Saadi | Vicente Saadi,argentina
arboleda,11,Julio Arboleda | Manuel José Mosquera | Pedro Alcántara Herrán | Tomás Cipriano de Mosquera | Joaquín Mosquera,colombia
errázuriz,10,Blas Tomic | Clemente Pérez | Francisco Javier Errázuriz Sotomayor | Hernán Felipe Errázuriz | Isidoro Errázuriz Aldunate | Isidoro de Errázuriz | Octavio Errázuriz | Ramón Subercaseaux Vicuña | Javier Ovalle Errázuriz | Fernando Errázuriz | Maximiano Errázuriz Valdivieso,chile
borja,7,César Borgia | Calixto III | Francisco de Borja y Aragón | Juan Borgia (1498-1548) | Juan de Borja y Cattanei | Pedro Luis de Borja | Luisa Borgia | Alejandro VI | Juan de Borja y Castro | Fernando de Borja | Lucrecia Borgia,colombia
chávez,7,Adán Chávez | Argenis Chávez | Hugo de los Reyes Chávez,venezuela
daract,7,Juan Barbeito | Justo Daract | Mauricio Daract,argentina
lópez_carrillo,7,Carlos Antonio López | Francisco Solano López | Juana Pabla Carrillo | Venancio López | Vicente Barrios | Elisa Alicia Lynch,"argentina, paraguay"
álvarez_del_casal,7,Antonio Nariño | Jorge Tadeo Lozano | José María Lozano de Peralta | Manuel Bernardo Álvarez del Casal | Jorge Miguel Lozano de Peralta,colombia
echaurren,6,Federico Errázuriz Zañartu | Fernando Lazcano Mujica | Francisco Echaurren | Gertrudis Echeñique | Máximo Mujica | Silvestre Ochagavía Errázuriz | María Errázuriz,chile
lavín,6,Cristina Girardi | Guido Girardi | Guido Girardi Brière,chile
monagas,6,José Gregorio Monagas | José Ruperto Monagas | José Tadeo Monagas,venezuela
ricaurte,6,José Prieto de Salazar | José Salvador de Ricaurte | Joseph Ricaurte | Tomás Prieto de Salazar,colombia
azcárraga,5,Emilio Azcárraga Jean | Emilio Azcárraga Milmo | Emilio Azcárraga Vidaurreta | José Carlos Azcárraga Andrade | Gastón Azcárraga,mexico
aráoz,4,Diego Aráoz | Bernabé Aráoz,argentina
castillo_guevara,4,Domingo del Castillo Sanz de Santamaría | Ignacio del Castillo Sanz de Santamaría | Luis del Castillo Guevara y de Vargas | Luis Diego del Castillo Caicedo,colombia
diez_canseco,4,Francisco Diez-Canseco Corbacho | Pedro Diez Canseco Corbacho | Ramón Castilla,peru
edwards,4,Alberto Edwards Vives | Guillermo Edwards Matte,chile
perón,4,Juan Domingo Perón | María Estela Martínez de Perón,argentina
soria,4,Carlos Ernesto Soria | María Emilia Soria | Martín Soria,argentina
uñac,4,José Rubén Uñac | Sergio Uñac,argentina
yunes,4,Fernando Yunes Márquez | Miguel Ángel Yunes Linares | Patricia Lobeira Rodríguez | Miguel Ángel Yunes Márquez,mexico
belaúnde,3,Francisco Belaúnde Terry | Luis Pércovich Roca,peru
camacho,3,Guillermo Camacho | José Domingo Ospina | Nemesio Camacho | Manuel Casabianca,colombia
freire,3,Juan de Dios Rivera y Freire de Andrade | Ramón Freire,chile
kirchner,3,Cristina Fernández de Kirchner | Néstor Kirchner,argentina
maduro,3,Cilia Flores | Nicolás Maduro,venezuela
sapag,3,Elías Sapag | Felipe Rodolfo Sapag | Luz María Sapag,argentina
velasco_chile,3,Carlos Ibáñez del Campo | Fernando Alessandri | Jorge Alessandri | Arturo Alessandri,chile
alva,2,Javier Alva Orlandini | Luis Alva Castro,peru
baillères,2,Alejandro Baillères | Alberto Baillères González,mexico
balcarce,2,José de San Martín | Marcos Balcarce,argentina
bolaños_cacho,2,Jorge Fernando Iturribarría Bolaños-Cacho | Raúl Bolaños Cacho Guzmán,mexico
caicedo,2,Estanislao Vergara | Felipe de Vergara Azcárate | Domingo Caycedo | Francisco Xavier Vergara,colombia
cantoni-bravo,2,Federico Cantoni | Leopoldo Bravo,argentina
carvajal_y_vargas,2,Casilda Fernández de Henestrosa y Salabert | Casilda de Silva y Fernández de Henestrosa,chile
creel-terrazas,2,Enrique C. Creel | Luis Terrazas,mexico
elmore,2,Alberto Elmore | Juan Federico Elmore,peru
freundt,2,Alberto Freundt Rosell | Alejandro Freundt Rosell,peru
garcía_calderón,2,Francisco García-Calderón Rey | Ventura García Calderón,peru
garza_sada,2,Eugenio Garza Lagüera | Eugenio Garza Sada,mexico
gonzález_torres,2,Jorge Emilio González Martínez | Jorge González Torres,mexico
humala,2,Ollanta Humala | Nadine Heredia,peru
hurtado,2,Eliseo Payán | Ezequiel Hurtado,colombia
leyva,2,Antonio Sebastián de Toledo Molina y Salazar | Pedro de Toledo y Leiva,colombia
mateos,2,Francisco Zarco | Ignacio Ramírez,mexico
matte,2,Carmen Ibáñez | Joaquín Godoy Ibáñez,chile
monckeberg,2,Nicolás Monckeberg | Sergio Urrejola,chile
montt,2,Lorenzo Montt | Alberto Montt Montt,chile
ortiz_mena,2,Patrocinio González Garrido | Salomón González Blanco,mexico
piraquive,2,Luis Eduardo Moreno | María Luisa Piraquive,colombia
puch,2,Dionisio Puch | Martín Güemes y Puch,argentina
slim,2,Carlos Slim | Carlos Slim Domit,mexico
snopek,2,Carlos Snopek | Guillermo Snopek (padre) | Guillermo Eugenio Snopek,argentina
sánchez_de_bustamante,2,Plácido Sánchez de Bustamante | Roque Alvarado,argentina
tohá,2,Jaime Tohá | María Soledad Tohá,chile
vergara-azcárate,2,Alonso Turrillo de Yebra | Antonio de Vergara Azcárate,colombia
walker_chile,2,Matías Walker | Patricio Walker,chile
amunátegui,1,Domingo Amunátegui | Gregorio Amunátegui Solar,chile
blanco_venezuela,1,Antonio Guzmán Blanco | Antonio Leocadio Guzmán,"colombia, venezuela"
bulnes,1,Mercedes Bulnes | Roberto Celedón Fernández,chile
cortés_de_monroy,1,Pedro Cortés y Mendoza | Pedro Cortés de Monroy y Zavala,chile
fujimori,1,Susana Higuchi | Keiko Fujimori,peru
garcía-huidobro,1,Ramón García Huidobro | Luis García Huidobro Aldunate,chile
gómez,1,Álvaro Gómez Hurtado | Miguel Gómez Martínez,colombia
gómez_martínez,1,Ana Mercedes Gómez | Juan Gómez Martínez,colombia
larco,1,Guillermo Larco Cox | Víctor Larco Herrera,peru
lebaron,1,Joel LeBaron | Ervil LeBaron,mexico
posse,1,José Posse | Wenceslao Posse,argentina
quispe_palomino,1,Florabel Vargas | Jorge Quispe Palomino,peru
rodríguez_pastor,1,Carlos Rodríguez Pastor Persivale | Carlos Rodríguez Pastor Mendoza,peru
romero_feris,1,Gabriel Feris | José Antonio Romero Feris,argentina
salazar_y_muñatones,1,José Cabero y Salazar | Andrés de Salazar y Muñatones,peru
tito,1,Alonso de Castilla Tito Atauchi Inca | Alonso Tito Atauchi,peru
valdés_chile,1,Ramón Barros Luco | José Miguel Valdés Carrera,chile
vargas_llosa,1,Tamara Falcó | Carlos Falcó,peru
yoma,1,Zulema Fátima Yoma | Zulema Menem,argentina
