par,institucion,n
chile ↔ peru,Universidad Nacional Mayor de San Marcos,696
argentina ↔ chile,Universidad de Chile,610
chile ↔ colombia,Universidad de Chile,610
chile ↔ peru,Universidad de Chile,610
ecuador ↔ peru,Universidad Nacional Mayor de San Marcos,464
argentina ↔ peru,Universidad Nacional Mayor de San Marcos,232
argentina ↔ chile,Real Universidad de San Felipe,168
argentina ↔ peru,Universidad de Buenos Aires,125
argentina ↔ uruguay,Universidad de Buenos Aires,125
chile ↔ colombia,Pontificia Universidad Católica de Chile,90
chile ↔ colombia,Universidad de los Andes,81
chile ↔ colombia,Universidad del Rosario,73
colombia ↔ peru,Universidad del Rosario,73
chile ↔ mexico,Lic.,55
chile ↔ mexico,Universidad Nacional Autónoma de México,49
colombia ↔ venezuela,Colegio Mayor de San Bartolomé,48
chile ↔ colombia,Universidad de Columbia,35
colombia ↔ ecuador,Universidad del Cauca,32
colombia ↔ peru,Universidad Complutense de Madrid,28
chile ↔ peru,Derecho,24
argentina ↔ colombia,Universidad de Harvard,21
colombia ↔ peru,Universidad de Harvard,21
argentina ↔ uruguay,Universidad de la República,20
chile ↔ peru,Ph.D.,18
chile ↔ colombia,Universidad Harvard,16
colombia ↔ peru,Universidad de Salamanca,16
colombia ↔ peru,Universidad Cornell,15
argentina ↔ bolivia,"Universidad Mayor, Real y Pontificia San Francisco Xavier de Chuquisaca",14
argentina ↔ peru,"Universidad Mayor, Real y Pontificia San Francisco Xavier de Chuquisaca",14
argentina ↔ venezuela,Universidad Central de Venezuela,14
chile ↔ peru,Universidad Complutense de Madrid,14
colombia ↔ mexico,Universidad de Columbia,14
colombia ↔ venezuela,Universidad Central de Venezuela,14
argentina ↔ chile,Derecho,12
chile ↔ colombia,Escuela de Economía y Ciencia Política de Londres,12
chile ↔ mexico,Derecho,12
chile ↔ mexico,Universidad Harvard,12
colombia ↔ mexico,Universidad Harvard,12
colombia ↔ mexico,Lic.,11
ecuador ↔ mexico,Lic.,11
mexico ↔ peru,Lic.,11
chile ↔ colombia,Universidad de Georgetown,10
chile ↔ mexico,Universidad de Columbia,10
colombia ↔ peru,Universidad de Georgetown,10
argentina ↔ peru,Universidad de Harvard,9
chile ↔ peru,Colegio de los Sagrados Corazones de Viña Del Mar,9
mexico ↔ peru,Maestría,9
argentina ↔ chile,Medicina,8
argentina ↔ colombia,Universidad de Salamanca,8
argentina ↔ peru,Derecho,8
argentina ↔ peru,Universidad de Salamanca,8
chile ↔ colombia,Escuela de Gobierno John F. Kennedy,8
chile ↔ colombia,Universidad Complutense de Madrid,8
chile ↔ colombia,Universidad de Salamanca,8
chile ↔ peru,M.A.,8
chile ↔ peru,Universidad de Salamanca,8
chile ↔ venezuela,Universidad Harvard,8
colombia ↔ venezuela,Universidad Harvard,8
colombia ↔ venezuela,Universidad de Los Andes,8
mexico ↔ peru,Derecho,8
argentina ↔ colombia,Universidad de Columbia,7
chile ↔ ecuador,Educación secundaria,7
colombia ↔ peru,Universidad de Columbia,7
argentina ↔ chile,Universidad Yale,6
argentina ↔ chile,Universidad de Nueva York,6
argentina ↔ mexico,Instituto Tecnológico de Massachusetts,6
argentina ↔ peru,Universidad Católica Argentina,6
chile ↔ colombia,Ph.D.,6
chile ↔ colombia,Universidad de Chicago,6
chile ↔ colombia,Universidad de Princeton,6
chile ↔ ecuador,Ph.D.,6
chile ↔ ecuador,Universidad Nacional Mayor de San Marcos,6
chile ↔ mexico,Maestría,6
chile ↔ mexico,Ph.D.,6
chile ↔ peru,Colegio San Agustín,6
chile ↔ peru,Maestría,6
colombia ↔ ecuador,Universidad Central del Ecuador,6
colombia ↔ peru,Universidad de Barcelona,6
colombia ↔ peru,Universidad de Oxford,6
mexico ↔ venezuela,Universidad Harvard,6
argentina ↔ chile,Universidad de Columbia,5
argentina ↔ chile,Universidad de Heidelberg,5
argentina ↔ colombia,Universidad de Georgetown,5
chile ↔ colombia,Actuación,5
chile ↔ colombia,Lic.,5
chile ↔ colombia,Universidad de Heidelberg,5
chile ↔ ecuador,Lic.,5
chile ↔ peru,Lic.,5
chile ↔ peru,Universidad de Columbia,5
colombia ↔ peru,Universidad de Miami,5
mexico ↔ peru,Universidad de Miami,5
argentina ↔ chile,Abogado,4
argentina ↔ chile,Sorbonne Universidad de París,4
argentina ↔ chile,Universidad Harvard,4
argentina ↔ chile,Universidad de Salamanca,4
argentina ↔ colombia,Universidad Harvard,4
argentina ↔ colombia,Universidad de Cambridge,4
argentina ↔ colombia,Universidad de Chile,4
argentina ↔ mexico,Derecho,4
argentina ↔ peru,Grado,4
argentina ↔ peru,Universidad de Chile,4
chile ↔ colombia,Instituto de Estudios Políticos de París,4
chile ↔ colombia,Universidad Santo Tomás,4
chile ↔ ecuador,Universidad Harvard,4
chile ↔ peru,Doc.,4
chile ↔ peru,Escuela Militar,4
chile ↔ peru,Universidad Harvard,4
chile ↔ peru,Universidad de Georgetown,4
chile ↔ venezuela,Universidad de Los Andes,4
colombia ↔ ecuador,Universidad Harvard,4
colombia ↔ ecuador,Universidad de Salamanca,4
colombia ↔ peru,Escuela de Gobierno John F. Kennedy,4
colombia ↔ peru,Universidad Harvard,4
colombia ↔ peru,Universidad de Chile,4
colombia ↔ peru,Universidad de Texas en Austin,4
ecuador ↔ peru,Universidad de Salamanca,4
mexico ↔ peru,Universidad Stanford,4
mexico ↔ peru,Universidad de París,4
mexico ↔ peru,Universidad de Texas en Austin,4
peru ↔ venezuela,Universidad de París,4
argentina ↔ chile,Universidad Nacional Mayor de San Marcos,3
argentina ↔ chile,Universidad de Chicago,3
argentina ↔ mexico,Universidad Harvard,3
argentina ↔ peru,Universidad Católica de Lovaina,3
argentina ↔ peru,Universidad de Nueva York,3
argentina ↔ peru,Universidad de Oxford,3
bolivia ↔ peru,Universidad Mayor de San Andrés,3
chile ↔ colombia,Universidad Yale,3
chile ↔ colombia,Universidad de California,3
chile ↔ mexico,Instituto Tecnológico de Massachusetts,3
chile ↔ mexico,Universidad Yale,3
chile ↔ peru,Conservatorio Nacional de Música,3
chile ↔ peru,Universidad Católica de Lovaina,3
chile ↔ peru,Universidad Yale,3
chile ↔ venezuela,Babson College,3
colombia ↔ peru,Ph.D.,3
colombia ↔ peru,Universidad Católica de Lovaina,3
colombia ↔ peru,Universidad de Stanford,3
ecuador ↔ mexico,Maestría,3
ecuador ↔ mexico,Universidad Harvard,3
ecuador ↔ peru,Maestría,3
ecuador ↔ peru,Ph.D.,3
mexico ↔ peru,Ph.D.,3
mexico ↔ peru,Universidad Harvard,3
argentina ↔ chile,Grado,2
argentina ↔ chile,Instituto Tecnológico de Massachusetts,2
argentina ↔ chile,Universidad de Cambridge,2
argentina ↔ chile,Universidad de Georgetown,2
argentina ↔ colombia,Grado,2
argentina ↔ colombia,Sorbonne Universidad de París,2
argentina ↔ colombia,Universidad Yale,2
argentina ↔ colombia,Universidad de Chicago,2
argentina ↔ colombia,Universidad de Oxford,2
argentina ↔ ecuador,Universidad Nacional Mayor de San Marcos,2
argentina ↔ ecuador,Universidad de Salamanca,2
argentina ↔ mexico,Lic. en Derecho,2
argentina ↔ mexico,Sorbonne Universidad de París,2
argentina ↔ mexico,Universidad Yale,2
argentina ↔ mexico,Universidad de Cambridge,2
argentina ↔ mexico,Universidad de Columbia,2
argentina ↔ peru,Colegio Champagnat,2
argentina ↔ peru,Universidad Brown,2
argentina ↔ peru,Universidad Yale,2
argentina ↔ peru,Universidad de Cambridge,2
argentina ↔ peru,Universidad de Georgetown,2
argentina ↔ uruguay,Sorbonne Universidad de París,2
argentina ↔ venezuela,Sorbonne Universidad de París,2
argentina ↔ venezuela,Universidad Harvard,2
bolivia ↔ peru,Universidad Mayor Real y Pontificia San Francisco Xavier de Chuquisaca,2
chile ↔ colombia,Doc.,2
chile ↔ colombia,Historia,2
chile ↔ colombia,Posgrado,2
chile ↔ colombia,Sorbonne Universidad de París,2
chile ↔ colombia,Universidad de Cambridge,2
chile ↔ colombia,Universidad de Los Andes,2
chile ↔ colombia,Universidad de Madrid,2
chile ↔ colombia,Universidad de Navarra,2
chile ↔ ecuador,Ciencias Políticas,2
chile ↔ ecuador,Educación primaria,2
chile ↔ ecuador,Maestría,2
chile ↔ ecuador,Universidad de Salamanca,2
chile ↔ mexico,Lic. en Derecho,2
chile ↔ mexico,Sorbonne Universidad de París,2
chile ↔ mexico,Universidad Stanford,2
chile ↔ mexico,Universidad de Fordham,2
chile ↔ peru,Bachiller,2
chile ↔ peru,Ciencias Económicas,2
chile ↔ peru,Escuela de Gobierno John F. Kennedy,2
chile ↔ peru,Grado,2
chile ↔ peru,Sociología,2
chile ↔ peru,Universidad Stanford,2
chile ↔ peru,Universidad de Concepción,2
chile ↔ peru,Universidad de Nueva York,2
chile ↔ uruguay,Sorbonne Universidad de París,2
chile ↔ venezuela,Sorbonne Universidad de París,2
colombia ↔ ecuador,Administración pública,2
colombia ↔ mexico,Lic. en Derecho,2
colombia ↔ mexico,Universidad Stanford,2
colombia ↔ mexico,Universidad de Cambridge,2
colombia ↔ mexico,Universidad de Deusto,2
colombia ↔ peru,Doc.,2
colombia ↔ peru,Grado,2
colombia ↔ peru,Instituto de Tecnología de Massachusetts,2
colombia ↔ peru,Real Academia de Bellas Artes de San Fernando,2
colombia ↔ peru,Universidad Stanford,2
colombia ↔ peru,Universidad de Cambridge,2
colombia ↔ peru,Universidad de Madrid,2
colombia ↔ peru,Williams College,2
ecuador ↔ mexico,Administración de empresas,2
ecuador ↔ mexico,Lic. en Derecho,2
ecuador ↔ venezuela,Universidad Harvard,2
mexico ↔ peru,Lic. en Derecho,2
mexico ↔ peru,Universidad de Columbia,2
mexico ↔ uruguay,Lic. en Derecho,2
peru ↔ venezuela,Universidad Harvard,2
argentina ↔ chile,La Sorbona,1
argentina ↔ chile,Lic. en Derecho,1
argentina ↔ chile,Universidad Católica de Lovaina,1
argentina ↔ chile,Universidad de Yale,1
argentina ↔ colombia,Escuela de Derecho Harvard,1
argentina ↔ colombia,Escuela de Negocios Harvard,1
argentina ↔ colombia,Lic. en Derecho,1
argentina ↔ colombia,Phillips Academy,1
argentina ↔ colombia,Universidad Católica de Lovaina,1
argentina ↔ colombia,Universidad Central de Venezuela,1
argentina ↔ colombia,Universidad de Heidelberg,1
argentina ↔ colombia,Universidad de Míchigan,1
argentina ↔ colombia,Universidad de Yale,1
argentina ↔ ecuador,J.D.,1
argentina ↔ ecuador,Lic. en Derecho,1
argentina ↔ ecuador,Universidad Harvard,1
argentina ↔ peru,Columbia Business School,1
argentina ↔ peru,Escuela de Derecho Harvard,1
argentina ↔ peru,Instituto del Hemisferio Occidental para la Cooperación en Seguridad,1
argentina ↔ peru,Jurisprudencia,1
argentina ↔ peru,Lic. en Derecho,1
argentina ↔ peru,Universidad Harvard,1
argentina ↔ peru,Universidad de Columbia,1
argentina ↔ peru,Universidad de Míchigan,1
argentina ↔ peru,Universidad de Sevilla,1
argentina ↔ uruguay,Lic. en Derecho,1
bolivia ↔ colombia,Escuela Especial Militar de Saint-Cyr,1
bolivia ↔ colombia,École polytechnique,1
bolivia ↔ paraguay,Escuela Especial Militar de Saint-Cyr,1
bolivia ↔ paraguay,École polytechnique,1
bolivia ↔ peru,"Universidad Mayor, Real y Pontificia San Francisco Xavier de Chuquisaca",1
chile ↔ colombia,Grado,1
chile ↔ colombia,Lic. en Derecho,1
chile ↔ colombia,Sociedad de Estudios Internacionales (SEI),1
chile ↔ colombia,Universidad Católica de Lovaina,1
chile ↔ colombia,Universidad Complutense,1
chile ↔ colombia,Universidad Stanford,1
chile ↔ colombia,Universidad de Gotinga,1
chile ↔ colombia,Universidad de La Habana,1
chile ↔ colombia,Universidad de Leipzig,1
chile ↔ colombia,Universidad de Pensilvania,1
chile ↔ colombia,Universidad de Yale,1
chile ↔ ecuador,Lic. en Derecho,1
chile ↔ ecuador,Universidad George Washington,1
chile ↔ ecuador,Universidad de Pensilvania,1
chile ↔ mexico,Instituto de Teatro y Cine Lee Strasberg,1
chile ↔ mexico,Universidad de Cambridge,1
chile ↔ mexico,Universidad de Leipzig,1
chile ↔ mexico,Universidad de Pensilvania,1
chile ↔ peru,Arquitectura,1
chile ↔ peru,Filosofía,1
chile ↔ peru,Lic. en Derecho,1
chile ↔ peru,Relaciones internacionales,1
chile ↔ peru,Universidad de Cambridge,1
chile ↔ peru,Universidad de Estrasburgo,1
chile ↔ peru,Universidad de La Habana,1
chile ↔ peru,Universidad de Madrid,1
chile ↔ peru,Universidad de Pensilvania,1
chile ↔ peru,Universidad de Roma La Sapienza,1
chile ↔ peru,Universidad del Rosario,1
chile ↔ uruguay,Lic. en Derecho,1
chile ↔ venezuela,Universidad de Pensilvania,1
colombia ↔ ecuador,Lic.,1
colombia ↔ ecuador,Lic. en Derecho,1
colombia ↔ ecuador,Ph.D.,1
colombia ↔ ecuador,Universidad de Pensilvania,1
colombia ↔ mexico,Escuela del Instituto de Arte de Chicago,1
colombia ↔ mexico,Ph.D.,1
colombia ↔ mexico,Sorbonne Universidad de París,1
colombia ↔ mexico,Universidad Yale,1
colombia ↔ mexico,Universidad de Leipzig,1
colombia ↔ mexico,Universidad de Miami,1
colombia ↔ mexico,Universidad de Pensilvania,1
colombia ↔ mexico,Universidad de Texas en Austin,1
colombia ↔ mexico,Universidad del Noroeste,1
colombia ↔ paraguay,Escuela Especial Militar de Saint-Cyr,1
colombia ↔ paraguay,École polytechnique,1
colombia ↔ peru,Escuela de Derecho Harvard,1
colombia ↔ peru,Lic.,1
colombia ↔ peru,Lic. en Derecho,1
colombia ↔ peru,London School of Economics,1
colombia ↔ peru,Universidad Libre de Bruselas,1
colombia ↔ peru,Universidad Yale,1
colombia ↔ peru,Universidad de La Habana,1
colombia ↔ peru,Universidad de Minnesota,1
colombia ↔ peru,Universidad de Míchigan,1
colombia ↔ peru,Universidad de Pensilvania,1
colombia ↔ peru,Universidad de Virginia,1
colombia ↔ uruguay,Lic. en Derecho,1
colombia ↔ uruguay,Sorbonne Universidad de París,1
colombia ↔ venezuela,Sorbonne Universidad de París,1
colombia ↔ venezuela,Universidad de Pensilvania,1
colombia ↔ venezuela,Universidad de Virginia,1
ecuador ↔ mexico,Ph.D.,1
ecuador ↔ mexico,Universidad de Pensilvania,1
ecuador ↔ peru,Lic.,1
ecuador ↔ peru,Lic. en Derecho,1
ecuador ↔ peru,Universidad Harvard,1
ecuador ↔ peru,Universidad de Pensilvania,1
ecuador ↔ uruguay,Lic. en Derecho,1
ecuador ↔ venezuela,Universidad de Pensilvania,1
mexico ↔ peru,Universidad Johns Hopkins,1
mexico ↔ peru,Universidad Yale,1
mexico ↔ peru,Universidad de California en Berkeley,1
mexico ↔ peru,Universidad de Cambridge,1
mexico ↔ peru,Universidad de Pensilvania,1
mexico ↔ uruguay,Sorbonne Universidad de París,1
mexico ↔ venezuela,Sorbonne Universidad de París,1
mexico ↔ venezuela,Universidad de París,1
mexico ↔ venezuela,Universidad de Pensilvania,1
peru ↔ uruguay,Lic. en Derecho,1
peru ↔ uruguay,Universidad de Buenos Aires,1
peru ↔ venezuela,Universidad de Pensilvania,1
peru ↔ venezuela,Universidad de Virginia,1
uruguay ↔ venezuela,Sorbonne Universidad de París,1
