familia_norm,ocupacion_norm,n,pais_principal,n_miembros
montt,Abogado/a,22,chile,48
errázuriz,Abogado/a,19,chile,70
pinal_hidalgo,Espectáculo/Media,19,mexico,28
caicedo,Abogado/a,17,colombia,48
echaurren,Abogado/a,17,chile,40
matte,Abogado/a,14,chile,43
di_girolamo,Espectáculo/Media,13,chile,16
soler,Espectáculo/Media,13,mexico,14
velasco_chile,Abogado/a,13,chile,44
aguilar,Espectáculo/Media,12,mexico,17
arboleda,Militar,12,colombia,56
vicuña,Espectáculo/Media,12,chile,64
balcarce,Militar,11,argentina,23
borrero,Abogado/a,11,colombia,39
concha_chile,Abogado/a,11,chile,43
garcía-huidobro,Espectáculo/Media,11,chile,30
parís,Militar,11,colombia,20
valdés,Espectáculo/Media,11,mexico,11
vial,Abogado/a,11,chile,38
arboleda,Abogado/a,10,colombia,56
concha_chile,Espectáculo/Media,10,chile,43
matte,Empresario/a,10,chile,43
pinto_chile,Espectáculo/Media,10,chile,50
portales,Espectáculo/Media,10,chile,30
vicuña,Abogado/a,10,chile,64
bulnes,Abogado/a,9,chile,22
caicedo,Militar,9,colombia,48
cruz_chile,Militar,9,chile,28
diez_canseco,Abogado/a,9,peru,33
lavalle,Abogado/a,9,peru,37
parra_chile,Espectáculo/Media,9,chile,19
valdés_chile,Abogado/a,9,chile,42
vicuña,Escritor/a,9,chile,64
camacho,Abogado/a,8,colombia,24
holguín,Abogado/a,8,colombia,22
pinto_chile,Abogado/a,8,chile,50
restrepo,Abogado/a,8,colombia,30
cano,Periodista,7,colombia,13
errázuriz,Empresario/a,7,chile,70
garcía-mansilla,Militar,7,argentina,17
garcía_de_zúñiga,Militar,7,argentina,11
garza_sada,Empresario/a,7,mexico,8
leyva,Militar,7,colombia,23
mackenna,Abogado/a,7,chile,25
miró_quesada,Escritor/a,7,peru,22
neyra,Espectáculo/Media,7,peru,11
ortiz_de_rozas,Militar,7,argentina,16
ospina,Militar,7,colombia,35
otálora,Militar,7,argentina,15
paz,Militar,7,argentina,22
restrepo,Escritor/a,7,colombia,30
velasco_chile,Espectáculo/Media,7,chile,44
walker_chile,Abogado/a,7,chile,13
alarco,Espectáculo/Media,6,peru,27
allende,Académico/a,6,chile,20
belgrano,Militar,6,argentina,15
bello,Escritor/a,6,chile,13
calderón_colombia,Abogado/a,6,colombia,22
calderón_colombia,Periodista,6,colombia,22
camacho,Militar,6,colombia,24
chadwick,Abogado/a,6,chile,18
diez_canseco,Militar,6,peru,33
lavalle,Espectáculo/Media,6,peru,37
llosa,Militar,6,peru,14
osma,Abogado/a,6,peru,14
ospina,Escritor/a,6,colombia,35
pinto_chile,Militar,6,chile,50
puch,Militar,6,argentina,9
rocha,Militar,6,argentina,8
saadi,Abogado/a,6,argentina,7
samper,Escritor/a,6,colombia,28
urdaneta,Militar,6,colombia,21
vial,Militar,6,chile,38
zuviría,Militar,6,argentina,13
allende,Médico/a,5,chile,20
aylwin,Abogado/a,5,chile,12
azcuénaga,Militar,5,argentina,10
borja,Escritor/a,5,colombia,59
bullrich,Espectáculo/Media,5,argentina,12
caicedo,Académico/a,5,colombia,48
cayo,Espectáculo/Media,5,peru,7
cisneros,Abogado/a,5,peru,20
cisneros,Escritor/a,5,peru,20
claro_chile,Abogado/a,5,chile,14
cruz-coke,Espectáculo/Media,5,chile,7
cruz_chile,Abogado/a,5,chile,28
díaz_ceballos,Espectáculo/Media,5,mexico,8
edwards,Empresario/a,5,chile,36
eguiguren,Abogado/a,5,peru,13
errázuriz,Diplomático/a,5,chile,70
frayssinet,Espectáculo/Media,5,peru,7
galán,Abogado/a,5,colombia,17
lleras,Abogado/a,5,colombia,21
lozano,Abogado/a,5,colombia,13
mackenna,Empresario/a,5,chile,25
miró_quesada,Periodista,5,peru,22
mosquera,Abogado/a,5,colombia,16
pinal_hidalgo,Escritor/a,5,mexico,28
pizarro,Militar,5,chile,33
pumarejo,Empresario/a,5,colombia,11
samper,Abogado/a,5,colombia,28
san_martín,Militar,5,argentina,8
subercaseaux,Espectáculo/Media,5,chile,23
toro_venezuela,Diplomático/a,5,venezuela,32
toro_venezuela,Militar,5,venezuela,32
valdés_chile,Hacendado/a,5,chile,42
valencia,Diplomático/a,5,colombia,19
vial,Empresario/a,5,chile,38
vicuña,Ingeniero/a,5,chile,64
videla,Militar,5,argentina,15
zañartu,Abogado/a,5,chile,17
álvarez_calderón,Abogado/a,5,peru,22
álvarez_del_casal,Militar,5,colombia,22
álzaga,Militar,5,argentina,12
acevedo_colombia,Escritor/a,4,colombia,15
acuña_argentina,Abogado/a,4,argentina,10
alarco,Académico/a,4,peru,27
alarco,Empresario/a,4,peru,27
alvear,Abogado/a,4,argentina,16
argáez,Diplomático/a,4,colombia,8
ballivián,Militar,4,bolivia,8
borja,Militar,4,colombia,59
borrero,Empresario/a,4,colombia,39
borrero,Periodista,4,colombia,39
bulnes,Militar,4,chile,22
bunge,Escritor/a,4,argentina,15
bunster,Empresario/a,4,chile,6
cabal,Abogado/a,4,colombia,16
caballero,Escritor/a,4,colombia,10
chadwick,Empresario/a,4,chile,18
cisneros,Diplomático/a,4,peru,20
concha_chile,Escritor/a,4,chile,43
del_solar,Abogado/a,4,peru,20
del_solar,Diplomático/a,4,peru,20
díaz_lombardo,Espectáculo/Media,4,mexico,6
díaz_vélez,Militar,4,argentina,7
echenique,Espectáculo/Media,4,chile,13
errázuriz,Académico/a,4,chile,70
fontbona,Empresario/a,4,chile,6
galán,Periodista,4,colombia,17
jaramillo_colombia,Abogado/a,4,colombia,10
laserna,Abogado/a,4,colombia,12
lavalle,Académico/a,4,peru,37
lavalle,Empresario/a,4,peru,37
lleras,Escritor/a,4,colombia,21
luksic,Empresario/a,4,chile,7
maciel,Militar,4,argentina,8
matta,Abogado/a,4,chile,10
matte,Ingeniero/a,4,chile,43
miró_quesada,Abogado/a,4,peru,22
montt,Académico/a,4,chile,48
montt,Hacendado/a,4,chile,48
málaga,Espectáculo/Media,4,peru,16
olmos,Militar,4,colombia,11
onassis,Escritor/a,4,argentina,24
onassis,Espectáculo/Media,4,argentina,24
ospina,Empresario/a,4,colombia,35
ospina,Ingeniero/a,4,colombia,35
palacios_venezuela,Militar,4,venezuela,12
parra_chile,Escritor/a,4,chile,19
parís,Empresario/a,4,colombia,20
paz,Abogado/a,4,argentina,22
pinto_chile,Escritor/a,4,chile,50
portales,Militar,4,chile,30
portocarrero_perú,Escritor/a,4,peru,10
quintero,Abogado/a,4,colombia,14
ricaurte,Militar,4,colombia,13
rodríguez_larreta,Abogado/a,4,argentina,9
rojo,Militar,4,argentina,9
sodi,Abogado/a,4,mexico,14
sodi,Espectáculo/Media,4,mexico,14
ulloa,Religioso/a,4,peru,11
valencia,Abogado/a,4,colombia,19
velasco_chile,Escritor/a,4,chile,44
vergara-azcárate,Académico/a,4,colombia,22
vergara-azcárate,Espectáculo/Media,4,colombia,22
vicuña,Académico/a,4,chile,64
warnes,Militar,4,chile,10
zaldívar,Abogado/a,4,chile,11
zuviría,Escritor/a,4,argentina,13
álvarez_calderón,Empresario/a,4,peru,22
álvarez_del_casal,Abogado/a,4,colombia,22
acevedo_colombia,Militar,3,colombia,15
acuña,Empresario/a,3,peru,10
alayza,Ingeniero/a,3,peru,8
alsogaray,Militar,3,argentina,6
angelini,Empresario/a,3,chile,3
arboleda,Empresario/a,3,colombia,56
arboleda,Escritor/a,3,colombia,56
augier,Militar,3,argentina,4
awada,Empresario/a,3,argentina,5
aylwin,Espectáculo/Media,3,chile,12
baillères,Empresario/a,3,mexico,3
batlle,Abogado/a,3,uruguay,15
batlle,Empresario/a,3,uruguay,15
batlle,Periodista,3,uruguay,15
belgrano,Abogado/a,3,argentina,15
bello,Abogado/a,3,chile,13
benavides_perú,Académico/a,3,peru,17
benavides_perú,Empresario/a,3,peru,17
benavides_perú,Escritor/a,3,peru,17
borja,Abogado/a,3,colombia,59
borrero,Diplomático/a,3,colombia,39
borrero,Escritor/a,3,colombia,39
borrero,Militar,3,colombia,39
bunge,Abogado/a,3,argentina,15
caicedo,Empresario/a,3,colombia,48
calderón_hinojosa,Abogado/a,3,mexico,5
camargo,Periodista,3,colombia,11
cano,Espectáculo/Media,3,colombia,13
caro,Diplomático/a,3,colombia,17
char,Empresario/a,3,colombia,11
cisneros,Periodista,3,peru,20
cisneros_venezuela,Empresario/a,3,venezuela,4
concha_chile,Empresario/a,3,chile,43
concha_chile,Militar,3,chile,43
cueto,Empresario/a,3,chile,3
del_carril,Abogado/a,3,argentina,8
diez_canseco,Empresario/a,3,peru,33
diez_canseco,Escritor/a,3,peru,33
durán_colombia,Abogado/a,3,colombia,9
edwards,Abogado/a,3,chile,36
edwards,Hacendado/a,3,chile,36
elías,Empresario/a,3,peru,8
errázuriz,Ingeniero/a,3,chile,70
garcía-huidobro,Abogado/a,3,chile,30
garcía-huidobro,Escritor/a,3,chile,30
garcía-mansilla,Diplomático/a,3,argentina,17
gnecco,Abogado/a,3,colombia,20
gnecco,Académico/a,3,colombia,20
gnecco,Escritor/a,3,colombia,20
gonzález_de_cosío,Espectáculo/Media,3,mexico,12
graña,Empresario/a,3,peru,7
gómez_venezuela,Militar,3,venezuela,5
jaramillo_colombia,Empresario/a,3,colombia,10
kast,Abogado/a,3,chile,15
kast,Académico/a,3,chile,15
lavalle,Ingeniero/a,3,peru,37
lavalle,Militar,3,peru,37
lavín,Periodista,3,chile,16
mackenna,Espectáculo/Media,3,chile,25
madero,Empresario/a,3,mexico,10
matte,Escritor/a,3,chile,43
matte,Periodista,3,chile,43
navia,Espectáculo/Media,3,colombia,3
onassis,Empresario/a,3,argentina,24
pardo,Académico/a,3,colombia,9
pinedo,Abogado/a,3,argentina,6
pinedo,Militar,3,argentina,6
polar,Abogado/a,3,peru,10
polar,Académico/a,3,peru,10
portales,Abogado/a,3,chile,30
portocarrero_perú,Académico/a,3,peru,10
restrepo,Académico/a,3,colombia,30
rodríguez_saá,Abogado/a,3,argentina,8
rojas,Abogado/a,3,colombia,8
ruiz-massieu,Abogado/a,3,mexico,3
samper,Diplomático/a,3,colombia,28
samper,Militar,3,colombia,28
santa_cruz,Escritor/a,3,peru,6
segurola,Militar,3,argentina,9
subercaseaux,Abogado/a,3,chile,23
subercaseaux,Diplomático/a,3,chile,23
tamayo_perú,Escritor/a,3,peru,5
tenorio,Abogado/a,3,colombia,5
tohá,Académico/a,3,chile,9
toro_venezuela,Académico/a,3,venezuela,32
tristán_del_pozo,Militar,3,peru,9
umaña,Escritor/a,3,colombia,6
urdaneta,Escritor/a,3,colombia,21
valdés_chile,Diplomático/a,3,chile,42
velasco_chile,Ingeniero/a,3,chile,44
velasco_chile,Periodista,3,chile,44
vergara-azcárate,Abogado/a,3,colombia,22
vicuña,Artista visual,3,chile,64
vicuña,Diplomático/a,3,chile,64
vicuña,Militar,3,chile,64
vodanovic,Abogado/a,3,chile,6
walker_chile,Espectáculo/Media,3,chile,13
zaldívar,Militar,3,chile,11
álvarez_del_casal,Escritor/a,3,colombia,22
álzaga,Empresario/a,3,argentina,12
abal_medina,Abogado/a,2,argentina,5
acuña,Espectáculo/Media,2,peru,10
acuña,Ingeniero/a,2,peru,10
aguilar,Escritor/a,2,mexico,17
alarco,Escritor/a,2,peru,27
alemann,Abogado/a,2,argentina,7
allamand,Abogado/a,2,chile,7
allamand,Diplomático/a,2,chile,7
allamand,Espectáculo/Media,2,chile,7
allende,Artista visual,2,chile,20
alpoim,Militar,2,argentina,3
alsogaray,Académico/a,2,argentina,6
alvear,Militar,2,argentina,16
angulo,Abogado/a,2,colombia,4
arboleda,Académico/a,2,colombia,56
arboleda,Diplomático/a,2,colombia,56
argáez,Académico/a,2,colombia,8
astigueta,Abogado/a,2,argentina,4
aylwin,Académico/a,2,chile,12
azuola,Escritor/a,2,colombia,7
azuola,Periodista,2,colombia,7
balcarce,Hacendado/a,2,argentina,23
ballivián,Académico/a,2,bolivia,8
batlle,Militar,2,uruguay,15
belgrano,Empresario/a,2,argentina,15
bello,Artista visual,2,chile,13
benavides_perú,Abogado/a,2,peru,17
benegas,Académico/a,2,argentina,8
benegas,Empresario/a,2,argentina,8
bielsa,Abogado/a,2,argentina,5
billinghurst,Empresario/a,2,argentina,7
billinghurst,Espectáculo/Media,2,argentina,7
bordaberry,Abogado/a,2,uruguay,5
borja,Hacendado/a,2,colombia,59
bulgheroni,Empresario/a,2,argentina,4
bulnes,Académico/a,2,chile,22
bunge,Académico/a,2,argentina,15
bustamante,Abogado/a,2,peru,11
bustamante,Empresario/a,2,peru,11
bustamante,Militar,2,peru,11
cabal,Ingeniero/a,2,colombia,16
cabal,Militar,2,colombia,16
caballero,Diplomático/a,2,colombia,10
calderón_colombia,Académico/a,2,colombia,22
calderón_colombia,Escritor/a,2,colombia,22
camacho,Académico/a,2,colombia,24
camacho,Empresario/a,2,colombia,24
camargo,Abogado/a,2,colombia,11
camargo,Escritor/a,2,colombia,11
camargo,Espectáculo/Media,2,colombia,11
cano,Escritor/a,2,colombia,13
caro,Escritor/a,2,colombia,17
carreño,Abogado/a,2,colombia,8
char,Espectáculo/Media,2,colombia,11
char,Periodista,2,colombia,11
char,Político/a,2,colombia,11
cisneros,Militar,2,peru,20
claro_chile,Escritor/a,2,chile,14
concha_chile,Hacendado/a,2,chile,43
concha_chile,Ingeniero/a,2,chile,43
concha_chile,Médico/a,2,chile,43
cruz_chile,Académico/a,2,chile,28
cruz_chile,Político/a,2,chile,28
del_mazo,Abogado/a,2,mexico,5
del_solar,Espectáculo/Media,2,peru,20
diez_canseco,Diplomático/a,2,peru,33
diez_canseco,Ingeniero/a,2,peru,33
durán_colombia,Militar,2,colombia,9
echaurren,Espectáculo/Media,2,chile,40
echaurren,Hacendado/a,2,chile,40
echaurren,Militar,2,chile,40
echaurren,Político/a,2,chile,40
echenique,Académico/a,2,chile,13
echenique,Empresario/a,2,chile,13
edwards,Académico/a,2,chile,36
edwards,Diplomático/a,2,chile,36
edwards,Escritor/a,2,chile,36
edwards,Espectáculo/Media,2,chile,36
edwards,Periodista,2,chile,36
eguiguren,Hacendado/a,2,peru,13
errázuriz,Hacendado/a,2,chile,70
fontaine,Académico/a,2,chile,6
galeano,Militar,2,colombia,9
galán,Diplomático/a,2,colombia,17
garcía-huidobro,Artista visual,2,chile,30
garcía-huidobro,Empresario/a,2,chile,30
garcía-huidobro,Hacendado/a,2,chile,30
garcía-mansilla,Escritor/a,2,argentina,17
gnecco,Político/a,2,colombia,20
gonzález-olaechea,Diplomático/a,2,peru,5
gonzález_de_cosío,Abogado/a,2,mexico,12
gonzález_de_cosío,Militar,2,mexico,12
groot,Escritor/a,2,colombia,11
gutiérrez_díaz,Empresario/a,2,colombia,4
gómez_martínez,Diplomático/a,2,colombia,3
güemes,Abogado/a,2,argentina,11
güemes,Escritor/a,2,argentina,11
holguín,Académico/a,2,colombia,22
holguín,Diplomático/a,2,colombia,22
holguín,Escritor/a,2,colombia,22
holguín,Espectáculo/Media,2,colombia,22
largacha,Militar,2,colombia,2
laserna,Diplomático/a,2,colombia,12
lavalle,Diplomático/a,2,peru,37
lavín,Escritor/a,2,chile,16
leguía,Abogado/a,2,peru,6
leyva,Escritor/a,2,colombia,23
lleras,Empresario/a,2,colombia,21
lleras,Periodista,2,colombia,21
llosa,Académico/a,2,peru,14
mackenna,Militar,2,chile,25
mackenna,Periodista,2,chile,25
madero,Ingeniero/a,2,mexico,10
madero,Militar,2,mexico,10
matta,Empresario/a,2,chile,10
matte,Espectáculo/Media,2,chile,43
mendoza_ladrón_de_guevara,Escritor/a,2,chile,5
montt,Escritor/a,2,chile,48
montt,Espectáculo/Media,2,chile,48
montt,Militar,2,chile,48
morandé,Abogado/a,2,chile,11
morandé,Empresario/a,2,chile,11
mosquera,Diplomático/a,2,colombia,16
málaga,Académico/a,2,peru,16
nariño,Escritor/a,2,colombia,9
nariño,Militar,2,colombia,9
obregón,Abogado/a,2,colombia,9
obregón,Espectáculo/Media,2,colombia,9
onassis,Abogado/a,2,argentina,24
ortiz_basualdo,Abogado/a,2,argentina,12
ortiz_basualdo,Escritor/a,2,argentina,12
ortiz_de_rozas,Abogado/a,2,argentina,16
ortiz_de_rozas,Escritor/a,2,argentina,16
ortiz_de_zevallos,Abogado/a,2,peru,7
ortiz_de_zevallos,Espectáculo/Media,2,peru,7
osma,Diplomático/a,2,peru,14
ospina,Abogado/a,2,colombia,35
ospina,Académico/a,2,colombia,35
ospina,Diplomático/a,2,colombia,35
ospina,Hacendado/a,2,colombia,35
ospina,Periodista,2,colombia,35
pellegrini,Abogado/a,2,argentina,3
pinal_hidalgo,Abogado/a,2,mexico,28
pinto_chile,Académico/a,2,chile,50
pinto_chile,Empresario/a,2,chile,50
pinto_chile,Periodista,2,chile,50
pizarro,Escritor/a,2,chile,33
pizarro_colombia,Militar,2,colombia,2
polar,Diplomático/a,2,peru,10
polar,Escritor/a,2,peru,10
ponce_de_león,Abogado/a,2,uruguay,12
ponce_de_león,Espectáculo/Media,2,uruguay,12
ponce_de_león,Periodista,2,uruguay,12
portocarrero_perú,Abogado/a,2,peru,10
prado,Abogado/a,2,peru,11
prado,Empresario/a,2,peru,11
prado,Militar,2,peru,11
rawson,Militar,2,argentina,3
restrepo,Diplomático/a,2,colombia,30
restrepo,Empresario/a,2,colombia,30
robles,Escritor/a,2,peru,3
roca,Abogado/a,2,argentina,4
roca_y_rodríguez,Empresario/a,2,ecuador,9
rocca,Empresario/a,2,argentina,3
rojas,Militar,2,colombia,8
saavedra,Abogado/a,2,uruguay,8
saavedra,Militar,2,uruguay,8
salazar_y_meléndez,Escritor/a,2,peru,8
salazar_y_meléndez,Espectáculo/Media,2,peru,8
samper,Espectáculo/Media,2,colombia,28
sanz_de_santamaría,Militar,2,colombia,13
sarmiento,Diplomático/a,2,argentina,6
sarsfield,Escritor/a,2,argentina,7
sarsfield,Militar,2,argentina,7
saá,Militar,2,argentina,3
segurola,Escritor/a,2,argentina,9
silva_santisteban,Académico/a,2,peru,6
silva_santisteban,Escritor/a,2,peru,6
sodi,Académico/a,2,mexico,14
solari,Escritor/a,2,peru,4
subercaseaux,Empresario/a,2,chile,23
sánchez_de_bustamante,Abogado/a,2,argentina,4
tola,Escritor/a,2,peru,4
tola,Ingeniero/a,2,peru,4
toro_venezuela,Abogado/a,2,venezuela,32
toro_venezuela,Escritor/a,2,venezuela,32
torrijos,Abogado/a,2,colombia,3
umaña,Abogado/a,2,colombia,6
urdaneta,Diplomático/a,2,colombia,21
urdaneta,Periodista,2,colombia,21
ureta,Espectáculo/Media,2,peru,5
vaca_narvaja,Diplomático/a,2,argentina,4
valdivieso,Abogado/a,2,chile,11
valdivieso,Militar,2,chile,11
valdés_chile,Académico/a,2,chile,42
valdés_chile,Empresario/a,2,chile,42
valdés_chile,Ingeniero/a,2,chile,42
valdés_chile,Militar,2,chile,42
valdés_chile,Periodista,2,chile,42
velasco_chile,Académico/a,2,chile,44
velasco_chile,Militar,2,chile,44
vergara-azcárate,Militar,2,colombia,22
vial,Académico/a,2,chile,38
vial,Diplomático/a,2,chile,38
vicuña,Empresario/a,2,chile,64
vodanovic,Periodista,2,chile,6
vértiz,Empresario/a,2,peru,6
vértiz,Espectáculo/Media,2,peru,6
warnes,Abogado/a,2,chile,10
yerovi,Escritor/a,2,peru,4
zea,Académico/a,2,colombia,11
zea,Espectáculo/Media,2,colombia,11
álvarez_calderón,Académico/a,2,peru,22
álvarez_calderón,Periodista,2,peru,22
álvarez_de_toledo_argentina,Periodista,2,argentina,7
abal_medina,Académico/a,1,argentina,5
acevedo_colombia,Académico/a,1,colombia,15
acuña,Académico/a,1,peru,10
acuña,Político/a,1,peru,10
acuña_argentina,Artista visual,1,argentina,10
acuña_argentina,Escritor/a,1,argentina,10
acuña_argentina,Político/a,1,argentina,10
aguilar,Periodista,1,mexico,17
alarco,Diplomático/a,1,peru,27
alarco,Ingeniero/a,1,peru,27
alarco,Periodista,1,peru,27
alayza,Abogado/a,1,peru,8
alayza,Diplomático/a,1,peru,8
alayza,Espectáculo/Media,1,peru,8
alemann,Empresario/a,1,argentina,7
alemann,Espectáculo/Media,1,argentina,7
alemann,Periodista,1,argentina,7
allamand,Empresario/a,1,chile,7
allende,Abogado/a,1,chile,20
alsogaray,Ingeniero/a,1,argentina,6
alvear,Empresario/a,1,argentina,16
alvear,Escritor/a,1,argentina,16
alvear,Espectáculo/Media,1,argentina,16
alvear,Periodista,1,argentina,16
angulo,Diplomático/a,1,colombia,4
angulo,Militar,1,colombia,4
arboleda,Espectáculo/Media,1,colombia,56
arboleda,Ingeniero/a,1,colombia,56
argáez,Periodista,1,colombia,8
astigueta,Diplomático/a,1,argentina,4
augier,Empresario/a,1,argentina,4
awada,Académico/a,1,argentina,5
awada,Espectáculo/Media,1,argentina,5
ayala,Abogado/a,1,colombia,5
ayala,Diplomático/a,1,colombia,5
ayala,Empresario/a,1,colombia,5
aylwin,Empresario/a,1,chile,12
azcuénaga,Abogado/a,1,argentina,10
azcuénaga,Empresario/a,1,argentina,10
azuola,Abogado/a,1,colombia,7
azuola,Militar,1,colombia,7
bachelet,Militar,1,chile,5
balcarce,Empresario/a,1,argentina,23
balcarce,Escritor/a,1,argentina,23
balcarce,Político/a,1,argentina,23
ballivián,Diplomático/a,1,bolivia,8
ballivián,Escritor/a,1,bolivia,8
batlle,Escritor/a,1,uruguay,15
belgrano,Escritor/a,1,argentina,15
bello,Diplomático/a,1,chile,13
bello,Ingeniero/a,1,chile,13
benavides_perú,Diplomático/a,1,peru,17
benavides_perú,Militar,1,peru,17
benegas,Abogado/a,1,argentina,8
benegas,Escritor/a,1,argentina,8
benegas,Militar,1,argentina,8
benegas,Periodista,1,argentina,8
bielsa,Académico/a,1,argentina,5
bielsa,Escritor/a,1,argentina,5
billinghurst,Periodista,1,argentina,7
bitar,Académico/a,1,chile,3
bitar,Empresario/a,1,chile,3
bitar,Ingeniero/a,1,chile,3
bolívar,Militar,1,venezuela,9
bolívar,Político/a,1,venezuela,9
borrero,Espectáculo/Media,1,colombia,39
borrero,Ingeniero/a,1,colombia,39
bullrich,Artista visual,1,argentina,12
bullrich,Escritor/a,1,argentina,12
bulnes,Empresario/a,1,chile,22
bulnes,Espectáculo/Media,1,chile,22
bulnes,Ingeniero/a,1,chile,22
bunge,Empresario/a,1,argentina,15
bunge,Militar,1,argentina,15
bunster,Académico/a,1,chile,6
bustamante,Académico/a,1,peru,11
bustamante,Escritor/a,1,peru,11
cabal,Diplomático/a,1,colombia,16
cabal,Empresario/a,1,colombia,16
cabal,Escritor/a,1,colombia,16
cabal,Espectáculo/Media,1,colombia,16
cabal,Periodista,1,colombia,16
caballero,Abogado/a,1,colombia,10
caballero,Artista visual,1,colombia,10
caballero,Espectáculo/Media,1,colombia,10
caballero,Militar,1,colombia,10
cafiero,Empresario/a,1,argentina,4
cafiero,Político/a,1,argentina,4
caicedo,Diplomático/a,1,colombia,48
caicedo,Escritor/a,1,colombia,48
caicedo,Espectáculo/Media,1,colombia,48
caicedo,Periodista,1,colombia,48
calderón_colombia,Artista visual,1,colombia,22
calderón_colombia,Militar,1,colombia,22
calderón_colombia,Político/a,1,colombia,22
calderón_hinojosa,Escritor/a,1,mexico,5
camacho,Espectáculo/Media,1,colombia,24
camargo,Militar,1,colombia,11
cano,Político/a,1,colombia,13
caputo,Académico/a,1,argentina,4
caputo,Diplomático/a,1,argentina,4
caputo,Empresario/a,1,argentina,4
caro,Abogado/a,1,colombia,17
caro,Artista visual,1,colombia,17
caro,Militar,1,colombia,17
carreño,Académico/a,1,colombia,8
carreño,Diplomático/a,1,colombia,8
carreño,Espectáculo/Media,1,colombia,8
carrizosa,Abogado/a,1,colombia,6
carrizosa,Académico/a,1,colombia,6
carrizosa,Militar,1,colombia,6
casas,Abogado/a,1,colombia,5
casas,Académico/a,1,colombia,5
casas,Diplomático/a,1,colombia,5
casas,Militar,1,colombia,5
casas,Periodista,1,colombia,5
cayo,Académico/a,1,peru,7
cayo,Empresario/a,1,peru,7
chadwick,Escritor/a,1,chile,18
char,Ingeniero/a,1,colombia,11
cisneros,Académico/a,1,peru,20
claro_chile,Académico/a,1,chile,14
claro_chile,Ingeniero/a,1,chile,14
claro_chile,Político/a,1,chile,14
claro_chile,Religioso/a,1,chile,14
concha_chile,Académico/a,1,chile,43
cordovéz,Escritor/a,1,colombia,5
cordovéz,Espectáculo/Media,1,colombia,5
cortés_de_monroy,Militar,1,chile,11
cruz-coke,Abogado/a,1,chile,7
cruz-coke,Académico/a,1,chile,7
cruz_chile,Diplomático/a,1,chile,28
cruz_chile,Empresario/a,1,chile,28
de_habich,Abogado/a,1,peru,7
de_habich,Académico/a,1,peru,7
de_habich,Artista visual,1,peru,7
de_habich,Escritor/a,1,peru,7
de_habich,Ingeniero/a,1,peru,7
del_carril,Artista visual,1,argentina,8
del_carril,Diplomático/a,1,argentina,8
del_carril,Espectáculo/Media,1,argentina,8
del_mazo,Diplomático/a,1,mexico,5
del_mazo,Ingeniero/a,1,mexico,5
del_solar,Académico/a,1,peru,20
del_solar,Escritor/a,1,peru,20
del_solar,Hacendado/a,1,peru,20
del_solar,Militar,1,peru,20
di_girolamo,Académico/a,1,chile,16
di_girolamo,Empresario/a,1,chile,16
di_girolamo,Escritor/a,1,chile,16
diez_canseco,Académico/a,1,peru,33
diez_canseco,Periodista,1,peru,33
diez_canseco,Político/a,1,peru,33
durán_colombia,Académico/a,1,colombia,9
durán_colombia,Empresario/a,1,colombia,9
durán_colombia,Escritor/a,1,colombia,9
díaz_ceballos,Diplomático/a,1,mexico,8
díaz_ceballos,Empresario/a,1,mexico,8
díaz_ordaz,Abogado/a,1,mexico,6
díaz_ordaz,Empresario/a,1,mexico,6
díaz_ordaz,Escritor/a,1,mexico,6
díaz_ordaz,Espectáculo/Media,1,mexico,6
díaz_ordaz,Militar,1,mexico,6
díaz_vélez,Diplomático/a,1,argentina,7
díez_marina,Militar,1,mexico,3
echaurren,Empresario/a,1,chile,40
echaurren,Escritor/a,1,chile,40
echenique,Abogado/a,1,chile,13
echenique,Diplomático/a,1,chile,13
eder,Abogado/a,1,colombia,4
edwards,Ingeniero/a,1,chile,36
eguiguren,Diplomático/a,1,peru,13
elías,Abogado/a,1,peru,8
elías,Escritor/a,1,peru,8
elías,Espectáculo/Media,1,peru,8
errázuriz,Artista visual,1,chile,70
errázuriz,Espectáculo/Media,1,chile,70
errázuriz,Militar,1,chile,70
errázuriz,Periodista,1,chile,70
errázuriz,Religioso/a,1,chile,70
escalada,Empresario/a,1,argentina,4
escalada,Militar,1,argentina,4
farías,Académico/a,1,mexico,7
farías,Empresario/a,1,mexico,7
farías,Ingeniero/a,1,mexico,7
farías,Militar,1,mexico,7
febres-cordero,Abogado/a,1,venezuela,8
febres-cordero,Empresario/a,1,venezuela,8
febres-cordero,Escritor/a,1,venezuela,8
febres-cordero,Militar,1,venezuela,8
fontaine,Abogado/a,1,chile,6
fontaine,Empresario/a,1,chile,6
fontaine,Escritor/a,1,chile,6
fontaine,Periodista,1,chile,6
fontbona,Político/a,1,chile,6
frayssinet,Periodista,1,peru,7
galeano,Abogado/a,1,colombia,9
galán,Ingeniero/a,1,colombia,17
galán,Militar,1,colombia,17
garcía-huidobro,Ingeniero/a,1,chile,30
garcía-huidobro,Periodista,1,chile,30
garcía-mansilla,Abogado/a,1,argentina,17
garcía-mansilla,Político/a,1,argentina,17
garcía_de_sobrecasa,Militar,1,argentina,1
garcía_de_zúñiga,Ingeniero/a,1,argentina,11
garcía_de_zúñiga,Político/a,1,argentina,11
gnecco,Hacendado/a,1,colombia,20
gonzález-olaechea,Abogado/a,1,peru,5
gonzález-olaechea,Académico/a,1,peru,5
gonzález_de_cosío,Académico/a,1,mexico,12
gonzález_de_cosío,Ingeniero/a,1,mexico,12
gorriti,Escritor/a,1,argentina,5
gorriti,Militar,1,argentina,5
gorriti,Religioso/a,1,argentina,5
graña,Artista visual,1,peru,7
graña,Espectáculo/Media,1,peru,7
graña,Periodista,1,peru,7
groot,Abogado/a,1,colombia,11
groot,Militar,1,colombia,11
gutiérrez_díaz,Abogado/a,1,colombia,4
gómez_farías,Académico/a,1,mexico,3
güemes,Espectáculo/Media,1,argentina,11
güemes,Ingeniero/a,1,argentina,11
güemes,Militar,1,argentina,11
hales,Abogado/a,1,chile,3
hales,Espectáculo/Media,1,chile,3
herrera,Abogado/a,1,colombia,2
holguín,Artista visual,1,colombia,22
holguín,Periodista,1,colombia,22
kast,Espectáculo/Media,1,chile,15
kast,Ingeniero/a,1,chile,15
kast,Periodista,1,chile,15
laserna,Académico/a,1,colombia,12
laserna,Periodista,1,colombia,12
lavalle,Médico/a,1,peru,37
lavín,Académico/a,1,chile,16
lavín,Empresario/a,1,chile,16
lavín,Espectáculo/Media,1,chile,16
lavín,Médico/a,1,chile,16
lavín,Político/a,1,chile,16
leguía,Empresario/a,1,peru,6
leguía,Escritor/a,1,peru,6
leguía,Hacendado/a,1,peru,6
leyva,Artista visual,1,colombia,23
leyva,Espectáculo/Media,1,colombia,23
lleras,Académico/a,1,colombia,21
lleras,Diplomático/a,1,colombia,21
lleras,Militar,1,colombia,21
llinás,Espectáculo/Media,1,colombia,4
llosa,Abogado/a,1,peru,14
llosa,Diplomático/a,1,peru,14
llosa,Ingeniero/a,1,peru,14
llosa,Periodista,1,peru,14
lozano,Artista visual,1,colombia,13
lozano,Escritor/a,1,colombia,13
lozano,Militar,1,colombia,13
luksic,Abogado/a,1,chile,7
luksic,Periodista,1,chile,7
maciel,Abogado/a,1,argentina,8
maciel,Académico/a,1,argentina,8
maciel,Hacendado/a,1,argentina,8
mackenna,Escritor/a,1,chile,25
mackenna,Hacendado/a,1,chile,25
malo,Abogado/a,1,mexico,3
malo,Espectáculo/Media,1,mexico,3
malo,Militar,1,mexico,3
manrique,Abogado/a,1,colombia,8
manrique,Militar,1,colombia,8
mansilla,Escritor/a,1,argentina,2
mansilla,Militar,1,argentina,2
matta,Diplomático/a,1,chile,10
matta,Político/a,1,chile,10
mazuera,Artista visual,1,colombia,2
mazuera,Empresario/a,1,colombia,2
mendoza_ladrón_de_guevara,Espectáculo/Media,1,chile,5
mendoza_ladrón_de_guevara,Periodista,1,chile,5
miró_quesada,Diplomático/a,1,peru,22
miró_quesada,Ingeniero/a,1,peru,22
miró_quesada,Militar,1,peru,22
montt,Médico/a,1,chile,48
morales_bermúdez,Militar,1,peru,4
morandé,Escritor/a,1,chile,11
morandé,Espectáculo/Media,1,chile,11
morandé,Religioso/a,1,chile,11
moreyra,Abogado/a,1,peru,4
moreyra,Empresario/a,1,peru,4
moreyra,Ingeniero/a,1,peru,4
mosquera,Militar,1,colombia,16
málaga,Artista visual,1,peru,16
málaga,Empresario/a,1,peru,16
málaga,Ingeniero/a,1,peru,16
málaga,Militar,1,peru,16
nariño,Artista visual,1,colombia,9
neyra,Abogado/a,1,peru,11
neyra,Escritor/a,1,peru,11
obregón,Académico/a,1,colombia,9
obregón,Artista visual,1,colombia,9
obregón,Escritor/a,1,colombia,9
odriozola,Militar,1,peru,3
olmos,Político/a,1,colombia,11
onassis,Diplomático/a,1,argentina,24
onassis,Periodista,1,argentina,24
orbegoso,Escritor/a,1,peru,6
orbegoso,Militar,1,peru,6
orbegoso,Periodista,1,peru,6
ortiz_basualdo,Académico/a,1,argentina,12
ortiz_basualdo,Empresario/a,1,argentina,12
ortiz_basualdo,Médico/a,1,argentina,12
ortiz_de_zevallos,Empresario/a,1,peru,7
osma,Artista visual,1,peru,14
osma,Militar,1,peru,14
ospina,Político/a,1,colombia,35
otálora,Abogado/a,1,argentina,15
otálora,Empresario/a,1,argentina,15
otálora,Hacendado/a,1,argentina,15
pachón,Académico/a,1,colombia,4
pachón,Diplomático/a,1,colombia,4
pachón,Espectáculo/Media,1,colombia,4
pachón,Periodista,1,colombia,4
palacios_venezuela,Académico/a,1,venezuela,12
palacios_venezuela,Espectáculo/Media,1,venezuela,12
palacios_venezuela,Político/a,1,venezuela,12
pardo,Abogado/a,1,colombia,9
pardo,Diplomático/a,1,colombia,9
pardo,Empresario/a,1,colombia,9
pardo,Militar,1,colombia,9
pardo,Periodista,1,colombia,9
parra_chile,Académico/a,1,chile,19
parra_chile,Artista visual,1,chile,19
parís,Escritor/a,1,colombia,20
parís,Ingeniero/a,1,colombia,20
paz,Diplomático/a,1,argentina,22
paz,Empresario/a,1,argentina,22
paz,Periodista,1,argentina,22
pedraza,Empresario/a,1,argentina,1
pellegrini,Ingeniero/a,1,argentina,3
pinto_chile,Artista visual,1,chile,50
pinto_chile,Ingeniero/a,1,chile,50
pinto_chile,Médico/a,1,chile,50
pizarro,Abogado/a,1,chile,33
pizarro,Político/a,1,chile,33
ponce_de_león,Militar,1,uruguay,12
ponce_de_león,Religioso/a,1,uruguay,12
portales,Escritor/a,1,chile,30
portales,Hacendado/a,1,chile,30
portocarrero_perú,Ingeniero/a,1,peru,10
prado,Académico/a,1,peru,11
prado,Diplomático/a,1,peru,11
prieto,Abogado/a,1,chile,4
pumarejo,Abogado/a,1,colombia,11
pumarejo,Militar,1,colombia,11
pumarejo,Político/a,1,colombia,11
quintero,Diplomático/a,1,colombia,14
quintero,Militar,1,colombia,14
quintero,Periodista,1,colombia,14
rawson,Académico/a,1,argentina,3
restrepo,Militar,1,colombia,30
restrepo,Médico/a,1,colombia,30
restrepo,Religioso/a,1,colombia,30
ricaurte,Abogado/a,1,colombia,13
ricaurte,Diplomático/a,1,colombia,13
ricaurte,Escritor/a,1,colombia,13
roca,Empresario/a,1,argentina,4
roca_y_rodríguez,Abogado/a,1,ecuador,9
roca_y_rodríguez,Escritor/a,1,ecuador,9
roca_y_rodríguez,Espectáculo/Media,1,ecuador,9
roca_y_rodríguez,Hacendado/a,1,ecuador,9
roca_y_rodríguez,Periodista,1,ecuador,9
rocha,Hacendado/a,1,argentina,8
rodríguez_larreta,Académico/a,1,argentina,9
rodríguez_larreta,Diplomático/a,1,argentina,9
rodríguez_saá,Militar,1,argentina,8
rojas,Académico/a,1,colombia,8
rojas,Médico/a,1,colombia,8
rojo,Abogado/a,1,argentina,9
rojo,Artista visual,1,argentina,9
rojo,Empresario/a,1,argentina,9
saadi,Médico/a,1,argentina,7
saavedra,Empresario/a,1,uruguay,8
saavedra,Periodista,1,uruguay,8
sabogal,Escritor/a,1,peru,1
salazar_y_meléndez,Abogado/a,1,peru,8
salazar_y_meléndez,Empresario/a,1,peru,8
salazar_y_meléndez,Periodista,1,peru,8
samper,Artista visual,1,colombia,28
samper,Empresario/a,1,colombia,28
santa_cruz,Espectáculo/Media,1,peru,6
santa_cruz,Militar,1,peru,6
santiago_concha,Escritor/a,1,chile,8
santiago_concha,Militar,1,chile,8
santo_domingo,Escritor/a,1,colombia,3
santos,Abogado/a,1,colombia,10
santos,Diplomático/a,1,colombia,10
santos,Escritor/a,1,colombia,10
santos,Militar,1,colombia,10
santos,Político/a,1,colombia,10
sanz_de_santamaría,Abogado/a,1,colombia,13
sanz_de_santamaría,Académico/a,1,colombia,13
sanz_de_santamaría,Diplomático/a,1,colombia,13
sanz_de_santamaría,Empresario/a,1,colombia,13
sanz_de_santamaría,Ingeniero/a,1,colombia,13
sarmiento,Artista visual,1,argentina,6
sarsfield,Abogado/a,1,argentina,7
sarsfield,Académico/a,1,argentina,7
saá,Abogado/a,1,argentina,3
segurola,Abogado/a,1,argentina,9
segurola,Empresario/a,1,argentina,9
segurola,Hacendado/a,1,argentina,9
segurola,Religioso/a,1,argentina,9
silva_santisteban,Ingeniero/a,1,peru,6
sodi,Artista visual,1,mexico,14
sodi,Empresario/a,1,mexico,14
sodi,Escritor/a,1,mexico,14
solari,Abogado/a,1,peru,4
soublette,Empresario/a,1,colombia,1
subercaseaux,Académico/a,1,chile,23
subercaseaux,Escritor/a,1,chile,23
subercaseaux,Hacendado/a,1,chile,23
subercaseaux,Ingeniero/a,1,chile,23
sánchez-concha,Artista visual,1,peru,1
sánchez_de_bustamante,Militar,1,argentina,4
tamayo_perú,Ingeniero/a,1,peru,5
tito,Político/a,1,peru,3
tohá,Abogado/a,1,chile,9
tohá,Diplomático/a,1,chile,9
tohá,Escritor/a,1,chile,9
tohá,Ingeniero/a,1,chile,9
toro_venezuela,Político/a,1,venezuela,32
tristán_del_pozo,Escritor/a,1,peru,9
turbay,Abogado/a,1,colombia,10
turbay,Académico/a,1,colombia,10
turbay,Espectáculo/Media,1,colombia,10
turbay,Periodista,1,colombia,10
ulloa,Diplomático/a,1,peru,11
ulloa,Escritor/a,1,peru,11
ulloa,Espectáculo/Media,1,peru,11
umaña,Periodista,1,colombia,6
undurraga,Abogado/a,1,chile,5
undurraga,Escritor/a,1,chile,5
undurraga,Espectáculo/Media,1,chile,5
urdaneta,Espectáculo/Media,1,colombia,21
urdaneta,Político/a,1,colombia,21
ureta,Abogado/a,1,peru,5
ureta,Diplomático/a,1,peru,5
ureta,Militar,1,peru,5
vaca_narvaja,Abogado/a,1,argentina,4
valdivieso,Escritor/a,1,chile,11
valdivieso,Espectáculo/Media,1,chile,11
valdivieso,Hacendado/a,1,chile,11
valdivieso,Médico/a,1,chile,11
valencia,Empresario/a,1,colombia,19
valencia,Escritor/a,1,colombia,19
valencia,Ingeniero/a,1,colombia,19
valencia,Militar,1,colombia,19
velasco_chile,Empresario/a,1,chile,44
vergara-azcárate,Empresario/a,1,colombia,22
vergara-azcárate,Escritor/a,1,colombia,22
vial,Escritor/a,1,chile,38
vial,Hacendado/a,1,chile,38
vial,Médico/a,1,chile,38
vial,Periodista,1,chile,38
vicuña,Hacendado/a,1,chile,64
videla,Abogado/a,1,argentina,15
videla,Diplomático/a,1,argentina,15
videla,Empresario/a,1,argentina,15
videla,Ingeniero/a,1,argentina,15
villaveces,Empresario/a,1,colombia,2
vodanovic,Académico/a,1,chile,6
vértiz,Periodista,1,peru,6
walker_chile,Empresario/a,1,chile,13
walker_chile,Periodista,1,chile,13
yerovi,Espectáculo/Media,1,peru,4
zaldívar,Empresario/a,1,chile,11
zañartu,Empresario/a,1,chile,17
zañartu,Escritor/a,1,chile,17
zañartu,Hacendado/a,1,chile,17
zea,Abogado/a,1,colombia,11
zea,Diplomático/a,1,colombia,11
zea,Empresario/a,1,colombia,11
zuviría,Abogado/a,1,argentina,13
zuviría,Espectáculo/Media,1,argentina,13
álvarez_calderón,Artista visual,1,peru,22
álvarez_calderón,Religioso/a,1,peru,22
álvarez_de_toledo_argentina,Diplomático/a,1,argentina,7
álvarez_de_toledo_argentina,Empresario/a,1,argentina,7
álvarez_de_toledo_argentina,Espectáculo/Media,1,argentina,7
álvarez_del_casal,Artista visual,1,colombia,22
álvarez_del_casal,Empresario/a,1,colombia,22
álzaga,Ingeniero/a,1,argentina,12
