pais,nombre,url,grado,betweenness,ranking
argentina,Manuel Rafael García Aguirre,https://es.wikipedia.org/wiki/Manuel_Rafael_Garc%C3%ADa_Aguirre,9,66.64285714285714,1
argentina,Eduarda Mansilla,https://es.wikipedia.org/wiki/Eduarda_Mansilla,9,122.50000000000001,2
argentina,León Ortiz de Rozas,https://es.wikipedia.org/wiki/Le%C3%B3n_Ortiz_de_Rozas,8,134,3
argentina,Agustina López de Osornio,https://es.wikipedia.org/wiki/Agustina_L%C3%B3pez_de_Osornio,8,134,4
argentina,María de los Remedios de Escalada,https://es.wikipedia.org/wiki/Mar%C3%ADa_de_los_Remedios_de_Escalada,8,101.60000000000001,5
argentina,Antonio José de Escalada,https://es.wikipedia.org/wiki/Antonio_Jos%C3%A9_de_Escalada,8,32.85,6
argentina,Ana Jacoba García de Zúñiga,https://es.wikipedia.org/wiki/Ana_Jacoba_Garc%C3%ADa_de_Z%C3%BA%C3%B1iga,7,49,7
argentina,Agustina Ortiz de Rozas,https://es.wikipedia.org/wiki/Agustina_Ortiz_de_Rozas,7,237.64285714285714,8
argentina,Eduarda Mansilla,https://es.wikipedia.org/wiki/Eduarda_Damasia_Mansilla,7,79,9
argentina,Juan Vicente Podestá,https://es.wikipedia.org/wiki/Juan_Vicente_Podest%C3%A1,7,88,10
argentina,Manuel Antonio José Warnes,https://es.wikipedia.org/wiki/Manuel_Antonio_Jos%C3%A9_Warnes,6,7,11
argentina,Jacqueline Kennedy Onassis,https://es.wikipedia.org/wiki/Jacqueline_Kennedy_Onassis,6,127.5,12
argentina,John F. Kennedy,https://es.wikipedia.org/wiki/John_F._Kennedy,6,49.5,13
argentina,John F. Kennedy Jr.,https://es.wikipedia.org/wiki/John_F._Kennedy_Jr.,6,74,14
argentina,Carlos Menem,https://es.wikipedia.org/wiki/Carlos_Menem,6,9.833333333333332,15
argentina,Carlos María de Alvear,https://es.wikipedia.org/wiki/Carlos_Mar%C3%ADa_de_Alvear,6,23,16
argentina,Pedro Podestá,https://es.wikipedia.org/wiki/Pedro_Podest%C3%A1,6,84,17
argentina,María Teresa Torterolo,https://es.wikipedia.org/wiki/Mar%C3%ADa_Teresa_Torterolo,6,84,18
bolivia,Adolfo Ballivián,https://es.wikipedia.org/wiki/Adolfo_Ballivi%C3%A1n,2,2,1
bolivia,José Ballivián,https://es.wikipedia.org/wiki/Jos%C3%A9_Ballivi%C3%A1n,2,2,2
bolivia,Manuela Micaela Ignacia Fernández-Campero,https://es.wikipedia.org/wiki/Manuela_Micaela_Ignacia_Fern%C3%A1ndez-Campero,2,1,3
bolivia,Lindaura Anzoátegui Campero,https://es.wikipedia.org/wiki/Lindaura_Anzo%C3%A1tegui_Campero,1,0,4
bolivia,Narciso Campero,https://es.wikipedia.org/wiki/Narciso_Campero,1,0,5
bolivia,Ana María Romero,https://es.wikipedia.org/wiki/Ana_Mar%C3%ADa_Romero,1,0,6
bolivia,Gonzalo Romero Álvarez,https://es.wikipedia.org/wiki/Gonzalo_Romero_%C3%81lvarez,1,0,7
bolivia,Adolfo Ballivián Grimwood,https://es.wikipedia.org/wiki/Adolfo_Ballivi%C3%A1n_Grimwood,1,0,8
bolivia,Jorge Ballivián,https://es.wikipedia.org/wiki/Jorge_Ballivi%C3%A1n,1,0,9
bolivia,María Esther Ballivián,https://es.wikipedia.org/wiki/Mar%C3%ADa_Esther_Ballivi%C3%A1n,1,0,10
bolivia,Rafael Ballivián,https://es.wikipedia.org/wiki/Rafael_Ballivi%C3%A1n,1,0,11
bolivia,Juan José Fernández-Campero de Herrera,https://es.wikipedia.org/wiki/Juan_Jos%C3%A9_Fern%C3%A1ndez-Campero_de_Herrera,1,0,12
bolivia,Juan José Gervasio Fernández-Campero,https://es.wikipedia.org/wiki/Juan_Jos%C3%A9_Gervasio_Fern%C3%A1ndez-Campero,1,0,13
chile,Francisco Javier de Errázuriz Madariaga,https://es.wikipedia.org/wiki/Francisco_Javier_de_Err%C3%A1zuriz_Madariaga,8,181.58333333333334,1
chile,Agustín Edwards Ross,https://es.wikipedia.org/wiki/Agust%C3%ADn_Edwards_Ross,7,71.33333333333333,2
chile,Arturo Alessandri,https://es.wikipedia.org/wiki/Arturo_Alessandri,7,6.166666666666666,3
chile,Rosa Rodríguez (primera dama),https://es.wikipedia.org/wiki/Rosa_Ester_Rodr%C3%ADguez_Velasco,7,6.166666666666666,4
chile,Manuel de Balmaceda Ballesteros,https://es.wikipedia.org/wiki/Manuel_de_Balmaceda_Ballesteros,6,66.41666666666667,5
chile,José Manuel Balmaceda,https://es.wikipedia.org/wiki/Jos%C3%A9_Manuel_Balmaceda,6,33,6
chile,Domingo Matte Mesías,https://es.wikipedia.org/wiki/Domingo_Matte_Mes%C3%ADas,6,54.5,7
chile,Manuel Bulnes,https://es.wikipedia.org/wiki/Manuel_Bulnes,6,44.8,8
chile,Cristián Campos,https://es.wikipedia.org/wiki/Cristi%C3%A1n_Campos,6,57,9
chile,Eulogia Echaurren,https://es.wikipedia.org/wiki/Eulogia_Echaurren,6,84.04761904761904,10
chile,Andrónico Lukšić Abaroa,https://es.wikipedia.org/wiki/Andr%C3%B3nico_Luk%C5%A1i%C4%87_Abaroa,6,25.5,11
chile,Hernán Alessandri,https://es.wikipedia.org/wiki/Hern%C3%A1n_Alessandri,6,19.533333333333335,12
chile,Rosa Rodríguez (primera dama),https://es.wikipedia.org/wiki/Rosa_Rodr%C3%ADguez_%28primera_dama%29,6,6,13
chile,Arturo Alessandri,https://es.wikipedia.org/wiki/Arturo_Alessandri_Palma,6,6,14
chile,Patricio Aylwin,https://es.wikipedia.org/wiki/Patricio_Aylwin,5,20.666666666666668,15
chile,Pedro Íñiguez Larraín,https://es.wikipedia.org/wiki/Pedro_%C3%8D%C3%B1iguez_Larra%C3%ADn,5,13.833333333333332,16
chile,María Luisa Carvajal Dávalos,https://es.wikipedia.org/wiki/Mar%C3%ADa_Luisa_Carvajal_D%C3%A1valos,5,30.499999999999996,17
chile,Bernardo O'Higgins,https://es.wikipedia.org/wiki/Bernardo_O%27Higgins,5,9,18
chile,Claudia di Girolamo,https://es.wikipedia.org/wiki/Claudia_di_Girolamo,5,56,19
chile,Eulogia Echaurren,https://es.wikipedia.org/wiki/Eulogia_Echaurren_Garc%C3%ADa-Huidobro,5,51,20
chile,Agustín Edwards Ossandón,https://es.wikipedia.org/wiki/Agust%C3%ADn_Edwards_Ossand%C3%B3n,5,47,21
chile,Fernando Errázuriz,https://es.wikipedia.org/wiki/Fernando_Err%C3%A1zuriz,5,43.08333333333333,22
chile,Ramón Subercaseaux Vicuña,https://es.wikipedia.org/wiki/Ram%C3%B3n_Subercaseaux_Vicu%C3%B1a,5,36,23
chile,Ramón Subercaseaux Mercado,https://es.wikipedia.org/wiki/Ram%C3%B3n_Subercaseaux_Mercado,5,26,24
chile,Magdalena Vicuña Aguirre,https://es.wikipedia.org/wiki/Magdalena_Vicu%C3%B1a_Aguirre,5,36.5,25
chile,Liborio Ramón Freire Caldera,https://es.wikipedia.org/wiki/Liborio_Ram%C3%B3n_Freire_Caldera,5,6.833333333333334,26
chile,Ramón Freire,https://es.wikipedia.org/wiki/Ram%C3%B3n_Freire,5,1.5,27
chile,Manuela Caldera,https://es.wikipedia.org/wiki/Manuela_Caldera_Mascayano,5,1.5,28
chile,Francisca García-Huidobro,https://es.wikipedia.org/wiki/Francisca_Garc%C3%ADa-Huidobro,5,18,29
chile,Miguel Kast,https://es.wikipedia.org/wiki/Miguel_Kast,5,31.299999999999997,30
chile,Magdalena Matte,https://es.wikipedia.org/wiki/Magdalena_Matte,5,25.333333333333336,31
chile,Lucía Hiriart,https://es.wikipedia.org/wiki/Luc%C3%ADa_Hiriart,5,3.833333333333333,32
chile,Lucía Pinochet,https://es.wikipedia.org/wiki/Luc%C3%ADa_Pinochet,5,7.083333333333333,33
chile,Claudio Arredondo,https://es.wikipedia.org/wiki/Claudio_Arredondo,5,8,34
chile,Amparo Noguera,https://es.wikipedia.org/wiki/Amparo_Noguera,5,46,35
chile,Arturo Alessandri Rodríguez,https://es.wikipedia.org/wiki/Arturo_Alessandri_Rodr%C3%ADguez,5,10.533333333333335,36
chile,José Miguel Vicuña,https://es.wikipedia.org/wiki/Jos%C3%A9_Miguel_Vicu%C3%B1a,5,16.5,37
chile,Eliana Navarro,https://es.wikipedia.org/wiki/Eliana_Navarro,5,8.5,38
chile,Salvador Allende Castro,https://es.wikipedia.org/wiki/Salvador_Allende_Castro,5,67.25,39
chile,Laura Allende Gossens,https://es.wikipedia.org/wiki/Laura_Allende_Gossens,5,50,40
chile,Beatriz Allende,https://es.wikipedia.org/wiki/Beatriz_Allende,5,27.25,41
colombia,José de Mosquera y Prieto,https://es.wikipedia.org/wiki/Jos%C3%A9_de_Mosquera_Figueroa_y_Prieto_de_Tobar,8,75.48333333333333,1
colombia,Carlos Holguín Mallarino,https://es.wikipedia.org/wiki/Carlos_Holgu%C3%ADn_Mallarino,8,27.86666666666667,2
colombia,Gloria Pachón,https://es.wikipedia.org/wiki/Gloria_Pach%C3%B3n,8,79.83333333333333,3
colombia,María Cristina Arango,https://es.wikipedia.org/wiki/Mar%C3%ADa_Cristina_Arango,7,21.816666666666666,4
colombia,Margarita Caro de Holguín,https://es.wikipedia.org/wiki/Margarita_Caro_Tobar,7,48.699999999999996,5
colombia,Francisco Xavier Vergara,https://es.wikipedia.org/wiki/Francisco_Xavier_de_Vergara_Azc%C3%A1rate,7,102.4404761904762,6
colombia,Luis Carlos Galán,https://es.wikipedia.org/wiki/Luis_Carlos_Gal%C3%A1n_Sarmiento,7,36.3,7
colombia,Mariano Ospina Pérez,https://es.wikipedia.org/wiki/Mariano_Ospina_P%C3%A9rez,7,208.7,8
colombia,Mariano Ospina Rodríguez,https://es.wikipedia.org/wiki/Mariano_Ospina_Rodr%C3%ADguez,7,114.83962148962149,9
colombia,José María de Mosquera,https://es.wikipedia.org/wiki/Jos%C3%A9_Mar%C3%ADa_de_Mosquera_y_Figueroa,6,35,10
colombia,Misael Pastrana,https://es.wikipedia.org/wiki/Misael_Pastrana,6,8.73333333333333,11
colombia,Enrique Santos Castillo,https://es.wikipedia.org/wiki/Enrique_Santos_Castillo,6,108.5,12
colombia,Margarita Caro de Holguín,https://es.wikipedia.org/wiki/Margarita_Caro_de_Holgu%C3%ADn,6,22.599999999999998,13
colombia,Francisco Vergara Azcárate,https://es.wikipedia.org/wiki/Francisco_Vergara_Azc%C3%A1rate_y_Vela_Pati%C3%B1o,6,41.24523809523811,14
colombia,Antonia Vergara y Sanz de Santamaría,https://es.wikipedia.org/wiki/Antonia_Vergara_y_Sanz_de_Santamar%C3%ADa,6,88.78571428571429,15
colombia,José de Vergara Azcárate,https://es.wikipedia.org/wiki/Jos%C3%A9_Sebasti%C3%A1n_de_Vergara_Azc%C3%A1rate_y_G%C3%B3mez_de_Sandoval,6,43.28809523809523,16
colombia,Nydia Quintero,https://es.wikipedia.org/wiki/Nydia_Quintero,6,11.75,17
colombia,Guillermo León Valencia,https://es.wikipedia.org/wiki/Guillermo_Le%C3%B3n_Valencia,6,32,18
colombia,Pedro Nel Ospina,https://es.wikipedia.org/wiki/Pedro_Nel_Ospina,6,138.86764346764346,19
colombia,Alfonso López Michelsen,https://es.wikipedia.org/wiki/Alfonso_L%C3%B3pez_Michelsen,6,50.5,20
colombia,Alfonso López Pumarejo,https://es.wikipedia.org/wiki/Alfonso_L%C3%B3pez_Pumarejo,6,46.5,21
colombia,Matilde Osorio Ricaurte,https://es.wikipedia.org/wiki/Matilde_Osorio_Ricaurte,6,9.5,22
colombia,Manuel Ospina Vásquez,https://es.wikipedia.org/wiki/Manuel_Ospina_V%C3%A1squez,6,92.53333333333333,23
colombia,Tulio Ospina,https://es.wikipedia.org/wiki/Tulio_Ospina_V%C3%A1squez,6,141.31752136752138,24
colombia,Enriqueta Vásquez de Ospina,https://es.wikipedia.org/wiki/Enriqueta_V%C3%A1squez_Jaramillo,6,112.08962148962149,25
colombia,Pedro Nel Ospina,https://es.wikipedia.org/wiki/Pedro_Nel_Ospina_V%C3%A1squez,6,146.04902319902322,26
colombia,María Eugenia Rojas,https://es.wikipedia.org/wiki/Mar%C3%ADa_Eugenia_Rojas,6,9.5,27
ecuador,José de Vergara Azcárate,https://es.wikipedia.org/wiki/Jos%C3%A9_Sebasti%C3%A1n_de_Vergara_Azc%C3%A1rate_y_G%C3%B3mez_de_Sandoval,4,9,1
ecuador,Luis Felipe Borja Pérez,https://es.wikipedia.org/wiki/Luis_Felipe_Borja_P%C3%A9rez,3,3,2
ecuador,Emilio Estrada,https://es.wikipedia.org/wiki/Emilio_Estrada,3,4.333333333333333,3
ecuador,Victor Emilio Estrada,https://es.wikipedia.org/wiki/Victor_Emilio_Estrada,3,2.5,4
ecuador,Victor Emilio Estrada,https://es.wikipedia.org/wiki/V%C3%ADctor_Emilio_Estrada,3,2.5,5
ecuador,Álvaro Noboa,https://es.wikipedia.org/wiki/%C3%81lvaro_Noboa,3,9,6
ecuador,Daniel Noboa,https://es.wikipedia.org/wiki/Daniel_Noboa,3,5,7
ecuador,Francisco Vergara Azcárate,https://es.wikipedia.org/wiki/Francisco_Vergara_Azc%C3%A1rate,2,4,8
ecuador,Emilio Estrada Icaza,https://es.wikipedia.org/wiki/Emilio_Estrada_Icaza,2,0.3333333333333333,9
ecuador,Julio Estrada Icaza,https://es.wikipedia.org/wiki/Julio_Estrada_Icaza,2,0.3333333333333333,10
ecuador,Luis Noboa Naranjo,https://es.wikipedia.org/wiki/Luis_Noboa_Naranjo,2,8,11
ecuador,Isabel Noboa,https://es.wikipedia.org/wiki/Isabel_Noboa,2,5,12
ecuador,Annabella Azín,https://es.wikipedia.org/wiki/Annabella_Az%C3%ADn,2,0,13
ecuador,Vicente Ramón Roca,https://es.wikipedia.org/wiki/Vicente_Ram%C3%B3n_Roca,2,0,14
ecuador,Juana Andrade Fuente Fría,https://es.wikipedia.org/wiki/Juana_Andrade_Fuente_Fr%C3%ADa,2,0,15
ecuador,Juan Emilio Roca Andrade,https://es.wikipedia.org/wiki/Juan_Emilio_Roca_Andrade,2,0,16
mexico,Ana María Huarte,https://es.wikipedia.org/wiki/Ana_Mar%C3%ADa_Huarte,7,27,1
mexico,Eugenio Derbez,https://es.wikipedia.org/wiki/Eugenio_Derbez,6,58,2
mexico,Francisco Madero Hernández,https://es.wikipedia.org/wiki/Francisco_Madero_Hern%C3%A1ndez,6,33,3
mexico,Silvia Pinal,https://es.wikipedia.org/wiki/Silvia_Pinal,6,162,4
mexico,Jaime Garza,https://es.wikipedia.org/wiki/Jaime_Garza,6,100,5
mexico,Hernán Cortés,https://es.wikipedia.org/wiki/Hern%C3%A1n_Cort%C3%A9s,5,21,6
mexico,Pepe Aguilar,https://es.wikipedia.org/wiki/Pepe_Aguilar,5,33,7
mexico,Joaquín Guzmán Loera,https://es.wikipedia.org/wiki/Joaqu%C3%ADn_Guzm%C3%A1n_Loera,5,14,8
mexico,Rafaela López Aguado de Rayón,https://es.wikipedia.org/wiki/Rafaela_L%C3%B3pez_Aguado_de_Ray%C3%B3n,5,10,9
mexico,Antonio Aguilar,https://es.wikipedia.org/wiki/Antonio_Aguilar,4,23,10
mexico,Flor Silvestre,https://es.wikipedia.org/wiki/Flor_Silvestre,4,15,11
mexico,Miguel Alemán Velasco,https://es.wikipedia.org/wiki/Miguel_Alem%C3%A1n_Velasco,4,6,12
mexico,Cuauhtémoc Cárdenas,https://es.wikipedia.org/wiki/Cuauht%C3%A9moc_C%C3%A1rdenas,4,2.5,13
mexico,Amalia Solórzano,https://es.wikipedia.org/wiki/Amalia_Sol%C3%B3rzano,4,1.833333333333333,14
mexico,Porfirio Díaz,https://es.wikipedia.org/wiki/Porfirio_D%C3%ADaz,4,8,15
mexico,Eddie Guerrero,https://es.wikipedia.org/wiki/Eddie_Guerrero,4,4.333333333333333,16
mexico,Orson Welles,https://es.wikipedia.org/wiki/Orson_Welles,4,9,17
mexico,Gustavo Alatriste,https://es.wikipedia.org/wiki/Gustavo_Alatriste,4,43,18
mexico,Rafael Banquells,https://es.wikipedia.org/wiki/Rafael_Banquells,4,42,19
mexico,Diego Luna,https://es.wikipedia.org/wiki/Diego_Luna,4,8,20
mexico,Fernando Luján,https://es.wikipedia.org/wiki/Fernando_Luj%C3%A1n,4,6,21
paraguay,Francisco Solano López,https://es.wikipedia.org/wiki/Francisco_Solano_L%C3%B3pez,6,28,1
paraguay,Juana Pabla Carrillo,https://es.wikipedia.org/wiki/Juana_Pabla_Carrillo,3,6,2
paraguay,Carlos Antonio López,https://es.wikipedia.org/wiki/Carlos_Antonio_L%C3%B3pez,3,6,3
paraguay,Venancio López,https://es.wikipedia.org/wiki/Venancio_L%C3%B3pez,3,8,4
paraguay,Elisa Alicia Lynch,https://es.wikipedia.org/wiki/Elisa_Alicia_Lynch,2,0,5
paraguay,Enrique Solano López,https://es.wikipedia.org/wiki/Enrique_Solano_L%C3%B3pez,2,0,6
paraguay,Juana Pesoa,https://es.wikipedia.org/wiki/Juana_Pesoa,2,8,7
paraguay,Ercilia López de Blomberg,https://es.wikipedia.org/wiki/Ercilia_L%C3%B3pez_de_Blomberg,1,0,8
paraguay,Saturnina Burgos,https://es.wikipedia.org/wiki/Saturnina_Burgos,1,0,9
paraguay,Pedro Hermosa,https://es.wikipedia.org/wiki/Pedro_Hermosa,1,0,10
peru,Isabel Preysler,https://es.wikipedia.org/wiki/Isabel_Preysler,7,28.5,1
peru,Mariano A. Belaúnde,https://es.wikipedia.org/wiki/Mariano_A._Bela%C3%BAnde,6,43.166666666666664,2
peru,José Rufino Echenique,https://es.wikipedia.org/wiki/Jos%C3%A9_Rufino_Echenique,5,2.583333333333333,3
peru,Victoria Tristán de Echenique,https://es.wikipedia.org/wiki/Victoria_Trist%C3%A1n_Flores,5,3.833333333333333,4
peru,Clemente von Althaus,https://es.wikipedia.org/wiki/Clemente_von_Althaus,5,14.833333333333332,5
peru,Fernando Belaúnde Terry,https://es.wikipedia.org/wiki/Fernando_Bela%C3%BAnde_Terry,5,45.666666666666664,6
peru,Manuel Prado Ugarteche,https://es.wikipedia.org/wiki/Manuel_Prado_Ugarteche,5,27.75,7
peru,Manuel Pardo y Lavalle,https://es.wikipedia.org/wiki/Manuel_Pardo_y_Lavalle,4,17,8
peru,Andrés Wiese,https://es.wikipedia.org/wiki/Andr%C3%A9s_Wiese,4,9,9
peru,Victoria Tristán de Echenique,https://es.wikipedia.org/wiki/Victoria_Trist%C3%A1n_de_Echenique,4,1.833333333333333,10
peru,Patricia Frayssinet,https://es.wikipedia.org/wiki/Patricia_Frayssinet,4,14,11
peru,Clemente von Althaus,https://es.wikipedia.org/wiki/Clemente_Althaus_von_Hessen,4,7.166666666666666,12
peru,Emilio de Althaus y Flores del Campo,https://es.wikipedia.org/wiki/Emilio_de_Althaus_Flores_del_Campo,4,9.583333333333332,13
peru,Alejandro Arenas Villarreal,https://es.wikipedia.org/wiki/Alejandro_Arenas_Villarreal,4,9,14
peru,Rafael Belaúnde Diez-Canseco,https://es.wikipedia.org/wiki/Rafael_Belaunde_Diez_Canseco,4,24.666666666666668,15
peru,Augusto Leguía,https://es.wikipedia.org/wiki/Augusto_B._Legu%C3%ADa,4,2.5,16
peru,Carlos Ferreyros,https://es.wikipedia.org/wiki/Carlos_Ferreyros,4,6,17
peru,Carlos Ferreyros,https://es.wikipedia.org/wiki/Carlos_Ferreyros_y_Senra,4,6,18
peru,Augusto Leguía,https://es.wikipedia.org/wiki/Augusto_Legu%C3%ADa,4,2.5,19
peru,José Mariano Luna,https://es.wikipedia.org/wiki/Jos%C3%A9_Mariano_Luna,4,7.5,20
peru,Mariano Ignacio Prado,https://es.wikipedia.org/wiki/Mariano_Ignacio_Prado,4,12.5,21
peru,Anna Chiappe,https://es.wikipedia.org/wiki/Anna_Chiappe,4,1.5,22
peru,José Carlos Mariátegui,https://es.wikipedia.org/wiki/Jos%C3%A9_Carlos_Mari%C3%A1tegui,4,1.5,23
peru,Manuel Mujica Gallo,https://es.wikipedia.org/wiki/Manuel_Mujica_Gallo,4,11.333333333333332,24
peru,Mariano Ignacio Prado,https://es.wikipedia.org/wiki/Mariano_Ignacio_Prado_Ochoa,4,12.5,25
peru,Guillermo Seoane,https://es.wikipedia.org/wiki/Guillermo_Seoane,4,6,26
peru,Julio Iglesias,https://es.wikipedia.org/wiki/Julio_Iglesias,4,1.5,27
uruguay,José Batlle y Ordóñez,https://es.wikipedia.org/wiki/Jos%C3%A9_Batlle_y_Ord%C3%B3%C3%B1ez,6,18.5,1
uruguay,Matilde Pacheco,https://es.wikipedia.org/wiki/Matilde_Pacheco,4,1.5,2
uruguay,Juan Carlos Blanco Fernández,https://es.wikipedia.org/wiki/Juan_Carlos_Blanco_Fern%C3%A1ndez,4,9,3
uruguay,Luis Lacalle Pou,https://es.wikipedia.org/wiki/Luis_Lacalle_Pou,3,2,4
uruguay,Luis Batlle Berres,https://es.wikipedia.org/wiki/Luis_Batlle_Berres,3,5,5
uruguay,Lorenzo Batlle,https://es.wikipedia.org/wiki/Lorenzo_Batlle_y_Grau,3,9.5,6
uruguay,Jorge Batlle,https://es.wikipedia.org/wiki/Jorge_Batlle_Ib%C3%A1%C3%B1ez,3,5,7
uruguay,Josefina Herrán,https://es.wikipedia.org/wiki/Josefina_Herr%C3%A1n,3,3,8
uruguay,Juan María Bordaberry,https://es.wikipedia.org/wiki/Juan_Mar%C3%ADa_Bordaberry,3,3,9
uruguay,Victoria Saravia,https://es.wikipedia.org/wiki/Victoria_Saravia,3,5,10
uruguay,Julia Pou,https://es.wikipedia.org/wiki/Julia_Pou,2,0,11
uruguay,Luis Alberto Lacalle,https://es.wikipedia.org/wiki/Luis_Alberto_Lacalle,2,0,12
uruguay,Jorge Batlle,https://es.wikipedia.org/wiki/Jorge_Batlle,2,1,13
uruguay,Mercedes Menafra,https://es.wikipedia.org/wiki/Mercedes_Menafra,2,1,14
uruguay,Lorenzo Batlle,https://es.wikipedia.org/wiki/Lorenzo_Batlle,2,2.5,15
uruguay,César Batlle Pacheco,https://es.wikipedia.org/wiki/C%C3%A9sar_Batlle_Pacheco,2,0,16
uruguay,Lorenzo Batlle Pacheco,https://es.wikipedia.org/wiki/Lorenzo_Batlle_Pacheco,2,0,17
uruguay,Rafael Batlle Pacheco,https://es.wikipedia.org/wiki/Rafael_Batlle_Pacheco,2,0,18
uruguay,Josep Batlle i Carreó,https://es.wikipedia.org/wiki/Jos%C3%A9_Batlle_y_Carre%C3%B3,2,1,19
uruguay,Daniel Blanco Acevedo,https://es.wikipedia.org/wiki/Daniel_Blanco_Acevedo,2,4,20
uruguay,Pedro Bordaberry,https://es.wikipedia.org/wiki/Pedro_Bordaberry,2,0,21
uruguay,Raúl Fontaina D'Oliveira,https://es.wikipedia.org/wiki/Ra%C3%BAl_Fontaina_D%27Oliveira,2,1,22
uruguay,Carlos Scheck,https://es.wikipedia.org/wiki/Carlos_Scheck,2,1,23
uruguay,Villanueva Saravia,https://es.wikipedia.org/wiki/Villanueva_Saravia,2,3,24
venezuela,Elena Frías de Chávez,https://es.wikipedia.org/wiki/Elena_Fr%C3%ADas_de_Ch%C3%A1vez,9,28.666666666666668,1
venezuela,Hugo de los Reyes Chávez,https://es.wikipedia.org/wiki/Hugo_de_los_Reyes_Ch%C3%A1vez,9,28.666666666666668,2
venezuela,Hugo Chávez,https://es.wikipedia.org/wiki/Hugo_Ch%C3%A1vez,7,28.5,3
venezuela,Hugo Chávez,https://es.wikipedia.org/wiki/Hugo_Ch%C3%A1vez_Fr%C3%ADas,6,18,4
venezuela,María de la Concepción Palacios y Blanco,https://es.wikipedia.org/wiki/Mar%C3%ADa_de_la_Concepci%C3%B3n_Palacios_y_Blanco,5,30,5
venezuela,Juan Vicente Bolívar y Ponte,https://es.wikipedia.org/wiki/Juan_Vicente_Bol%C3%ADvar_y_Ponte,5,16,6
venezuela,María Gabriela Chávez,https://es.wikipedia.org/wiki/Mar%C3%ADa_Gabriela_Ch%C3%A1vez,4,1.6666666666666667,7
venezuela,Eduardo López Rivas,https://es.wikipedia.org/wiki/Eduardo_L%C3%B3pez_Rivas,3,5,8
venezuela,Juan Vicente Bolívar Palacios,https://es.wikipedia.org/wiki/Juan_Vicente_Bol%C3%ADvar_Palacios,3,10,9
venezuela,Juana Bolívar Palacios,https://es.wikipedia.org/wiki/Juana_Bol%C3%ADvar_Palacios,3,10,10
venezuela,María Antonia Bolívar Palacios,https://es.wikipedia.org/wiki/Mar%C3%ADa_Antonia_Bol%C3%ADvar_Palacios,3,10,11
venezuela,Feliciano Palacios y Sojo,https://es.wikipedia.org/wiki/Feliciano_Palacios_y_Sojo,3,19,12
venezuela,Daniella Cabello,https://es.wikipedia.org/wiki/Daniella_Cabello,3,2,13
venezuela,Foción Febres-Cordero,https://es.wikipedia.org/wiki/Foci%C3%B3n_Febres-Cordero,3,3,14
venezuela,José Tadeo Monagas,https://es.wikipedia.org/wiki/Jos%C3%A9_Tadeo_Monagas,3,5,15
venezuela,Rosinés Chávez,https://es.wikipedia.org/wiki/Rosin%C3%A9s_Ch%C3%A1vez,3,0.16666666666666666,16
venezuela,Marisabel Rodríguez,https://es.wikipedia.org/wiki/Marisabel_Rodr%C3%ADguez,3,0.16666666666666666,17
venezuela,Nancy Colmenares,https://es.wikipedia.org/wiki/Nancy_Colmenares,3,0.16666666666666666,18
