step,lcc_targeted,lcc_mean,lcc_low,lcc_high,pct_removed
1,0.1695827725437416,0.1695827725437416,0.1695827725437416,0.1695827725437416,0.0013458950201884253
2,0.15902964959568733,0.16901617250673853,0.16570080862533695,0.16981132075471697,0.0026917900403768506
3,0.15384615384615385,0.16860998650472334,0.16059379217273953,0.1700404858299595,0.004037685060565276
4,0.1445945945945946,0.168,0.1581081081081081,0.17027027027027028,0.005383580080753701
5,0.09472259810554803,0.1675507442489851,0.15811907983761841,0.17050067658998647,0.006729475100942127
6,0.0948509485094851,0.16742547425474255,0.15833333333333333,0.17073170731707318,0.008075370121130552
7,0.037991858887381276,0.16717774762550883,0.15461329715061056,0.17096336499321574,0.009421265141318977
8,0.03804347826086957,0.16688858695652173,0.1548233695652174,0.17119565217391305,0.010767160161507403
9,0.0380952380952381,0.16634013605442177,0.15367346938775509,0.17142857142857143,0.012113055181695828
10,0.027247956403269755,0.165858310626703,0.15245231607629428,0.17166212534059946,0.013458950201884253
11,0.027285129604365622,0.16567530695770805,0.1499317871759891,0.17189631650750342,0.014804845222072678
12,0.0273224043715847,0.16542349726775957,0.14883879781420764,0.1721311475409836,0.016150740242261104
13,0.027359781121751026,0.16417236662106705,0.14616963064295488,0.17236662106703146,0.017496635262449527
14,0.0273972602739726,0.1636986301369863,0.14376712328767122,0.1726027397260274,0.018842530282637954
15,0.02194787379972565,0.16260631001371742,0.13847736625514404,0.1728395061728395,0.020188425302826378
16,0.02197802197802198,0.16195054945054946,0.13866758241758242,0.17307692307692307,0.021534320323014805
17,0.016506189821182942,0.16182943603851443,0.13885832187070152,0.1720082530949106,0.02288021534320323
18,0.01652892561983471,0.16147382920110193,0.1390495867768595,0.17224517906336087,0.024226110363391656
19,0.016551724137931035,0.16115862068965517,0.13793103448275862,0.1724137931034483,0.02557200538358008
20,0.012430939226519336,0.16091160220994474,0.1380524861878453,0.17265193370165746,0.026917900403768506
21,0.012448132780082987,0.16059474412171507,0.13409405255878284,0.17289073305670816,0.02826379542395693
22,0.012465373961218837,0.16034626038781163,0.13427977839335178,0.1731301939058172,0.029609690444145357
23,0.012482662968099861,0.15976421636615812,0.13446601941747574,0.17198335644937587,0.03095558546433378
24,0.0125,0.15929166666666666,0.1346527777777778,0.17222222222222222,0.03230148048452221
25,0.012517385257301807,0.15866481223922113,0.13344923504867873,0.17246175243393602,0.033647375504710635
26,0.012534818941504178,0.1582033426183844,0.13071030640668524,0.17270194986072424,0.034993270524899055
27,0.012552301255230125,0.15779637377963737,0.13089260808926081,0.17294281729428174,0.03633916554508748
28,0.012569832402234637,0.15768156424581006,0.1310754189944134,0.17318435754189945,0.03768506056527591
29,0.012587412587412588,0.1574825174825175,0.13125874125874126,0.17209790209790207,0.039030955585464336
30,0.008403361344537815,0.15712885154061626,0.12871148459383752,0.1722689075630252,0.040376850605652756
31,0.008415147265077139,0.15680224403927068,0.12889200561009817,0.17251051893408134,0.04172274562584118
32,0.008426966292134831,0.15681179775280898,0.1290730337078652,0.1714185393258427,0.04306864064602961
33,0.008438818565400843,0.15654008438818565,0.12925457102672294,0.17158931082981715,0.04441453566621804
34,0.008450704225352112,0.15553521126760564,0.12943661971830986,0.17183098591549295,0.04576043068640646
35,0.00846262341325811,0.15538787023977432,0.12820874471086036,0.17207334273624825,0.047106325706594884
36,0.00847457627118644,0.15532485875706215,0.12838983050847458,0.17231638418079095,0.04845222072678331
37,0.008486562942008486,0.15499292786421498,0.1285714285714286,0.17256011315417255,0.04979811574697174
38,0.0084985835694051,0.15451841359773372,0.12606232294617564,0.17280453257790368,0.05114401076716016
39,0.00851063829787234,0.1544113475177305,0.12624113475177304,0.17170212765957446,0.052489905787348586
40,0.007102272727272727,0.15396306818181818,0.12492897727272727,0.17194602272727272,0.05383580080753701
41,0.007112375533428165,0.1537126600284495,0.12510668563300142,0.1721194879089616,0.05518169582772544
42,0.007122507122507123,0.1535897435897436,0.1252136752136752,0.17236467236467237,0.05652759084791386
43,0.007132667617689016,0.15333808844507846,0.125320970042796,0.17261055634807418,0.05787348586810229
44,0.007142857142857143,0.1527,0.12128571428571429,0.17285714285714285,0.059219380888290714
45,0.00715307582260372,0.15246065808297568,0.11866952789699571,0.17310443490701002,0.06056527590847914
46,0.0071633237822349575,0.15217765042979942,0.11740687679083095,0.17335243553008595,0.06191117092866756
47,0.007173601147776184,0.15137733142037302,0.11585365853658537,0.1722381635581062,0.063257065948856
48,0.007183908045977011,0.15123563218390804,0.11602011494252873,0.1724137931034483,0.06460296096904442
49,0.007194244604316547,0.15040287769784172,0.10906474820143884,0.17266187050359713,0.06594885598923284
50,0.007204610951008645,0.15034582132564842,0.10922190201729107,0.1729106628242075,0.06729475100942127
51,0.007215007215007215,0.1497835497835498,0.10800865800865801,0.17316017316017315,0.06864064602960969
52,0.0072254335260115606,0.14891618497109826,0.10816473988439307,0.17341040462427745,0.06998654104979811
53,0.00723589001447178,0.14833574529667148,0.10557163531114327,0.1736613603473227,0.07133243606998654
54,0.005797101449275362,0.1481159420289855,0.10572463768115942,0.17253623188405795,0.07267833109017496
55,0.005805515239477504,0.14705370101596515,0.10587808417997097,0.17271407837445574,0.0740242261103634
56,0.005813953488372093,0.1469622093023256,0.10603197674418605,0.17296511627906977,0.07537012113055182
57,0.005822416302765648,0.1468995633187773,0.1061863173216885,0.17321688500727803,0.07671601615074024
58,0.0058309037900874635,0.14692419825072886,0.10634110787172012,0.17346938775510204,0.07806191117092867
59,0.00583941605839416,0.14621897810218978,0.10649635036496351,0.17372262773722627,0.07940780619111709
60,0.005847953216374269,0.14568713450292398,0.10511695906432748,0.1739766081871345,0.08075370121130551
61,0.005856515373352855,0.1453294289897511,0.10527086383601758,0.17423133235724744,0.08209959623149395
62,0.005865102639296188,0.1448533724340176,0.10542521994134897,0.17309384164222874,0.08344549125168237
63,0.005873715124816446,0.1443612334801762,0.10558002936857563,0.17334801762114535,0.0847913862718708
64,0.0058823529411764705,0.14420588235294118,0.10573529411764705,0.17352941176470588,0.08613728129205922
65,0.005891016200294551,0.14363770250368188,0.10301914580265095,0.17091310751104563,0.08748317631224764
66,0.0058997050147492625,0.14348082595870207,0.10317109144542773,0.1710914454277286,0.08882907133243607
67,0.005908419497784343,0.14316100443131463,0.1033234859675037,0.17134416543574593,0.0901749663526245
68,0.005917159763313609,0.14273668639053255,0.10036982248520711,0.17159763313609466,0.09152086137281291
69,0.005925925925925926,0.1424888888888889,0.10051851851851852,0.17185185185185184,0.09286675639300135
70,0.005934718100890208,0.14200296735905044,0.09614243323442136,0.17210682492581603,0.09421265141318977
71,0.005943536404160475,0.14212481426448736,0.09628528974739971,0.1723625557206538,0.0955585464333782
72,0.005952380952380952,0.14154761904761903,0.09642857142857143,0.17261904761904762,0.09690444145356662
73,0.005961251862891207,0.1407004470938897,0.09649776453055142,0.17287630402384502,0.09825033647375504
74,0.005970149253731343,0.14053731343283582,0.09664179104477613,0.17313432835820897,0.09959623149394348
75,0.005979073243647235,0.1398505231689088,0.08961136023916293,0.17189835575485798,0.1009421265141319
76,0.004491017964071856,0.13940119760479042,0.08824850299401199,0.1721556886227545,0.10228802153432032
77,0.004497751124437781,0.13893553223388305,0.08838080959520239,0.1724137931034483,0.10363391655450875
78,0.0045045045045045045,0.13833333333333334,0.08708708708708708,0.17267267267267267,0.10497981157469717
79,0.004511278195488722,0.1374436090225564,0.08721804511278196,0.17150375939849624,0.1063257065948856
80,0.004518072289156626,0.13703313253012048,0.08712349397590362,0.1716867469879518,0.10767160161507403
81,0.004524886877828055,0.1365158371040724,0.08725490196078431,0.16900452488687784,0.10901749663526245
82,0.004531722054380665,0.13622356495468277,0.08738670694864048,0.1692598187311178,0.11036339165545088
83,0.0045385779122541605,0.13571860816944023,0.08751891074130105,0.16951588502269288,0.1117092866756393
84,0.004545454545454545,0.13536363636363635,0.08765151515151515,0.16977272727272727,0.11305518169582772
85,0.004552352048558422,0.13473444613050076,0.0877845220030349,0.16995447647951442,0.11440107671601615
86,0.004559270516717325,0.13428571428571429,0.0879179331306991,0.1702127659574468,0.11574697173620457
87,0.0045662100456621,0.13372907153729072,0.0834855403348554,0.1704718417047184,0.11709286675639301
88,0.004573170731707317,0.13315548780487804,0.08216463414634147,0.17073170731707318,0.11843876177658143
89,0.004580152671755725,0.13261068702290077,0.08229007633587787,0.16809160305343512,0.11978465679676985
90,0.0045871559633027525,0.13211009174311927,0.08241590214067279,0.16819571865443425,0.12113055181695828
91,0.004594180704441042,0.1313323124042879,0.08254211332312404,0.16845329249617153,0.1224764468371467
92,0.004601226993865031,0.12983128834355828,0.07967791411042945,0.1687116564417178,0.12382234185733512
93,0.004608294930875576,0.12943164362519202,0.07980030721966205,0.16605222734254993,0.12516823687752354
94,0.004615384615384616,0.12930769230769232,0.07992307692307692,0.16630769230769232,0.126514131897712
95,0.004622496147919877,0.12915254237288135,0.07996918335901386,0.1664869029275809,0.1278600269179004
96,0.0030864197530864196,0.12887345679012346,0.08009259259259259,0.16674382716049382,0.12920592193808883
97,0.0030911901081916537,0.12839258114374033,0.08021638330757341,0.16692426584234932,0.13055181695827725
98,0.0030959752321981426,0.12820433436532508,0.0803405572755418,0.16718266253869968,0.13189771197846567
99,0.0031007751937984496,0.1273953488372093,0.07744186046511627,0.16596899224806202,0.13324360699865412
100,0.003105590062111801,0.12746894409937887,0.07756211180124224,0.16614906832298137,0.13458950201884254
101,0.003110419906687403,0.1272628304821151,0.07768273716951789,0.16493001555209955,0.13593539703903096
102,0.003115264797507788,0.12669781931464175,0.077803738317757,0.16518691588785045,0.13728129205921938
103,0.0031201248049922,0.1258814352574103,0.07792511700468019,0.16544461778471137,0.1386271870794078
104,0.003125,0.124953125,0.07796875,0.165703125,0.13997308209959622
105,0.003129890453834116,0.12436619718309859,0.0780907668231612,0.165962441314554,0.14131897711978467
106,0.003134796238244514,0.12429467084639498,0.07672413793103448,0.16622257053291536,0.1426648721399731
107,0.0031397174254317113,0.123861852433281,0.07684458398744114,0.16648351648351647,0.1440107671601615
108,0.0031446540880503146,0.12383647798742138,0.07696540880503144,0.16666666666666666,0.14535666218034993
109,0.0031496062992125984,0.1225984251968504,0.07708661417322835,0.16692913385826771,0.14670255720053835
110,0.0031545741324921135,0.12246056782334384,0.0772082018927445,0.1641955835962145,0.1480484522207268
111,0.00315955766192733,0.12180094786729857,0.07582938388625593,0.1644549763033175,0.14939434724091522
112,0.0031645569620253164,0.12025316455696203,0.0759493670886076,0.16463607594936705,0.15074024226110364
113,0.003169572107765452,0.11946117274167987,0.07599049128367671,0.16489698890649762,0.15208613728129206
114,0.0031746031746031746,0.11898412698412698,0.07611111111111113,0.16515873015873014,0.15343203230148048
115,0.003179650238473768,0.11834658187599364,0.07623211446740859,0.16542130365659774,0.15477792732166892
116,0.0031847133757961785,0.11767515923566879,0.07484076433121019,0.16560509554140126,0.15612382234185734
117,0.003189792663476874,0.11757575757575757,0.07496012759170653,0.16586921850079744,0.15746971736204576
118,0.003194888178913738,0.11707667731629393,0.07507987220447285,0.16613418530351437,0.15881561238223418
119,0.0032,0.11688,0.0752,0.16488,0.1601615074024226
120,0.003205128205128205,0.1161698717948718,0.07524038461538461,0.16514423076923077,0.16150740242261102
121,0.0032102728731942215,0.11581059390048154,0.07536115569823434,0.162199036918138,0.16285329744279947
122,0.003215434083601286,0.11565916398713826,0.07540192926045015,0.162459807073955,0.1641991924629879
123,0.00322061191626409,0.11555555555555555,0.07544283413848632,0.16272141706924317,0.1655450874831763
124,0.0032258064516129032,0.11538709677419355,0.07556451612903227,0.16137096774193546,0.16689098250336473
125,0.0032310177705977385,0.11458804523424879,0.07108239095315025,0.16163166397415185,0.16823687752355315
126,0.003236245954692557,0.11380258899676375,0.07119741100323625,0.16035598705501616,0.1695827725437416
127,0.0032414910858995136,0.11286871961102107,0.06952998379254456,0.1590761750405186,0.17092866756393002
128,0.003246753246753247,0.11279220779220779,0.06964285714285715,0.15933441558441558,0.17227456258411844
129,0.0032520325203252032,0.11278048780487805,0.06975609756097562,0.15959349593495933,0.17362045760430686
130,0.003257328990228013,0.11254071661237786,0.06986970684039089,0.15985342019543972,0.17496635262449528
131,0.0032626427406199023,0.11241435562805872,0.06688417618270799,0.16011419249592168,0.17631224764468373
132,0.0032679738562091504,0.11197712418300654,0.06691176470588235,0.160375816993464,0.17765814266487215
133,0.0032733224222585926,0.11112929623567921,0.06702127659574468,0.1606382978723404,0.17900403768506057
134,0.003278688524590164,0.11070491803278688,0.06713114754098361,0.15622950819672127,0.180349932705249
135,0.003284072249589491,0.11059113300492611,0.06724137931034482,0.15648604269293923,0.1816958277254374
136,0.003289473684210526,0.11,0.06735197368421052,0.15518092105263157,0.18304172274562583
137,0.0032948929159802307,0.10960461285008237,0.0657331136738056,0.15387149917627674,0.18438761776581428
138,0.0033003300330033004,0.10907590759075908,0.06584158415841584,0.1541254125412541,0.1857335127860027
139,0.003305785123966942,0.10905785123966942,0.0659504132231405,0.15429752066115698,0.18707940780619112
140,0.0033112582781456954,0.10887417218543047,0.06291390728476821,0.1545529801324503,0.18842530282637954
141,0.003316749585406302,0.10820895522388059,0.06293532338308458,0.15456053067993364,0.18977119784656796
142,0.0033222591362126247,0.10729235880398671,0.06303986710963455,0.15448504983388706,0.1911170928667564
143,0.0033277870216306157,0.10700499168053244,0.06314475873544094,0.15474209650582363,0.19246298788694483
144,0.0033333333333333335,0.10676666666666666,0.06325,0.15341666666666665,0.19380888290713325
145,0.00333889816360601,0.10592654424040067,0.06176961602671119,0.15358931552587646,0.19515477792732167
146,0.0033444816053511705,0.10578595317725753,0.061789297658862874,0.15384615384615385,0.19650067294751009
147,0.0033500837520938024,0.10495812395309882,0.061892797319932996,0.1541038525963149,0.19784656796769853
148,0.003355704697986577,0.10416107382550335,0.06040268456375839,0.15436241610738255,0.19919246298788695
149,0.0033613445378151263,0.10344537815126051,0.06025210084033614,0.1546218487394958,0.20053835800807537
150,0.003367003367003367,0.10333333333333333,0.060353535353535354,0.15328282828282827,0.2018842530282638
151,0.003372681281618887,0.10252951096121417,0.05885328836424958,0.1502529510961214,0.20323014804845221
152,0.0033783783783783786,0.10209459459459459,0.05734797297297298,0.15050675675675673,0.20457604306864063
153,0.00338409475465313,0.10184433164128595,0.05744500846023688,0.15076142131979695,0.20592193808882908
154,0.003389830508474576,0.10142372881355932,0.057542372881355934,0.15101694915254238,0.2072678331090175
155,0.003395585738539898,0.10106960950764006,0.05764006791171477,0.14966044142614598,0.20861372812920592
156,0.003401360544217687,0.1010374149659864,0.05773809523809524,0.14991496598639453,0.20995962314939434
157,0.0034071550255536627,0.10022146507666099,0.056047700170357755,0.15,0.21130551816958276
158,0.0034129692832764505,0.09868600682593857,0.05614334470989761,0.15017064846416384,0.2126514131897712
159,0.003418803418803419,0.09835897435897435,0.05273504273504273,0.14205128205128204,0.21399730820995963
160,0.003424657534246575,0.09791095890410959,0.05282534246575342,0.14229452054794522,0.21534320323014805
161,0.003430531732418525,0.09780445969125215,0.05291595197255575,0.1425385934819897,0.21668909825033647
162,0.003436426116838488,0.09742268041237113,0.053006872852233676,0.14278350515463917,0.2180349932705249
163,0.0034423407917383822,0.09623063683304647,0.048020654044750435,0.14302925989672977,0.2193808882907133
164,0.0034482758620689655,0.09624137931034484,0.04810344827586207,0.1432758620689655,0.22072678331090176
165,0.0034542314335060447,0.09547495682210708,0.04818652849740933,0.14352331606217616,0.22207267833109018
166,0.0034602076124567475,0.09496539792387543,0.04826989619377163,0.14359861591695502,0.2234185733512786
167,0.0034662045060658577,0.09395147313691508,0.04835355285961872,0.13890814558058923,0.22476446837146702
168,0.003472222222222222,0.09303819444444444,0.0484375,0.1388888888888889,0.22611036339165544
169,0.0034782608695652175,0.09208695652173914,0.04852173913043478,0.1391304347826087,0.2274562584118439
170,0.003484320557491289,0.09195121951219512,0.04851916376306621,0.13937282229965156,0.2288021534320323
171,0.0034904013961605585,0.09193717277486911,0.048603839441535776,0.13961605584642234,0.23014804845222073
172,0.0034965034965034965,0.09187062937062937,0.04702797202797203,0.13819930069930067,0.23149394347240915
173,0.0035026269702276708,0.09071803852889666,0.047110332749562174,0.138353765323993,0.23283983849259757
174,0.0035087719298245615,0.08956140350877193,0.047192982456140356,0.13859649122807016,0.23418573351278602
175,0.0035149384885764497,0.08947275922671354,0.04727592267135325,0.13717047451669595,0.23553162853297444
176,0.0035211267605633804,0.08913732394366197,0.047359154929577464,0.13741197183098594,0.23687752355316286
177,0.003527336860670194,0.0890652557319224,0.04744268077601411,0.13756613756613756,0.23822341857335128
178,0.0035335689045936395,0.088886925795053,0.047526501766784454,0.13613074204946995,0.2395693135935397
179,0.0035398230088495575,0.08853097345132743,0.04424778761061947,0.13628318584070798,0.24091520861372812
180,0.0035460992907801418,0.08808510638297873,0.04423758865248227,0.13652482269503546,0.24226110363391656
181,0.003552397868561279,0.0875133214920071,0.04431616341030196,0.13507992895204263,0.24360699865410498
182,0.0035587188612099642,0.08736654804270462,0.04439501779359431,0.1284697508896797,0.2449528936742934
183,0.0035650623885918,0.08727272727272728,0.04447415329768271,0.12700534759358287,0.24629878869448182
184,0.0035714285714285713,0.08717857142857142,0.04455357142857143,0.1271428571428571,0.24764468371467024
185,0.0035778175313059034,0.0872093023255814,0.04463327370304115,0.12737030411449013,0.2489905787348587
186,0.0035842293906810036,0.0871146953405018,0.04471326164874552,0.1275985663082437,0.2503364737550471
187,0.003590664272890485,0.0870556552962298,0.042998204667863554,0.126032315978456,0.25168236877523553
188,0.0035971223021582736,0.08665467625899281,0.043075539568345325,0.12625899280575537,0.253028263795424
189,0.0036036036036036037,0.0859099099099099,0.043153153153153156,0.12648648648648644,0.2543741588156124
190,0.0036101083032490976,0.08501805054151625,0.04142599277978339,0.1267148014440433,0.2557200538358008
191,0.003616636528028933,0.08484629294755877,0.04150090415913201,0.12694394213381555,0.2570659488559892
192,0.0036231884057971015,0.08469202898550725,0.041576086956521735,0.12681159420289856,0.25841184387617766
193,0.003629764065335753,0.08442831215970961,0.04165154264972777,0.12531760435571687,0.2597577388963661
194,0.0036363636363636364,0.0839090909090909,0.04,0.12545454545454546,0.2611036339165545
195,0.0036429872495446266,0.08382513661202186,0.04007285974499089,0.12568306010928962,0.26244952893674295
196,0.0036496350364963502,0.08363138686131387,0.040145985401459854,0.1259124087591241,0.26379542395693134
197,0.003656307129798903,0.08354661791590494,0.04021937842778794,0.12614259597806216,0.2651413189771198
198,0.003663003663003663,0.08316849816849817,0.040293040293040296,0.12637362637362637,0.26648721399730824
199,0.003669724770642202,0.08289908256880735,0.04036697247706422,0.12660550458715597,0.26783310901749663
200,0.003676470588235294,0.0828860294117647,0.04044117647058824,0.12683823529411764,0.2691790040376851
201,0.003683241252302026,0.08209944751381215,0.040515653775322284,0.1270718232044199,0.27052489905787347
202,0.0036900369003690036,0.08158671586715867,0.038560885608856094,0.12730627306273062,0.2718707940780619
203,0.0036968576709796672,0.08149722735674676,0.038632162661737524,0.12578558225508318,0.2732166890982503
204,0.003703703703703704,0.08144444444444444,0.038703703703703705,0.1260185185185185,0.27456258411843876
205,0.0037105751391465678,0.08141001855287569,0.03877551020408163,0.12625231910946197,0.2759084791386272
206,0.0037174721189591076,0.08143122676579925,0.03884758364312268,0.12648698884758364,0.2772543741588156
207,0.0037243947858473,0.08139664804469274,0.038919925512104284,0.12672253258845437,0.27860026917900405
208,0.0037313432835820895,0.08121268656716418,0.038992537313432836,0.1269589552238806,0.27994616419919244
209,0.003738317757009346,0.0811214953271028,0.03906542056074766,0.127196261682243,0.2812920592193809
210,0.003745318352059925,0.08076779026217229,0.03913857677902622,0.12743445692883895,0.28263795423956933
211,0.00375234521575985,0.08026266416510319,0.03921200750469043,0.12767354596622887,0.2839838492597577
212,0.0037593984962406013,0.08013157894736841,0.039285714285714285,0.12791353383458645,0.2853297442799462
213,0.003766478342749529,0.08,0.035687382297551785,0.12815442561205273,0.28667563930013457
214,0.0037735849056603774,0.0800377358490566,0.03575471698113207,0.12839622641509435,0.288021534320323
215,0.003780718336483932,0.07977315689981096,0.03582230623818526,0.12863894139886578,0.28936742934051146
216,0.003787878787878788,0.07960227272727273,0.03589015151515152,0.12888257575757575,0.29071332436069985
217,0.003795066413662239,0.07944971537001898,0.03595825426944972,0.12912713472485768,0.2920592193808883
218,0.0038022813688212928,0.07937262357414449,0.036026615969581746,0.12937262357414447,0.2934051144010767
219,0.0038095238095238095,0.07878095238095238,0.0360952380952381,0.1295238095238095,0.29475100942126514
220,0.003816793893129771,0.0783969465648855,0.03616412213740458,0.1297709923664122,0.2960969044414536
221,0.0038240917782026767,0.07812619502868069,0.03623326959847037,0.13001912045889102,0.297442799461642
222,0.0038314176245210726,0.07808429118773946,0.03630268199233717,0.12844827586206897,0.29878869448183043
223,0.003838771593090211,0.0774088291746641,0.03637236084452975,0.12312859884836849,0.3001345895020188
224,0.0038461538461538464,0.07734615384615384,0.03644230769230769,0.12336538461538461,0.30148048452220727
225,0.0038535645472061657,0.07630057803468208,0.03651252408477842,0.1235067437379576,0.3028263795423957
226,0.003861003861003861,0.07584942084942085,0.03648648648648649,0.12374517374517374,0.3041722745625841
227,0.0038684719535783366,0.07582205029013539,0.03655705996131528,0.12398452611218568,0.30551816958277256
228,0.003875968992248062,0.07455426356589147,0.03478682170542636,0.12238372093023253,0.30686406460296095
229,0.001941747572815534,0.07456310679611651,0.03485436893203883,0.12262135922330096,0.3082099596231494
230,0.0019455252918287938,0.07394941634241245,0.03492217898832685,0.12276264591439688,0.30955585464333785
231,0.001949317738791423,0.07395711500974658,0.034990253411306044,0.12300194931773878,0.31090174966352624
232,0.001953125,0.07349609375,0.03505859375,0.123046875,0.3122476446837147
233,0.0019569471624266144,0.07309197651663404,0.03512720156555773,0.12142857142857143,0.3135935397039031
234,0.00196078431372549,0.0731764705882353,0.035196078431372554,0.12166666666666667,0.3149394347240915
235,0.0019646365422396855,0.07292730844793713,0.03526522593320236,0.12190569744597249,0.3162853297442799
236,0.001968503937007874,0.07285433070866142,0.03533464566929134,0.12027559055118109,0.31763122476446837
237,0.0019723865877712033,0.07285996055226825,0.03353057199211045,0.1205128205128205,0.3189771197846568
238,0.001976284584980237,0.07276679841897234,0.03359683794466403,0.11867588932806324,0.3203230148048452
239,0.0019801980198019802,0.07245544554455445,0.033663366336633666,0.1189108910891089,0.32166890982503366
240,0.001984126984126984,0.07251984126984126,0.03373015873015873,0.11914682539682539,0.32301480484522205
241,0.0019880715705765406,0.07244532803180914,0.033797216699801194,0.11928429423459244,0.3243606998654105
242,0.00199203187250996,0.07197211155378486,0.03386454183266932,0.11952191235059761,0.32570659488559894
243,0.001996007984031936,0.07135728542914171,0.033932135728542916,0.11976047904191617,0.32705248990578734
244,0.002,0.07128,0.034,0.12,0.3283983849259758
245,0.002004008016032064,0.07086172344689379,0.03406813627254509,0.12024048096192384,0.3297442799461642
246,0.002008032128514056,0.07088353413654619,0.03413654618473896,0.12048192771084337,0.3310901749663526
247,0.002012072434607646,0.0706841046277666,0.03420523138832998,0.12072434607645875,0.33243606998654107
248,0.0020161290322580645,0.07078629032258064,0.034274193548387094,0.12096774193548387,0.33378196500672946
249,0.00202020202020202,0.06991919191919192,0.03434343434343434,0.12121212121212122,0.3351278600269179
250,0.0020242914979757085,0.06989878542510121,0.03441295546558704,0.11761133603238864,0.3364737550471063
251,0.002028397565922921,0.06987829614604463,0.034482758620689655,0.11764705882352941,0.33781965006729475
252,0.0020325203252032522,0.06920731707317074,0.034552845528455285,0.11209349593495933,0.3391655450874832
253,0.002036659877800407,0.0690020366598778,0.03441955193482689,0.11232179226069244,0.3405114401076716
254,0.0020408163265306124,0.06885714285714285,0.03448979591836735,0.11255102040816325,0.34185733512786004
255,0.002044989775051125,0.06877300613496933,0.03456032719836401,0.11278118609406951,0.34320323014804843
256,0.0020491803278688526,0.06813524590163934,0.034631147540983606,0.1130122950819672,0.3445491251682369
257,0.002053388090349076,0.06788501026694045,0.03470225872689938,0.11303901437371662,0.34589502018842533
258,0.00205761316872428,0.06773662551440329,0.03477366255144033,0.1132716049382716,0.3472409152086137
259,0.002061855670103093,0.06744329896907217,0.034845360824742266,0.11350515463917525,0.34858681022880217
260,0.002066115702479339,0.06714876033057851,0.03491735537190083,0.10971074380165288,0.34993270524899056
261,0.002070393374741201,0.06695652173913043,0.03302277432712216,0.10993788819875776,0.351278600269179
262,0.002074688796680498,0.06657676348547718,0.03309128630705394,0.11016597510373442,0.35262449528936746
263,0.002079002079002079,0.06513513513513514,0.03316008316008316,0.1082120582120582,0.35397039030955585
264,0.0020833333333333333,0.06441666666666666,0.031145833333333334,0.10843749999999999,0.3553162853297443
265,0.0020876826722338203,0.06438413361169103,0.029227557411273485,0.10866388308977036,0.3566621803499327
266,0.0020920502092050207,0.06380753138075314,0.029288702928870293,0.10889121338912133,0.35800807537012114
267,0.0020964360587002098,0.06377358490566037,0.029350104821802937,0.10911949685534592,0.35935397039030953
268,0.0021008403361344537,0.06319327731092438,0.029411764705882353,0.10934873949579832,0.360699865410498
269,0.002105263157894737,0.06326315789473684,0.029473684210526315,0.10957894736842105,0.3620457604306864
270,0.002109704641350211,0.06278481012658228,0.029535864978902954,0.10981012658227848,0.3633916554508748
271,0.0021141649048625794,0.06241014799154334,0.029492600422832978,0.11004228329809725,0.36473755047106327
272,0.00211864406779661,0.06211864406779661,0.029555084745762714,0.11027542372881355,0.36608344549125166
273,0.0021231422505307855,0.06138004246284501,0.02961783439490446,0.10849256900212313,0.3674293405114401
274,0.002127659574468085,0.061127659574468085,0.029574468085106387,0.10670212765957444,0.36877523553162855
275,0.0021321961620469083,0.060362473347547976,0.0255863539445629,0.10692963752665244,0.37012113055181695
276,0.002136752136752137,0.06017094017094017,0.025534188034188034,0.10715811965811964,0.3714670255720054
277,0.0021413276231263384,0.05997858672376873,0.025588865096359742,0.10738758029978586,0.3728129205921938
278,0.002145922746781116,0.05914163090128755,0.025643776824034334,0.10761802575107295,0.37415881561238223
279,0.002150537634408602,0.05924731182795699,0.025698924731182796,0.10784946236559138,0.3755047106325707
280,0.0021551724137931034,0.05911637931034483,0.025754310344827586,0.10808189655172411,0.3768506056527591
281,0.0021598272138228943,0.05915766738660907,0.025809935205183588,0.10831533477321811,0.3781965006729475
282,0.0021645021645021645,0.059134199134199136,0.025865800865800866,0.10854978354978354,0.3795423956931359
283,0.0021691973969631237,0.05904555314533622,0.02386117136659436,0.10845986984815618,0.38088829071332436
284,0.002173913043478261,0.058652173913043476,0.02391304347826087,0.10869565217391304,0.3822341857335128
285,0.002178649237472767,0.05849673202614379,0.023965141612200435,0.10893246187363835,0.3835800807537012
286,0.002183406113537118,0.058427947598253274,0.024017467248908297,0.1091703056768559,0.38492597577388965
287,0.002188183807439825,0.05824945295404814,0.023960612691466085,0.10940919037199125,0.38627187079407804
288,0.0021929824561403508,0.05828947368421052,0.02401315789473684,0.10964912280701754,0.3876177658142665
289,0.002197802197802198,0.05795604395604396,0.02197802197802198,0.10989010989010989,0.38896366083445494
290,0.0022026431718061676,0.05781938325991189,0.022026431718061675,0.11013215859030837,0.39030955585464333
291,0.002207505518763797,0.05781456953642384,0.02207505518763797,0.11037527593818984,0.3916554508748318
292,0.0022123893805309734,0.05765486725663717,0.022123893805309734,0.10851769911504425,0.39300134589502017
293,0.0022172949002217295,0.057494456762749446,0.022172949002217297,0.10875831485587582,0.3943472409152086
294,0.0022222222222222222,0.05726666666666667,0.022222222222222223,0.10888888888888888,0.39569313593539707
295,0.0022271714922048997,0.057060133630289535,0.022271714922048998,0.1091314031180401,0.39703903095558546
296,0.002232142857142857,0.05671875,0.022321428571428572,0.109375,0.3983849259757739
297,0.0022371364653243847,0.05651006711409396,0.02237136465324385,0.10961968680089486,0.3997308209959623
298,0.002242152466367713,0.05609865470852018,0.02242152466367713,0.10773542600896861,0.40107671601615075
299,0.0022471910112359553,0.05566292134831461,0.02247191011235955,0.09719101123595503,0.40242261103633914
300,0.0022522522522522522,0.05572072072072072,0.02252252252252252,0.09740990990990987,0.4037685060565276
301,0.002257336343115124,0.05555304740406321,0.022573363431151242,0.09762979683972908,0.40511440107671604
302,0.0022624434389140274,0.05529411764705882,0.02251131221719457,0.09785067873303165,0.40646029609690443
303,0.0022675736961451248,0.05530612244897959,0.02040816326530612,0.09591836734693873,0.4078061911170929
304,0.0022727272727272726,0.05520454545454545,0.020454545454545454,0.0961363636363636,0.40915208613728127
305,0.002277904328018223,0.05507972665148064,0.02050113895216401,0.0963553530751708,0.4104979811574697
306,0.00228310502283105,0.054771689497716894,0.02054794520547945,0.0958904109589041,0.41184387617765816
307,0.002288329519450801,0.05473684210526316,0.020594965675057208,0.09393592677345539,0.41318977119784656
308,0.0022935779816513763,0.05474770642201835,0.020642201834862386,0.09415137614678899,0.414535666218035
309,0.0022988505747126436,0.054390804597701146,0.020689655172413793,0.09436781609195401,0.4158815612382234
310,0.002304147465437788,0.053986175115207376,0.020737327188940093,0.09458525345622118,0.41722745625841184
311,0.0023094688221709007,0.05371824480369515,0.020785219399538105,0.09480369515011547,0.4185733512786003
312,0.0023148148148148147,0.05358796296296296,0.020833333333333332,0.09502314814814815,0.4199192462987887
313,0.002320185614849188,0.0534338747099768,0.02088167053364269,0.09524361948955914,0.42126514131897713
314,0.002325581395348837,0.053372093023255816,0.020930232558139535,0.09546511627906976,0.4226110363391655
315,0.002331002331002331,0.05337995337995338,0.02097902097902098,0.09347319347319347,0.423956931359354
316,0.002336448598130841,0.053224299065420554,0.02102803738317757,0.09369158878504671,0.4253028263795424
317,0.00234192037470726,0.05304449648711944,0.02107728337236534,0.09391100702576112,0.4266487213997308
318,0.002347417840375587,0.053051643192488264,0.02112676056338028,0.09413145539906101,0.42799461641991926
319,0.002352941176470588,0.052941176470588235,0.021176470588235293,0.09435294117647057,0.42934051144010765
320,0.0023584905660377358,0.05216981132075472,0.02122641509433962,0.09233490566037733,0.4306864064602961
321,0.002364066193853428,0.05182033096926714,0.02127659574468085,0.09255319148936167,0.43203230148048455
322,0.002369668246445498,0.05116113744075829,0.02132701421800948,0.0927725118483412,0.43337819650067294
323,0.0023752969121140144,0.05080760095011876,0.021377672209026127,0.09299287410926364,0.4347240915208614
324,0.002380952380952381,0.05064285714285714,0.02142857142857143,0.0932142857142857,0.4360699865410498
325,0.002386634844868735,0.04988066825775656,0.021479713603818614,0.09343675417661096,0.43741588156123823
326,0.0023923444976076554,0.049641148325358854,0.0215311004784689,0.09102870813397129,0.4387617765814266
327,0.002398081534772182,0.049592326139088726,0.021462829736211032,0.09124700239808153,0.44010767160161507
328,0.002403846153846154,0.04951923076923077,0.021514423076923077,0.09146634615384615,0.4414535666218035
329,0.0024096385542168677,0.04949397590361446,0.021566265060240966,0.09168674698795179,0.4427994616419919
330,0.0024154589371980675,0.049468599033816424,0.021618357487922703,0.09190821256038648,0.44414535666218036
331,0.002421307506053269,0.04912832929782082,0.021670702179176757,0.09213075060532687,0.44549125168236875
332,0.0024271844660194173,0.04919902912621359,0.021723300970873785,0.09235436893203883,0.4468371467025572
333,0.0024330900243309003,0.04902676399026764,0.021776155717761557,0.08783454987834549,0.44818304172274565
334,0.0024390243902439024,0.0485609756097561,0.021829268292682925,0.08792682926829266,0.44952893674293404
335,0.0024449877750611247,0.04845965770171149,0.019559902200488997,0.08814180929095354,0.4508748317631225
336,0.0024509803921568627,0.0483578431372549,0.0196078431372549,0.08823529411764706,0.4522207267833109
337,0.002457002457002457,0.04823095823095823,0.019656019656019656,0.08845208845208845,0.4535666218034993
338,0.0024630541871921183,0.04800492610837438,0.019704433497536946,0.08633004926108374,0.4549125168236878
339,0.0024691358024691358,0.04787654320987655,0.019753086419753086,0.0865432098765432,0.45625841184387617
340,0.0024752475247524753,0.04782178217821782,0.019801980198019802,0.08675742574257424,0.4576043068640646
341,0.0024813895781637717,0.04754342431761786,0.019851116625310174,0.08697270471464019,0.458950201884253
342,0.0024875621890547263,0.04743781094527363,0.01990049751243781,0.08718905472636815,0.46029609690444145
343,0.0024937655860349127,0.0471571072319202,0.0199501246882793,0.08740648379052368,0.4616419919246299
344,0.0025,0.047075,0.02,0.08762499999999998,0.4629878869448183
345,0.002506265664160401,0.047092731829573936,0.020050125313283207,0.08784461152882204,0.46433378196500674
346,0.002512562814070352,0.04648241206030151,0.020100502512562814,0.08806532663316582,0.46567967698519513
347,0.0025188916876574307,0.04642317380352645,0.020151133501259445,0.08828715365239294,0.4670255720053836
348,0.0025252525252525255,0.04648989898989899,0.020202020202020204,0.088510101010101,0.46837146702557203
349,0.002531645569620253,0.04635443037974683,0.020253164556962026,0.08873417721518986,0.4697173620457604
350,0.0025380710659898475,0.046218274111675124,0.02017766497461929,0.08895939086294416,0.47106325706594887
351,0.002544529262086514,0.046183206106870225,0.02022900763358779,0.089058524173028,0.47240915208613726
352,0.002551020408163265,0.0461734693877551,0.02028061224489796,0.08928571428571429,0.4737550471063257
353,0.0025575447570332483,0.04588235294117647,0.020332480818414322,0.08708439897698209,0.47510094212651416
354,0.002564102564102564,0.045743589743589746,0.020384615384615386,0.0873076923076923,0.47644683714670255
355,0.002570694087403599,0.04575835475578406,0.017994858611825194,0.08740359897172237,0.477792732166891
356,0.002577319587628866,0.04574742268041237,0.01804123711340206,0.08762886597938144,0.4791386271870794
357,0.002583979328165375,0.04565891472868217,0.01808785529715762,0.08785529715762273,0.48048452220726784
358,0.0025906735751295338,0.04528497409326425,0.018134715025906734,0.08808290155440414,0.48183041722745623
359,0.0025974025974025974,0.045064935064935065,0.01818181818181818,0.08831168831168831,0.4831763122476447
360,0.0026041666666666665,0.04515625,0.018229166666666668,0.08854166666666667,0.4845222072678331
361,0.0026109660574412533,0.04433420365535248,0.018276762402088774,0.08629242819843341,0.4858681022880215
362,0.002617801047120419,0.0443717277486911,0.01832460732984293,0.08651832460732983,0.48721399730820997
363,0.0026246719160104987,0.044146981627296585,0.01837270341207349,0.08674540682414697,0.48855989232839836
364,0.002631578947368421,0.044157894736842104,0.018421052631578946,0.08697368421052631,0.4899057873485868
365,0.002638522427440633,0.04411609498680739,0.018469656992084433,0.08720316622691293,0.49125168236877526
366,0.0026455026455026454,0.0432010582010582,0.018518518518518517,0.08743386243386242,0.49259757738896365
367,0.002652519893899204,0.04297082228116711,0.01856763925729443,0.0876657824933687,0.4939434724091521
368,0.0026595744680851063,0.042898936170212766,0.018617021276595744,0.08789893617021277,0.4952893674293405
369,0.0026666666666666666,0.043013333333333334,0.018666666666666668,0.08813333333333331,0.49663526244952894
370,0.00267379679144385,0.04286096256684492,0.01871657754010695,0.08836898395721925,0.4979811574697174
371,0.002680965147453083,0.04254691689008043,0.01876675603217158,0.0886058981233244,0.4993270524899058
372,0.002688172043010753,0.04252688172043011,0.01881720430107527,0.08870967741935484,0.5006729475100942
373,0.0026954177897574125,0.042102425876010784,0.018867924528301886,0.0862533692722372,0.5020188425302826
374,0.002702702702702703,0.04216216216216216,0.01891891891891892,0.08648648648648649,0.5033647375504711
375,0.0027100271002710027,0.041842818428184284,0.018970189701897018,0.08414634146341463,0.5047106325706595
376,0.002717391304347826,0.04135869565217391,0.019021739130434784,0.08437499999999999,0.506056527590848
377,0.0027247956403269754,0.04125340599455041,0.01907356948228883,0.08460490463215259,0.5074024226110363
378,0.00273224043715847,0.04114754098360656,0.01912568306010929,0.08483606557377048,0.5087483176312247
379,0.0027397260273972603,0.04057534246575342,0.019178082191780823,0.0821917808219178,0.5100942126514132
380,0.0027472527472527475,0.040631868131868136,0.019230769230769232,0.07980769230769229,0.5114401076716016
381,0.0027548209366391185,0.04060606060606061,0.01928374655647383,0.08002754820936639,0.5127860026917901
382,0.0027624309392265192,0.04013812154696132,0.019337016574585635,0.08024861878453038,0.5141318977119784
383,0.002770083102493075,0.03950138504155125,0.019390581717451522,0.08047091412742381,0.5154777927321669
384,0.002777777777777778,0.0395,0.019444444444444445,0.08069444444444444,0.5168236877523553
385,0.002785515320334262,0.03910863509749304,0.019498607242339833,0.0809192200557103,0.5181695827725438
386,0.002793296089385475,0.039022346368715086,0.019553072625698324,0.08114525139664804,0.5195154777927322
387,0.0028011204481792717,0.03887955182072829,0.0196078431372549,0.08137254901960785,0.5208613728129206
388,0.0028089887640449437,0.03882022471910112,0.019662921348314606,0.0735955056179775,0.522207267833109
389,0.0028169014084507044,0.038619718309859156,0.01971830985915493,0.07380281690140841,0.5235531628532974
390,0.002824858757062147,0.038615819209039545,0.01977401129943503,0.07401129943502821,0.5248990578734859
391,0.0028328611898017,0.03872521246458924,0.019830028328611898,0.0742209631728045,0.5262449528936743
392,0.002840909090909091,0.03880681818181818,0.019744318181818182,0.07443181818181815,0.5275908479138627
393,0.002849002849002849,0.038433048433048435,0.019800569800569802,0.07407407407407407,0.5289367429340511
394,0.002857142857142857,0.038457142857142856,0.019857142857142858,0.07428571428571429,0.5302826379542396
395,0.0028653295128939827,0.03828080229226361,0.01991404011461318,0.07449856733524356,0.531628532974428
396,0.0028735632183908046,0.03807471264367816,0.017241379310344827,0.07471264367816093,0.5329744279946165
397,0.002881844380403458,0.03809798270893372,0.01729106628242075,0.07492795389048991,0.5343203230148048
398,0.002890173410404624,0.03786127167630058,0.017341040462427744,0.07514450867052024,0.5356662180349933
399,0.002898550724637681,0.03794202898550725,0.017391304347826087,0.07536231884057971,0.5370121130551817
400,0.0029069767441860465,0.03781976744186046,0.01744186046511628,0.0755813953488372,0.5383580080753702
401,0.0029154518950437317,0.03793002915451895,0.01749271137026239,0.07580174927113703,0.5397039030955586
402,0.0029239766081871343,0.037719298245614034,0.017543859649122806,0.07602339181286549,0.5410497981157469
403,0.002932551319648094,0.037360703812316716,0.017595307917888565,0.07624633431085044,0.5423956931359354
404,0.0029411764705882353,0.037441176470588235,0.01764705882352941,0.07647058823529412,0.5437415881561238
405,0.0029498525073746312,0.03734513274336283,0.017699115044247787,0.07669616519174041,0.5450874831763123
406,0.0029585798816568047,0.037307692307692306,0.01775147928994083,0.07692307692307693,0.5464333781965006
407,0.002967359050445104,0.03735905044510386,0.017804154302670624,0.0771513353115727,0.5477792732166891
408,0.002976190476190476,0.037172619047619045,0.017857142857142856,0.07738095238095238,0.5491251682368775
409,0.0029850746268656717,0.03725373134328358,0.01791044776119403,0.07761194029850746,0.550471063257066
410,0.0029940119760479044,0.037005988023952094,0.017964071856287425,0.07215568862275448,0.5518169582772544
411,0.003003003003003003,0.036756756756756756,0.018018018018018018,0.07237237237237236,0.5531628532974427
412,0.0030120481927710845,0.03677710843373494,0.018072289156626505,0.07259036144578311,0.5545087483176312
413,0.0030211480362537764,0.03673716012084592,0.017975830815709973,0.072809667673716,0.5558546433378196
414,0.0030303030303030303,0.03660606060606061,0.015151515151515152,0.07303030303030301,0.5572005383580081
415,0.00303951367781155,0.0360790273556231,0.015197568389057751,0.07006079027355622,0.5585464333781965
416,0.003048780487804878,0.03588414634146341,0.01524390243902439,0.07027439024390245,0.5598923283983849
417,0.0030581039755351682,0.03590214067278288,0.01529051987767584,0.07048929663608562,0.5612382234185733
418,0.003067484662576687,0.03585889570552147,0.015337423312883436,0.07070552147239262,0.5625841184387618
419,0.003076923076923077,0.03569230769230769,0.015384615384615385,0.07092307692307691,0.5639300134589502
420,0.0030864197530864196,0.035648148148148144,0.015432098765432098,0.07114197530864196,0.5652759084791387
421,0.0030959752321981426,0.03535603715170279,0.015479876160990712,0.07120743034055728,0.566621803499327
422,0.003105590062111801,0.035434782608695654,0.015527950310559006,0.07142857142857142,0.5679676985195155
423,0.003115264797507788,0.035358255451713394,0.01557632398753894,0.07165109034267912,0.5693135935397039
424,0.003125,0.0354375,0.015625,0.071875,0.5706594885598923
425,0.003134796238244514,0.035517241379310345,0.01567398119122257,0.07210031347962383,0.5720053835800808
426,0.0031446540880503146,0.03553459119496855,0.015723270440251572,0.07232704402515723,0.5733512786002691
427,0.0031545741324921135,0.0355205047318612,0.015772870662460567,0.07255520504731862,0.5746971736204576
428,0.0031645569620253164,0.035569620253164555,0.015822784810126583,0.07278481012658228,0.576043068640646
429,0.0031746031746031746,0.035682539682539684,0.015873015873015872,0.07301587301587302,0.5773889636608345
430,0.0031847133757961785,0.03573248407643312,0.01592356687898089,0.0732484076433121,0.5787348586810229
431,0.003194888178913738,0.035623003194888175,0.01597444089456869,0.07348242811501597,0.5800807537012113
432,0.003205128205128205,0.03532051282051282,0.016025641025641024,0.07371794871794872,0.5814266487213997
433,0.003215434083601286,0.03540192926045016,0.01607717041800643,0.07395498392282958,0.5827725437415882
434,0.0032258064516129032,0.03509677419354838,0.016129032258064516,0.07419354838709677,0.5841184387617766
435,0.003236245954692557,0.03504854368932039,0.016181229773462782,0.07135922330097087,0.585464333781965
436,0.003246753246753247,0.03506493506493506,0.016233766233766232,0.07159090909090908,0.5868102288021534
437,0.003257328990228013,0.0349185667752443,0.016286644951140065,0.06547231270358304,0.5881561238223418
438,0.0032679738562091504,0.034999999999999996,0.016339869281045753,0.06568627450980391,0.5895020188425303
439,0.003278688524590164,0.03501639344262295,0.01639344262295082,0.06590163934426228,0.5908479138627187
440,0.003289473684210526,0.03506578947368421,0.01644736842105263,0.06611842105263155,0.5921938088829072
441,0.0033003300330033004,0.03448844884488449,0.0165016501650165,0.066006600660066,0.5935397039030955
442,0.0033112582781456954,0.03433774834437086,0.016556291390728478,0.06622516556291391,0.594885598923284
443,0.0033222591362126247,0.034186046511627904,0.016611295681063124,0.0664451827242525,0.5962314939434724
444,0.0033333333333333335,0.03383333333333333,0.016666666666666666,0.06666666666666667,0.5975773889636609
445,0.0033444816053511705,0.03364548494983278,0.016722408026755852,0.06688963210702341,0.5989232839838493
446,0.003355704697986577,0.03365771812080537,0.016778523489932886,0.06711409395973154,0.6002691790040376
447,0.003367003367003367,0.0337037037037037,0.016835016835016835,0.06734006734006734,0.6016150740242261
448,0.0033783783783783786,0.033783783783783786,0.016891891891891893,0.06756756756756757,0.6029609690444145
449,0.003389830508474576,0.03349152542372882,0.01677966101694915,0.06779661016949153,0.604306864064603
450,0.003401360544217687,0.033197278911564626,0.01683673469387755,0.06802721088435375,0.6056527590847914
451,0.0034129692832764505,0.033105802047781574,0.016894197952218432,0.06825938566552901,0.6069986541049798
452,0.003424657534246575,0.033219178082191776,0.016952054794520548,0.0684931506849315,0.6083445491251682
453,0.003436426116838488,0.03309278350515464,0.017010309278350517,0.06872852233676977,0.6096904441453567
454,0.0034482758620689655,0.03293103448275862,0.01706896551724138,0.06896551724137931,0.6110363391655451
455,0.0034602076124567475,0.03290657439446367,0.017128027681660902,0.06920415224913495,0.6123822341857336
456,0.003472222222222222,0.03298611111111111,0.0171875,0.06944444444444445,0.6137281292059219
457,0.003484320557491289,0.032961672473867595,0.017247386759581883,0.06968641114982578,0.6150740242261103
458,0.0034965034965034965,0.033041958041958044,0.01730769230769231,0.06993006993006994,0.6164199192462988
459,0.0035087719298245615,0.03298245614035088,0.017368421052631578,0.07017543859649122,0.6177658142664872
460,0.0035211267605633804,0.03285211267605634,0.017429577464788737,0.07042253521126761,0.6191117092866757
461,0.0035335689045936395,0.03293286219081272,0.01749116607773852,0.0706713780918728,0.620457604306864
462,0.0035460992907801418,0.03297872340425532,0.017553191489361703,0.07092198581560284,0.6218034993270525
463,0.0035587188612099642,0.03284697508896797,0.014234875444839857,0.0711743772241993,0.6231493943472409
464,0.0035714285714285713,0.03296428571428571,0.014285714285714285,0.07142857142857142,0.6244952893674294
465,0.0035842293906810036,0.032903225806451615,0.014336917562724014,0.07168458781362007,0.6258411843876177
466,0.0035971223021582736,0.03284172661870503,0.014388489208633094,0.07194244604316546,0.6271870794078062
467,0.0036101083032490976,0.032888086642599276,0.01444043321299639,0.07220216606498195,0.6285329744279946
468,0.0036231884057971015,0.03242753623188406,0.014492753623188406,0.06557971014492751,0.629878869448183
469,0.0036363636363636364,0.032363636363636365,0.014545454545454545,0.0658181818181818,0.6312247644683715
470,0.0036496350364963502,0.03215328467153285,0.014598540145985401,0.06605839416058393,0.6325706594885598
471,0.003663003663003663,0.03216117216117216,0.014652014652014652,0.06282051282051279,0.6339165545087483
472,0.003676470588235294,0.03224264705882353,0.014705882352941176,0.06305147058823526,0.6352624495289367
473,0.0036900369003690036,0.032250922509225094,0.014760147601476014,0.06328413284132839,0.6366083445491252
474,0.003703703703703704,0.03233333333333333,0.014814814814814815,0.06333333333333331,0.6379542395693136
475,0.0037174721189591076,0.03241635687732342,0.01486988847583643,0.06356877323420072,0.639300134589502
476,0.0037313432835820895,0.032350746268656715,0.014925373134328358,0.06380597014925371,0.6406460296096904
477,0.003745318352059925,0.03239700374531835,0.0149812734082397,0.0640449438202247,0.6419919246298789
478,0.0037593984962406013,0.03233082706766917,0.015037593984962405,0.06428571428571427,0.6433378196500673
479,0.0037735849056603774,0.03218867924528302,0.01509433962264151,0.06452830188679243,0.6446837146702558
480,0.003787878787878788,0.03212121212121212,0.015151515151515152,0.06439393939393939,0.6460296096904441
481,0.0038022813688212928,0.03209125475285171,0.015209125475285171,0.06463878326996197,0.6473755047106325
482,0.003816793893129771,0.03187022900763359,0.015267175572519083,0.0648854961832061,0.648721399730821
483,0.0038314176245210726,0.031685823754789275,0.01532567049808429,0.06513409961685823,0.6500672947510094
484,0.0038461538461538464,0.03134615384615385,0.015384615384615385,0.06538461538461539,0.6514131897711979
485,0.003861003861003861,0.031196911196911196,0.015444015444015444,0.06563706563706563,0.6527590847913862
486,0.003875968992248062,0.030930232558139537,0.015503875968992248,0.06589147286821706,0.6541049798115747
487,0.0038910505836575876,0.030817120622568094,0.01556420233463035,0.06614785992217899,0.6554508748317631
488,0.00390625,0.030585937500000004,0.015625,0.06640625,0.6567967698519516
489,0.00392156862745098,0.030549019607843137,0.01568627450980392,0.06666666666666667,0.65814266487214
490,0.003937007874015748,0.030590551181102363,0.015748031496062992,0.06692913385826772,0.6594885598923284
491,0.003952569169960474,0.030513833992094862,0.015810276679841896,0.06719367588932806,0.6608344549125168
492,0.003968253968253968,0.030396825396825394,0.015873015873015872,0.06746031746031746,0.6621803499327052
493,0.00398406374501992,0.03039840637450199,0.01593625498007968,0.06772908366533864,0.6635262449528937
494,0.004,0.03032,0.016,0.0642,0.6648721399730821
495,0.004016064257028112,0.030281124497991967,0.01606425702811245,0.0642570281124498,0.6662180349932705
496,0.004032258064516129,0.03032258064516129,0.016129032258064516,0.06451612903225806,0.6675639300134589
497,0.004048582995951417,0.030283400809716598,0.016194331983805668,0.06093117408906881,0.6689098250336474
498,0.0040650406504065045,0.030121951219512194,0.016260162601626018,0.06117886178861787,0.6702557200538358
499,0.004081632653061225,0.030040816326530613,0.0163265306122449,0.061428571428571416,0.6716016150740243
500,0.004098360655737705,0.030081967213114753,0.01639344262295082,0.06168032786885245,0.6729475100942126
501,0.00411522633744856,0.030041152263374487,0.01646090534979424,0.06172839506172839,0.6742934051144011
502,0.004132231404958678,0.02991735537190083,0.01632231404958678,0.06198347107438017,0.6756393001345895
503,0.004149377593360996,0.02991701244813278,0.016390041493775934,0.06224066390041494,0.676985195154778
504,0.004166666666666667,0.029875,0.0125,0.0625,0.6783310901749664
505,0.0041841004184100415,0.0297489539748954,0.012552301255230125,0.06276150627615062,0.6796769851951547
506,0.004201680672268907,0.02949579831932773,0.012605042016806723,0.05903361344537814,0.6810228802153432
507,0.004219409282700422,0.029367088607594936,0.012658227848101266,0.05928270042194092,0.6823687752355316
508,0.00423728813559322,0.029491525423728814,0.012711864406779662,0.05953389830508474,0.6837146702557201
509,0.00425531914893617,0.029617021276595747,0.01276595744680851,0.05978723404255318,0.6850605652759085
510,0.004273504273504274,0.029700854700854703,0.01282051282051282,0.06004273504273503,0.6864064602960969
511,0.004291845493562232,0.0296137339055794,0.012875536480686695,0.060300429184549344,0.6877523553162853
512,0.004310344827586207,0.029741379310344828,0.01293103448275862,0.0605603448275862,0.6890982503364738
513,0.004329004329004329,0.029567099567099568,0.012987012987012988,0.06082251082251081,0.6904441453566622
514,0.004347826086956522,0.029652173913043478,0.013043478260869565,0.06108695652173912,0.6917900403768507
515,0.004366812227074236,0.029694323144104803,0.013100436681222707,0.061353711790393,0.693135935397039
516,0.0043859649122807015,0.029605263157894735,0.013157894736842105,0.06162280701754385,0.6944818304172274
517,0.004405286343612335,0.029647577092511014,0.013215859030837005,0.06167400881057269,0.6958277254374159
518,0.004424778761061947,0.029646017699115044,0.01327433628318584,0.061946902654867256,0.6971736204576043
519,0.0044444444444444444,0.02951111111111111,0.013333333333333334,0.06222222222222222,0.6985195154777928
520,0.004464285714285714,0.02964285714285714,0.013392857142857142,0.0625,0.6998654104979811
521,0.004484304932735426,0.02968609865470852,0.013452914798206279,0.06278026905829596,0.7012113055181696
522,0.0045045045045045045,0.029729729729729728,0.013513513513513514,0.06306306306306306,0.702557200538358
523,0.004524886877828055,0.029457013574660632,0.013574660633484163,0.06334841628959276,0.7039030955585465
524,0.004545454545454545,0.02940909090909091,0.013636363636363636,0.06363636363636363,0.7052489905787349
525,0.0045662100456621,0.029086757990867577,0.0136986301369863,0.0639269406392694,0.7065948855989233
526,0.0045871559633027525,0.028807339449541284,0.013761467889908258,0.06422018348623854,0.7079407806191117
527,0.004608294930875576,0.028894009216589862,0.013824884792626729,0.06451612903225806,0.7092866756393001
528,0.004629629629629629,0.028749999999999998,0.013888888888888888,0.06018518518518518,0.7106325706594886
529,0.004651162790697674,0.02888372093023256,0.013953488372093023,0.06046511627906977,0.7119784656796769
530,0.004672897196261682,0.028878504672897196,0.014018691588785047,0.06074766355140187,0.7133243606998654
531,0.004694835680751174,0.028873239436619718,0.014084507042253521,0.06103286384976526,0.7146702557200538
532,0.0047169811320754715,0.02891509433962264,0.014150943396226415,0.06132075471698113,0.7160161507402423
533,0.004739336492890996,0.028767772511848342,0.014218009478672985,0.061611374407582936,0.7173620457604307
534,0.004761904761904762,0.028523809523809524,0.014285714285714285,0.06190476190476191,0.7187079407806191
535,0.004784688995215311,0.028660287081339712,0.014354066985645933,0.06220095693779904,0.7200538358008075
536,0.004807692307692308,0.028509615384615387,0.014423076923076924,0.057932692307692296,0.721399730820996
537,0.004830917874396135,0.028357487922705316,0.014492753623188406,0.057971014492753624,0.7227456258411844
538,0.0048543689320388345,0.028300970873786406,0.014563106796116505,0.05825242718446602,0.7240915208613729
539,0.004878048780487805,0.028390243902439025,0.014634146341463415,0.05853658536585366,0.7254374158815612
540,0.004901960784313725,0.028284313725490198,0.014705882352941176,0.058823529411764705,0.7267833109017496
541,0.0049261083743842365,0.02832512315270936,0.014778325123152709,0.059113300492610835,0.7281292059219381
542,0.0049504950495049506,0.02806930693069307,0.01485148514851485,0.0594059405940594,0.7294751009421265
543,0.004975124378109453,0.027860696517412936,0.014925373134328358,0.05970149253731343,0.730820995962315
544,0.005,0.02765,0.015,0.06,0.7321668909825033
545,0.005025125628140704,0.027386934673366833,0.01507537688442211,0.06030150753768844,0.7335127860026918
546,0.005050505050505051,0.027323232323232322,0.015151515151515152,0.06060606060606061,0.7348586810228802
547,0.005076142131979695,0.02715736040609137,0.015228426395939087,0.06091370558375635,0.7362045760430687
548,0.00510204081632653,0.02704081632653061,0.01020408163265306,0.061224489795918366,0.7375504710632571
549,0.005128205128205128,0.02676923076923077,0.010256410256410256,0.05666666666666665,0.7388963660834454
550,0.005154639175257732,0.026855670103092782,0.010309278350515464,0.05695876288659792,0.7402422611036339
551,0.0051813471502590676,0.026787564766839377,0.010362694300518135,0.05725388601036268,0.7415881561238223
552,0.005208333333333333,0.026770833333333334,0.010416666666666666,0.057552083333333316,0.7429340511440108
553,0.005235602094240838,0.026701570680628273,0.010471204188481676,0.05785340314136124,0.7442799461641992
554,0.005263157894736842,0.02668421052631579,0.010526315789473684,0.05789473684210526,0.7456258411843876
555,0.005291005291005291,0.02656084656084656,0.010582010582010581,0.0582010582010582,0.746971736204576
556,0.005319148936170213,0.026436170212765956,0.010638297872340425,0.05851063829787234,0.7483176312247645
557,0.0053475935828877,0.026363636363636363,0.0106951871657754,0.058823529411764705,0.7496635262449529
558,0.005376344086021506,0.026344086021505377,0.010752688172043012,0.05913978494623656,0.7510094212651414
559,0.005405405405405406,0.02648648648648649,0.010810810810810811,0.05945945945945946,0.7523553162853297
560,0.005434782608695652,0.026521739130434784,0.010869565217391304,0.059782608695652176,0.7537012113055181
561,0.00546448087431694,0.02639344262295082,0.01092896174863388,0.060109289617486336,0.7550471063257066
562,0.005494505494505495,0.026318681318681317,0.01098901098901099,0.055219780219780204,0.756393001345895
563,0.0055248618784530384,0.026132596685082873,0.011049723756906077,0.055248618784530384,0.7577388963660835
564,0.005555555555555556,0.026166666666666668,0.011111111111111112,0.05555555555555555,0.7590847913862718
565,0.00558659217877095,0.025977653631284917,0.0111731843575419,0.055865921787709494,0.7604306864064603
566,0.0056179775280898875,0.02595505617977528,0.011235955056179775,0.056179775280898875,0.7617765814266487
567,0.005649717514124294,0.02598870056497175,0.011299435028248588,0.05649717514124294,0.7631224764468372
568,0.005681818181818182,0.026136363636363635,0.011363636363636364,0.056818181818181816,0.7644683714670256
569,0.005714285714285714,0.026114285714285715,0.011428571428571429,0.05714285714285714,0.765814266487214
570,0.005747126436781609,0.026091954022988507,0.011494252873563218,0.05747126436781609,0.7671601615074024
571,0.005780346820809248,0.026184971098265893,0.011560693641618497,0.057803468208092484,0.7685060565275909
572,0.005813953488372093,0.026104651162790697,0.011627906976744186,0.05813953488372093,0.7698519515477793
573,0.005847953216374269,0.02573099415204678,0.011695906432748537,0.047368421052631546,0.7711978465679677
574,0.0058823529411764705,0.025705882352941176,0.011764705882352941,0.047647058823529376,0.7725437415881561
575,0.005917159763313609,0.025798816568047337,0.011834319526627219,0.0479289940828402,0.7738896366083445
576,0.005952380952380952,0.025476190476190475,0.011904761904761904,0.048214285714285675,0.775235531628533
577,0.005988023952095809,0.025508982035928145,0.011976047904191617,0.04850299401197602,0.7765814266487214
578,0.006024096385542169,0.025120481927710842,0.012048192771084338,0.042469879518072275,0.7779273216689099
579,0.006060606060606061,0.025212121212121213,0.012121212121212121,0.04272727272727271,0.7792732166890982
580,0.006097560975609756,0.02518292682926829,0.012195121951219513,0.04298780487804877,0.7806191117092867
581,0.006134969325153374,0.025153374233128835,0.012269938650306749,0.043251533742331275,0.7819650067294751
582,0.006172839506172839,0.02530864197530864,0.012345679012345678,0.0435185185185185,0.7833109017496636
583,0.006211180124223602,0.0253416149068323,0.012422360248447204,0.04378881987577638,0.784656796769852
584,0.00625,0.025437500000000002,0.0125,0.04406249999999998,0.7860026917900403
585,0.006289308176100629,0.02547169811320755,0.012578616352201259,0.04433962264150941,0.7873485868102288
586,0.006329113924050633,0.025569620253164557,0.012658227848101266,0.04462025316455694,0.7886944818304172
587,0.006369426751592357,0.02573248407643312,0.012738853503184714,0.04490445859872609,0.7900403768506057
588,0.00641025641025641,0.025833333333333333,0.01282051282051282,0.04519230769230767,0.7913862718707941
589,0.0064516129032258064,0.025806451612903226,0.012903225806451613,0.04516129032258064,0.7927321668909825
590,0.006493506493506494,0.025974025974025976,0.012987012987012988,0.045454545454545456,0.7940780619111709
591,0.006535947712418301,0.02588235294117647,0.013071895424836602,0.039542483660130696,0.7954239569313594
592,0.006578947368421052,0.02605263157894737,0.013157894736842105,0.039802631578947346,0.7967698519515478
593,0.006622516556291391,0.026026490066225167,0.013245033112582781,0.040066225165562894,0.7981157469717362
594,0.006666666666666667,0.026133333333333335,0.013333333333333334,0.04033333333333332,0.7994616419919246
595,0.006711409395973154,0.025973154362416106,0.013422818791946308,0.04060402684563756,0.800807537012113
596,0.006756756756756757,0.02587837837837838,0.013513513513513514,0.04087837837837836,0.8021534320323015
597,0.006802721088435374,0.02585034013605442,0.013605442176870748,0.04115646258503399,0.8034993270524899
598,0.00684931506849315,0.025890410958904108,0.0136986301369863,0.041438356164383544,0.8048452220726783
599,0.006896551724137931,0.025448275862068964,0.013793103448275862,0.041379310344827586,0.8061911170928667
600,0.006944444444444444,0.025416666666666667,0.013888888888888888,0.041666666666666664,0.8075370121130552
601,0.006993006993006993,0.025454545454545455,0.013986013986013986,0.04195804195804196,0.8088829071332436
602,0.007042253521126761,0.02535211267605634,0.014084507042253521,0.04225352112676056,0.8102288021534321
603,0.0070921985815602835,0.02553191489361702,0.014184397163120567,0.0425531914893617,0.8115746971736204
604,0.007142857142857143,0.025714285714285714,0.014285714285714285,0.04285714285714286,0.8129205921938089
605,0.007194244604316547,0.025827338129496405,0.014388489208633094,0.04316546762589928,0.8142664872139973
606,0.007246376811594203,0.025797101449275363,0.014492753623188406,0.043478260869565216,0.8156123822341858
607,0.0072992700729927005,0.02583941605839416,0.014598540145985401,0.043795620437956206,0.8169582772543742
608,0.007352941176470588,0.026029411764705884,0.014705882352941176,0.04411764705882353,0.8183041722745625
609,0.007407407407407408,0.026074074074074076,0.014814814814814815,0.044444444444444446,0.819650067294751
610,0.007462686567164179,0.026119402985074626,0.014925373134328358,0.04477611940298507,0.8209959623149394
611,0.007518796992481203,0.026240601503759394,0.015037593984962405,0.045112781954887216,0.8223418573351279
612,0.007575757575757576,0.02643939393939394,0.015151515151515152,0.045454545454545456,0.8236877523553163
613,0.007633587786259542,0.0266412213740458,0.015267175572519083,0.04580152671755725,0.8250336473755047
614,0.007692307692307693,0.026846153846153846,0.015384615384615385,0.046153846153846156,0.8263795423956931
615,0.007751937984496124,0.02705426356589147,0.015503875968992248,0.046511627906976744,0.8277254374158816
616,0.0078125,0.027109374999999998,0.015625,0.046875,0.82907133243607
617,0.007874015748031496,0.02716535433070866,0.015748031496062992,0.047244094488188976,0.8304172274562585
618,0.007936507936507936,0.026984126984126982,0.015873015873015872,0.047619047619047616,0.8317631224764468
619,0.008,0.027120000000000002,0.016,0.04039999999999998,0.8331090174966352
620,0.008064516129032258,0.02717741935483871,0.016129032258064516,0.040725806451612875,0.8344549125168237
621,0.008130081300813009,0.02723577235772358,0.016260162601626018,0.04105691056910567,0.8358008075370121
622,0.00819672131147541,0.027295081967213114,0.01639344262295082,0.04139344262295079,0.8371467025572006
623,0.008264462809917356,0.027520661157024794,0.01652892561983471,0.04173553719008262,0.8384925975773889
624,0.008333333333333333,0.027416666666666666,0.016666666666666666,0.042083333333333306,0.8398384925975774
625,0.008403361344537815,0.027394957983193278,0.01680672268907563,0.04243697478991595,0.8411843876177658
626,0.00847457627118644,0.027372881355932202,0.01694915254237288,0.0427966101694915,0.8425302826379543
627,0.008547008547008548,0.02717948717948718,0.017094017094017096,0.043162393162393134,0.8438761776581427
628,0.008620689655172414,0.027413793103448277,0.017241379310344827,0.043534482758620666,0.845222072678331
629,0.008695652173913044,0.027478260869565216,0.017391304347826087,0.043913043478260846,0.8465679676985195
630,0.008771929824561403,0.02719298245614035,0.017543859649122806,0.04429824561403506,0.847913862718708
631,0.008849557522123894,0.02743362831858407,0.017699115044247787,0.04469026548672564,0.8492597577388964
632,0.008928571428571428,0.027678571428571427,0.017857142857142856,0.045089285714285686,0.8506056527590848
633,0.009009009009009009,0.027477477477477478,0.018018018018018018,0.04504504504504504,0.8519515477792732
634,0.00909090909090909,0.02727272727272727,0.01818181818181818,0.045454545454545456,0.8532974427994616
635,0.009174311926605505,0.02724770642201835,0.01834862385321101,0.045871559633027525,0.8546433378196501
636,0.009259259259259259,0.027314814814814813,0.018518518518518517,0.046296296296296294,0.8559892328398385
637,0.009345794392523364,0.027196261682242987,0.018691588785046728,0.04672897196261682,0.857335127860027
638,0.009433962264150943,0.027075471698113206,0.018867924528301886,0.04716981132075472,0.8586810228802153
639,0.009523809523809525,0.02723809523809524,0.01904761904761905,0.047619047619047616,0.8600269179004038
640,0.009615384615384616,0.027403846153846154,0.019230769230769232,0.04807692307692308,0.8613728129205922
641,0.009708737864077669,0.027087378640776698,0.019417475728155338,0.04854368932038835,0.8627187079407806
642,0.00980392156862745,0.027254901960784315,0.0196078431372549,0.049019607843137254,0.8640646029609691
643,0.009900990099009901,0.027227722772277228,0.019801980198019802,0.04950495049504951,0.8654104979811574
644,0.01,0.027,0.02,0.05,0.8667563930013459
645,0.010101010101010102,0.027171717171717173,0.020202020202020204,0.050505050505050504,0.8681022880215343
646,0.01020408163265306,0.027448979591836734,0.02040816326530612,0.05102040816326531,0.8694481830417228
647,0.010309278350515464,0.027628865979381443,0.020618556701030927,0.05154639175257732,0.8707940780619112
648,0.010416666666666666,0.0275,0.020833333333333332,0.052083333333333336,0.8721399730820996
649,0.010526315789473684,0.027578947368421054,0.021052631578947368,0.05263157894736842,0.873485868102288
650,0.010638297872340425,0.0275531914893617,0.020744680851063832,0.05319148936170213,0.8748317631224765
651,0.010752688172043012,0.02763440860215054,0.020967741935483872,0.053763440860215055,0.8761776581426649
652,0.010869565217391304,0.027826086956521737,0.021195652173913043,0.04402173913043475,0.8775235531628532
653,0.01098901098901099,0.028021978021978023,0.021428571428571432,0.04450549450549448,0.8788694481830417
654,0.011111111111111112,0.028333333333333335,0.021666666666666667,0.04499999999999997,0.8802153432032301
655,0.011235955056179775,0.02842696629213483,0.021910112359550565,0.04550561797752806,0.8815612382234186
656,0.011363636363636364,0.028522727272727273,0.02215909090909091,0.04602272727272724,0.882907133243607
657,0.011494252873563218,0.028620689655172414,0.011494252873563218,0.046551724137931,0.8842530282637954
658,0.011627906976744186,0.028720930232558138,0.011627906976744186,0.047093023255813916,0.8855989232839838
659,0.011764705882352941,0.028941176470588238,0.011764705882352941,0.047647058823529376,0.8869448183041723
660,0.011904761904761904,0.029166666666666664,0.011904761904761904,0.048214285714285675,0.8882907133243607
661,0.012048192771084338,0.029397590361445784,0.012048192771084338,0.04879518072289153,0.8896366083445492
662,0.012195121951219513,0.02975609756097561,0.012195121951219513,0.04939024390243899,0.8909825033647375
663,0.012345679012345678,0.029629629629629627,0.012345679012345678,0.04938271604938271,0.892328398384926
664,0.0125,0.029500000000000002,0.0125,0.05,0.8936742934051144
665,0.012658227848101266,0.02949367088607595,0.012658227848101266,0.05063291139240506,0.8950201884253028
666,0.01282051282051282,0.029743589743589743,0.01282051282051282,0.05128205128205128,0.8963660834454913
667,0.012987012987012988,0.03012987012987013,0.012987012987012988,0.05194805194805195,0.8977119784656796
668,0.013157894736842105,0.03026315789473684,0.013157894736842105,0.05263157894736842,0.8990578734858681
669,0.013333333333333334,0.030266666666666667,0.013333333333333334,0.05333333333333334,0.9004037685060565
670,0.013513513513513514,0.030405405405405407,0.013513513513513514,0.05405405405405406,0.901749663526245
671,0.0136986301369863,0.030684931506849315,0.0136986301369863,0.0547945205479452,0.9030955585464334
672,0.013888888888888888,0.03111111111111111,0.013888888888888888,0.05555555555555555,0.9044414535666218
673,0.014084507042253521,0.03126760563380282,0.014084507042253521,0.056338028169014086,0.9057873485868102
674,0.014285714285714285,0.03157142857142857,0.014285714285714285,0.05714285714285714,0.9071332436069987
675,0.014492753623188406,0.03159420289855072,0.014492753623188406,0.057971014492753624,0.9084791386271871
676,0.014705882352941176,0.03176470588235294,0.014705882352941176,0.058823529411764705,0.9098250336473755
677,0.014925373134328358,0.032238805970149255,0.014925373134328358,0.05970149253731343,0.9111709286675639
678,0.015151515151515152,0.032424242424242425,0.015151515151515152,0.06060606060606061,0.9125168236877523
679,0.015384615384615385,0.032461538461538465,0.015384615384615385,0.06153846153846154,0.9138627187079408
680,0.015625,0.03265625,0.015625,0.0625,0.9152086137281292
681,0.015873015873015872,0.032857142857142856,0.015873015873015872,0.06349206349206349,0.9165545087483177
682,0.016129032258064516,0.0332258064516129,0.016129032258064516,0.06451612903225806,0.917900403768506
683,0.01639344262295082,0.03344262295081967,0.01639344262295082,0.049999999999999954,0.9192462987886945
684,0.016666666666666666,0.03383333333333333,0.016666666666666666,0.05083333333333329,0.9205921938088829
685,0.01694915254237288,0.03440677966101695,0.01694915254237288,0.05169491525423724,0.9219380888290714
686,0.017241379310344827,0.0346551724137931,0.017241379310344827,0.05258620689655168,0.9232839838492598
687,0.017543859649122806,0.0343859649122807,0.017543859649122806,0.05263157894736842,0.9246298788694481
688,0.017857142857142856,0.03482142857142857,0.017857142857142856,0.05357142857142857,0.9259757738896366
689,0.01818181818181818,0.03418181818181818,0.01818181818181818,0.05454545454545454,0.927321668909825
690,0.018518518518518517,0.03481481481481481,0.018518518518518517,0.05555555555555555,0.9286675639300135
691,0.018867924528301886,0.03528301886792453,0.018867924528301886,0.05660377358490566,0.9300134589502019
692,0.019230769230769232,0.035,0.019230769230769232,0.057692307692307696,0.9313593539703903
693,0.0196078431372549,0.03490196078431373,0.0196078431372549,0.058823529411764705,0.9327052489905787
694,0.02,0.035,0.02,0.06,0.9340511440107672
695,0.02040816326530612,0.03571428571428571,0.02040816326530612,0.061224489795918366,0.9353970390309556
696,0.020833333333333332,0.035625,0.020833333333333332,0.0625,0.9367429340511441
697,0.02127659574468085,0.03531914893617021,0.02127659574468085,0.06382978723404255,0.9380888290713324
698,0.021739130434782608,0.035434782608695654,0.021739130434782608,0.06521739130434782,0.9394347240915208
699,0.022222222222222223,0.035333333333333335,0.022222222222222223,0.044444444444444446,0.9407806191117093
700,0.022727272727272728,0.03613636363636364,0.022727272727272728,0.045454545454545456,0.9421265141318977
701,0.023255813953488372,0.03651162790697674,0.023255813953488372,0.046511627906976744,0.9434724091520862
702,0.023809523809523808,0.03619047619047619,0.023809523809523808,0.047619047619047616,0.9448183041722745
703,0.024390243902439025,0.03634146341463415,0.024390243902439025,0.04878048780487805,0.946164199192463
704,0.025,0.037000000000000005,0.025,0.05,0.9475100942126514
705,0.02564102564102564,0.03717948717948718,0.02564102564102564,0.05128205128205128,0.9488559892328399
706,0.02631578947368421,0.03789473684210526,0.02631578947368421,0.05263157894736842,0.9502018842530283
707,0.02702702702702703,0.03864864864864865,0.02702702702702703,0.05405405405405406,0.9515477792732167
708,0.027777777777777776,0.03888888888888889,0.027777777777777776,0.05555555555555555,0.9528936742934051
709,0.02857142857142857,0.03914285714285714,0.02857142857142857,0.05714285714285714,0.9542395693135935
710,0.029411764705882353,0.04,0.029411764705882353,0.058823529411764705,0.955585464333782
711,0.030303030303030304,0.04090909090909091,0.030303030303030304,0.06060606060606061,0.9569313593539704
712,0.03125,0.0415625,0.03125,0.0625,0.9582772543741588
713,0.03225806451612903,0.04258064516129032,0.03225806451612903,0.06451612903225806,0.9596231493943472
714,0.03333333333333333,0.043333333333333335,0.03333333333333333,0.06666666666666667,0.9609690444145357
715,0.034482758620689655,0.04482758620689655,0.034482758620689655,0.06896551724137931,0.9623149394347241
716,0.03571428571428571,0.04464285714285714,0.03571428571428571,0.07142857142857142,0.9636608344549125
717,0.037037037037037035,0.04518518518518518,0.037037037037037035,0.07407407407407407,0.9650067294751009
718,0.038461538461538464,0.046153846153846156,0.038461538461538464,0.07692307692307693,0.9663526244952894
719,0.04,0.048,0.04,0.08,0.9676985195154778
720,0.041666666666666664,0.049166666666666664,0.041666666666666664,0.08333333333333333,0.9690444145356663
721,0.043478260869565216,0.050869565217391305,0.043478260869565216,0.08695652173913043,0.9703903095558546
722,0.045454545454545456,0.052272727272727276,0.045454545454545456,0.09090909090909091,0.971736204576043
723,0.047619047619047616,0.05380952380952381,0.047619047619047616,0.09523809523809523,0.9730820995962315
724,0.05,0.0565,0.05,0.1,0.9744279946164199
725,0.05263157894736842,0.057894736842105256,0.05263157894736842,0.10526315789473684,0.9757738896366084
726,0.05555555555555555,0.06055555555555555,0.05555555555555555,0.1111111111111111,0.9771197846567967
727,0.058823529411764705,0.06352941176470588,0.058823529411764705,0.11764705882352941,0.9784656796769852
728,0.0625,0.06687499999999999,0.0625,0.125,0.9798115746971736
729,0.06666666666666667,0.07133333333333333,0.06666666666666667,0.13333333333333333,0.9811574697173621
730,0.07142857142857142,0.075,0.07142857142857142,0.0749999999999998,0.9825033647375505
731,0.07692307692307693,0.08076923076923077,0.07692307692307693,0.08076923076923057,0.9838492597577388
732,0.08333333333333333,0.0875,0.08333333333333333,0.08749999999999976,0.9851951547779273
733,0.09090909090909091,0.09363636363636364,0.09090909090909091,0.09090909090909091,0.9865410497981157
734,0.1,0.10200000000000001,0.1,0.1,0.9878869448183042
735,0.1111111111111111,0.11222222222222221,0.1111111111111111,0.1111111111111111,0.9892328398384926
736,0.125,0.12625,0.125,0.125,0.990578734858681
737,0.14285714285714285,0.14428571428571427,0.14285714285714285,0.14285714285714285,0.9919246298788694
738,0.16666666666666666,0.16833333333333333,0.16666666666666666,0.16666666666666666,0.9932705248990579
739,0.2,0.202,0.2,0.2,0.9946164199192463
740,0.25,0.25,0.25,0.25,0.9959623149394348
741,0.3333333333333333,0.3333333333333333,0.3333333333333333,0.3333333333333333,0.9973082099596231
742,0.5,0.5,0.5,0.5,0.9986541049798116
743,1,1,1,1,1
