family,block,K_selected,entropy.x,country,icl,bic,entropy.y
abal_medina,1,2,512.0424614125509,argentina,4987.040832507677,3962.955909682575,512.0424614125509
acevedo_colombia,2,2,512.0424614125509,colombia,4987.040832507677,3962.955909682575,512.0424614125509
acosta,1,2,512.0424614125509,venezuela,4987.040832507677,3962.955909682575,512.0424614125509
acosta_del_castillo,1,2,512.0424614125509,colombia,4987.040832507677,3962.955909682575,512.0424614125509
acurio,1,2,512.0424614125509,peru,4987.040832507677,3962.955909682575,512.0424614125509
acuña,1,2,512.0424614125509,peru,4987.040832507677,3962.955909682575,512.0424614125509
acuña_argentina,1,2,512.0424614125509,argentina,4987.040832507677,3962.955909682575,512.0424614125509
aguilar,1,2,512.0424614125509,mexico,4987.040832507677,3962.955909682575,512.0424614125509
alarco,1,2,512.0424614125509,peru,4987.040832507677,3962.955909682575,512.0424614125509
alayza,1,2,512.0424614125509,peru,4987.040832507677,3962.955909682575,512.0424614125509
albarracín,1,2,512.0424614125509,argentina,4987.040832507677,3962.955909682575,512.0424614125509
alegría,1,2,512.0424614125509,peru,4987.040832507677,3962.955909682575,512.0424614125509
alemann,1,2,512.0424614125509,argentina,4987.040832507677,3962.955909682575,512.0424614125509
alemán,1,2,512.0424614125509,mexico,4987.040832507677,3962.955909682575,512.0424614125509
aliaga,1,2,512.0424614125509,peru,4987.040832507677,3962.955909682575,512.0424614125509
allamand,1,2,512.0424614125509,chile,4987.040832507677,3962.955909682575,512.0424614125509
allende,1,2,512.0424614125509,chile,4987.040832507677,3962.955909682575,512.0424614125509
allende_argentina,1,2,512.0424614125509,argentina,4987.040832507677,3962.955909682575,512.0424614125509
alpoim,1,2,512.0424614125509,argentina,4987.040832507677,3962.955909682575,512.0424614125509
alsogaray,1,2,512.0424614125509,argentina,4987.040832507677,3962.955909682575,512.0424614125509
althaus,1,2,512.0424614125509,peru,4987.040832507677,3962.955909682575,512.0424614125509
alva,1,2,512.0424614125509,peru,4987.040832507677,3962.955909682575,512.0424614125509
alvear,1,2,512.0424614125509,argentina,4987.040832507677,3962.955909682575,512.0424614125509
alzamora,1,2,512.0424614125509,peru,4987.040832507677,3962.955909682575,512.0424614125509
amador,1,2,512.0424614125509,colombia,4987.040832507677,3962.955909682575,512.0424614125509
ameghino,1,2,512.0424614125509,argentina,4987.040832507677,3962.955909682575,512.0424614125509
amez,1,2,512.0424614125509,peru,4987.040832507677,3962.955909682575,512.0424614125509
amunátegui,1,2,512.0424614125509,chile,4987.040832507677,3962.955909682575,512.0424614125509
anchorena,1,2,512.0424614125509,argentina,4987.040832507677,3962.955909682575,512.0424614125509
anexos:familias_de_colombia,1,2,512.0424614125509,colombia,4987.040832507677,3962.955909682575,512.0424614125509
angelini,2,2,512.0424614125509,chile,4987.040832507677,3962.955909682575,512.0424614125509
angulo,1,2,512.0424614125509,colombia,4987.040832507677,3962.955909682575,512.0424614125509
antúnez,1,2,512.0424614125509,peru,4987.040832507677,3962.955909682575,512.0424614125509
anzoátegui,1,2,512.0424614125509,argentina,4987.040832507677,3962.955909682575,512.0424614125509
aramburú,1,2,512.0424614125509,peru,4987.040832507677,3962.955909682575,512.0424614125509
araníbar,1,2,512.0424614125509,peru,4987.040832507677,3962.955909682575,512.0424614125509
arboleda,1,2,512.0424614125509,colombia,4987.040832507677,3962.955909682575,512.0424614125509
arenas,1,2,512.0424614125509,peru,4987.040832507677,3962.955909682575,512.0424614125509
argáez,1,2,512.0424614125509,colombia,4987.040832507677,3962.955909682575,512.0424614125509
arroyo,1,2,512.0424614125509,colombia,4987.040832507677,3962.955909682575,512.0424614125509
arrubla,1,2,512.0424614125509,colombia,4987.040832507677,3962.955909682575,512.0424614125509
aráoz,1,2,512.0424614125509,argentina,4987.040832507677,3962.955909682575,512.0424614125509
astete,1,2,512.0424614125509,peru,4987.040832507677,3962.955909682575,512.0424614125509
astigueta,1,2,512.0424614125509,argentina,4987.040832507677,3962.955909682575,512.0424614125509
augier,1,2,512.0424614125509,argentina,4987.040832507677,3962.955909682575,512.0424614125509
avellaneda,1,2,512.0424614125509,argentina,4987.040832507677,3962.955909682575,512.0424614125509
awad,1,2,512.0424614125509,chile,4987.040832507677,3962.955909682575,512.0424614125509
awada,1,2,512.0424614125509,argentina,4987.040832507677,3962.955909682575,512.0424614125509
ayala,1,2,512.0424614125509,colombia,4987.040832507677,3962.955909682575,512.0424614125509
ayerbe,1,2,512.0424614125509,colombia,4987.040832507677,3962.955909682575,512.0424614125509
aylwin,2,2,512.0424614125509,chile,4987.040832507677,3962.955909682575,512.0424614125509
azcuénaga,1,2,512.0424614125509,argentina,4987.040832507677,3962.955909682575,512.0424614125509
azcárraga,1,2,512.0424614125509,mexico,4987.040832507677,3962.955909682575,512.0424614125509
azuola,1,2,512.0424614125509,colombia,4987.040832507677,3962.955909682575,512.0424614125509
bachelet,1,2,512.0424614125509,chile,4987.040832507677,3962.955909682575,512.0424614125509
baduel,1,2,512.0424614125509,venezuela,4987.040832507677,3962.955909682575,512.0424614125509
baillères,1,2,512.0424614125509,mexico,4987.040832507677,3962.955909682575,512.0424614125509
balanta,1,2,512.0424614125509,colombia,4987.040832507677,3962.955909682575,512.0424614125509
balcarce,1,2,512.0424614125509,argentina,4987.040832507677,3962.955909682575,512.0424614125509
baldrich,1,2,512.0424614125509,argentina,4987.040832507677,3962.955909682575,512.0424614125509
ballivián,1,2,512.0424614125509,bolivia,4987.040832507677,3962.955909682575,512.0424614125509
balmaceda,1,2,512.0424614125509,chile,4987.040832507677,3962.955909682575,512.0424614125509
balta,1,2,512.0424614125509,peru,4987.040832507677,3962.955909682575,512.0424614125509
barco,1,2,512.0424614125509,colombia,4987.040832507677,3962.955909682575,512.0424614125509
barrantes,1,2,512.0424614125509,peru,4987.040832507677,3962.955909682575,512.0424614125509
barraquer,1,2,512.0424614125509,colombia,4987.040832507677,3962.955909682575,512.0424614125509
barreda,1,2,512.0424614125509,peru,4987.040832507677,3962.955909682575,512.0424614125509
barrenechea_chile,1,2,512.0424614125509,chile,4987.040832507677,3962.955909682575,512.0424614125509
barrientos,1,2,512.0424614125509,colombia,4987.040832507677,3962.955909682575,512.0424614125509
basadre,1,2,512.0424614125509,peru,4987.040832507677,3962.955909682575,512.0424614125509
batlle,1,2,512.0424614125509,uruguay,4987.040832507677,3962.955909682575,512.0424614125509
bedoya,1,2,512.0424614125509,peru,4987.040832507677,3962.955909682575,512.0424614125509
beingolea,1,2,512.0424614125509,peru,4987.040832507677,3962.955909682575,512.0424614125509
belaúnde,1,2,512.0424614125509,peru,4987.040832507677,3962.955909682575,512.0424614125509
belgrano,1,2,512.0424614125509,argentina,4987.040832507677,3962.955909682575,512.0424614125509
bello,2,2,512.0424614125509,chile,4987.040832507677,3962.955909682575,512.0424614125509
bemberg,1,2,512.0424614125509,argentina,4987.040832507677,3962.955909682575,512.0424614125509
benavides_chile,1,2,512.0424614125509,chile,4987.040832507677,3962.955909682575,512.0424614125509
benavides_perú,1,2,512.0424614125509,peru,4987.040832507677,3962.955909682575,512.0424614125509
benegas,1,2,512.0424614125509,argentina,4987.040832507677,3962.955909682575,512.0424614125509
berckemeyer,1,2,512.0424614125509,peru,4987.040832507677,3962.955909682575,512.0424614125509
berrío,1,2,512.0424614125509,colombia,4987.040832507677,3962.955909682575,512.0424614125509
bichir,1,2,512.0424614125509,mexico,4987.040832507677,3962.955909682575,512.0424614125509
bielsa,1,2,512.0424614125509,argentina,4987.040832507677,3962.955909682575,512.0424614125509
billinghurst,1,2,512.0424614125509,argentina,4987.040832507677,3962.955909682575,512.0424614125509
bitar,1,2,512.0424614125509,chile,4987.040832507677,3962.955909682575,512.0424614125509
blanco,1,2,512.0424614125509,uruguay,4987.040832507677,3962.955909682575,512.0424614125509
blanco_venezuela,1,2,512.0424614125509,venezuela,4987.040832507677,3962.955909682575,512.0424614125509
blaquier,1,2,512.0424614125509,argentina,4987.040832507677,3962.955909682575,512.0424614125509
bodega_y_quadra,1,2,512.0424614125509,peru,4987.040832507677,3962.955909682575,512.0424614125509
bolaños_cacho,1,2,512.0424614125509,mexico,4987.040832507677,3962.955909682575,512.0424614125509
bolognesi,1,2,512.0424614125509,peru,4987.040832507677,3962.955909682575,512.0424614125509
bolívar,1,2,512.0424614125509,venezuela,4987.040832507677,3962.955909682575,512.0424614125509
bordaberry,1,2,512.0424614125509,uruguay,4987.040832507677,3962.955909682575,512.0424614125509
borensztein,1,2,512.0424614125509,argentina,4987.040832507677,3962.955909682575,512.0424614125509
boric,1,2,512.0424614125509,chile,4987.040832507677,3962.955909682575,512.0424614125509
borja,1,2,512.0424614125509,colombia,4987.040832507677,3962.955909682575,512.0424614125509
borrero,1,2,512.0424614125509,colombia,4987.040832507677,3962.955909682575,512.0424614125509
botana,1,2,512.0424614125509,argentina,4987.040832507677,3962.955909682575,512.0424614125509
boulton_venezuela,1,2,512.0424614125509,venezuela,4987.040832507677,3962.955909682575,512.0424614125509
boza_de_lima,1,2,512.0424614125509,peru,4987.040832507677,3962.955909682575,512.0424614125509
bracho,1,2,512.0424614125509,mexico,4987.040832507677,3962.955909682575,512.0424614125509
braun,1,2,512.0424614125509,argentina,4987.040832507677,3962.955909682575,512.0424614125509
brescia,1,2,512.0424614125509,peru,4987.040832507677,3962.955909682575,512.0424614125509
brigard,1,2,512.0424614125509,colombia,4987.040832507677,3962.955909682575,512.0424614125509
brown,1,2,512.0424614125509,argentina,4987.040832507677,3962.955909682575,512.0424614125509
bulgheroni,1,2,512.0424614125509,argentina,4987.040832507677,3962.955909682575,512.0424614125509
bullrich,1,2,512.0424614125509,argentina,4987.040832507677,3962.955909682575,512.0424614125509
bulnes,2,2,512.0424614125509,chile,4987.040832507677,3962.955909682575,512.0424614125509
bunge,1,2,512.0424614125509,argentina,4987.040832507677,3962.955909682575,512.0424614125509
bunster,1,2,512.0424614125509,chile,4987.040832507677,3962.955909682575,512.0424614125509
bustamante,1,2,512.0424614125509,peru,4987.040832507677,3962.955909682575,512.0424614125509
cabal,1,2,512.0424614125509,colombia,4987.040832507677,3962.955909682575,512.0424614125509
caballero,1,2,512.0424614125509,colombia,4987.040832507677,3962.955909682575,512.0424614125509
cabello,1,2,512.0424614125509,venezuela,4987.040832507677,3962.955909682575,512.0424614125509
cafferata,1,2,512.0424614125509,peru,4987.040832507677,3962.955909682575,512.0424614125509
cafiero,1,2,512.0424614125509,argentina,4987.040832507677,3962.955909682575,512.0424614125509
caicedo,2,2,512.0424614125509,colombia,4987.040832507677,3962.955909682575,512.0424614125509
calderón_colombia,1,2,512.0424614125509,colombia,4987.040832507677,3962.955909682575,512.0424614125509
calderón_hinojosa,1,2,512.0424614125509,mexico,4987.040832507677,3962.955909682575,512.0424614125509
camacho,1,2,512.0424614125509,colombia,4987.040832507677,3962.955909682575,512.0424614125509
camargo,1,2,512.0424614125509,colombia,4987.040832507677,3962.955909682575,512.0424614125509
cambaceres,1,2,512.0424614125509,argentina,4987.040832507677,3962.955909682575,512.0424614125509
campero,1,2,512.0424614125509,argentina,4987.040832507677,3962.955909682575,512.0424614125509
canaveris,1,2,512.0424614125509,argentina,4987.040832507677,3962.955909682575,512.0424614125509
candioti,1,2,512.0424614125509,argentina,4987.040832507677,3962.955909682575,512.0424614125509
cano,1,2,512.0424614125509,colombia,4987.040832507677,3962.955909682575,512.0424614125509
cantilo,1,2,512.0424614125509,argentina,4987.040832507677,3962.955909682575,512.0424614125509
cantoni-bravo,1,2,512.0424614125509,argentina,4987.040832507677,3962.955909682575,512.0424614125509
capetillo,1,2,512.0424614125509,mexico,4987.040832507677,3962.955909682575,512.0424614125509
capriles,1,2,512.0424614125509,venezuela,4987.040832507677,3962.955909682575,512.0424614125509
caputo,1,2,512.0424614125509,argentina,4987.040832507677,3962.955909682575,512.0424614125509
caro,1,2,512.0424614125509,colombia,4987.040832507677,3962.955909682575,512.0424614125509
carranza,1,2,512.0424614125509,mexico,4987.040832507677,3962.955909682575,512.0424614125509
carreño,1,2,512.0424614125509,colombia,4987.040832507677,3962.955909682575,512.0424614125509
carrillo_de_albornoz,1,2,512.0424614125509,peru,4987.040832507677,3962.955909682575,512.0424614125509
carrizosa,1,2,512.0424614125509,colombia,4987.040832507677,3962.955909682575,512.0424614125509
carvajal,1,2,512.0424614125509,colombia,4987.040832507677,3962.955909682575,512.0424614125509
carvajal_y_vargas,1,2,512.0424614125509,chile,4987.040832507677,3962.955909682575,512.0424614125509
casares,1,2,512.0424614125509,argentina,4987.040832507677,3962.955909682575,512.0424614125509
casas,1,2,512.0424614125509,colombia,4987.040832507677,3962.955909682575,512.0424614125509
castaño_gil,1,2,512.0424614125509,colombia,4987.040832507677,3962.955909682575,512.0424614125509
castelli,1,2,512.0424614125509,argentina,4987.040832507677,3962.955909682575,512.0424614125509
castillo_guevara,1,2,512.0424614125509,colombia,4987.040832507677,3962.955909682575,512.0424614125509
castro_taboada,1,2,512.0424614125509,peru,4987.040832507677,3962.955909682575,512.0424614125509
cavada,1,2,512.0424614125509,chile,4987.040832507677,3962.955909682575,512.0424614125509
cayo,1,2,512.0424614125509,peru,4987.040832507677,3962.955909682575,512.0424614125509
cerrón,1,2,512.0424614125509,peru,4987.040832507677,3962.955909682575,512.0424614125509
chadwick,2,2,512.0424614125509,chile,4987.040832507677,3962.955909682575,512.0424614125509
char,1,2,512.0424614125509,colombia,4987.040832507677,3962.955909682575,512.0424614125509
chaux,1,2,512.0424614125509,colombia,4987.040832507677,3962.955909682575,512.0424614125509
checa,1,2,512.0424614125509,peru,4987.040832507677,3962.955909682575,512.0424614125509
chirinos,1,2,512.0424614125509,peru,4987.040832507677,3962.955909682575,512.0424614125509
choquehuanca,1,2,512.0424614125509,bolivia,4987.040832507677,3962.955909682575,512.0424614125509
chávez,1,2,512.0424614125509,venezuela,4987.040832507677,3962.955909682575,512.0424614125509
cházaro,1,2,512.0424614125509,mexico,4987.040832507677,3962.955909682575,512.0424614125509
cisneros,1,2,512.0424614125509,peru,4987.040832507677,3962.955909682575,512.0424614125509
cisneros_venezuela,1,2,512.0424614125509,venezuela,4987.040832507677,3962.955909682575,512.0424614125509
claro_chile,2,2,512.0424614125509,chile,4987.040832507677,3962.955909682575,512.0424614125509
cock,1,2,512.0424614125509,colombia,4987.040832507677,3962.955909682575,512.0424614125509
concha,1,2,512.0424614125509,colombia,4987.040832507677,3962.955909682575,512.0424614125509
concha_chile,1,2,512.0424614125509,chile,4987.040832507677,3962.955909682575,512.0424614125509
coni,1,2,512.0424614125509,argentina,4987.040832507677,3962.955909682575,512.0424614125509
copello,1,2,512.0424614125509,peru,4987.040832507677,3962.955909682575,512.0424614125509
corcuera,1,2,512.0424614125509,peru,4987.040832507677,3962.955909682575,512.0424614125509
cordovéz,1,2,512.0424614125509,colombia,4987.040832507677,3962.955909682575,512.0424614125509
cornejo_argentina,1,2,512.0424614125509,argentina,4987.040832507677,3962.955909682575,512.0424614125509
coronel_méxico,1,2,512.0424614125509,mexico,4987.040832507677,3962.955909682575,512.0424614125509
cortés_de_monroy,1,2,512.0424614125509,chile,4987.040832507677,3962.955909682575,512.0424614125509
cousiño,1,2,512.0424614125509,chile,4987.040832507677,3962.955909682575,512.0424614125509
creel-terrazas,1,2,512.0424614125509,mexico,4987.040832507677,3962.955909682575,512.0424614125509
cruz-coke,1,2,512.0424614125509,chile,4987.040832507677,3962.955909682575,512.0424614125509
cruz_chile,2,2,512.0424614125509,chile,4987.040832507677,3962.955909682575,512.0424614125509
cruzat,1,2,512.0424614125509,chile,4987.040832507677,3962.955909682575,512.0424614125509
cuervo,1,2,512.0424614125509,colombia,4987.040832507677,3962.955909682575,512.0424614125509
cueto,1,2,512.0424614125509,chile,4987.040832507677,3962.955909682575,512.0424614125509
cueto_caballero,1,2,512.0424614125509,peru,4987.040832507677,3962.955909682575,512.0424614125509
cullen,1,2,512.0424614125509,argentina,4987.040832507677,3962.955909682575,512.0424614125509
cáceres_velásquez,1,2,512.0424614125509,peru,4987.040832507677,3962.955909682575,512.0424614125509
cámpora,1,2,512.0424614125509,argentina,4987.040832507677,3962.955909682575,512.0424614125509
cárdenas,1,2,512.0424614125509,mexico,4987.040832507677,3962.955909682575,512.0424614125509
daract,1,2,512.0424614125509,argentina,4987.040832507677,3962.955909682575,512.0424614125509
de_greiff,1,2,512.0424614125509,colombia,4987.040832507677,3962.955909682575,512.0424614125509
de_habich,1,2,512.0424614125509,peru,4987.040832507677,3962.955909682575,512.0424614125509
de_la_espriella,1,2,512.0424614125509,colombia,4987.040832507677,3962.955909682575,512.0424614125509
de_la_puente,1,2,512.0424614125509,peru,4987.040832507677,3962.955909682575,512.0424614125509
de_la_rúa,1,2,512.0424614125509,argentina,4987.040832507677,3962.955909682575,512.0424614125509
de_la_torre,1,2,512.0424614125509,peru,4987.040832507677,3962.955909682575,512.0424614125509
de_los_heros,1,2,512.0424614125509,peru,4987.040832507677,3962.955909682575,512.0424614125509
de_rosenzweig_díaz,1,2,512.0424614125509,mexico,4987.040832507677,3962.955909682575,512.0424614125509
de_solminihac,1,2,512.0424614125509,chile,4987.040832507677,3962.955909682575,512.0424614125509
de_valverde,1,2,512.0424614125509,peru,4987.040832507677,3962.955909682575,512.0424614125509
del_carril,1,2,512.0424614125509,argentina,4987.040832507677,3962.955909682575,512.0424614125509
del_mazo,1,2,512.0424614125509,mexico,4987.040832507677,3962.955909682575,512.0424614125509
del_río,1,2,512.0424614125509,peru,4987.040832507677,3962.955909682575,512.0424614125509
del_río_chile,1,2,512.0424614125509,chile,4987.040832507677,3962.955909682575,512.0424614125509
del_solar,1,2,512.0424614125509,peru,4987.040832507677,3962.955909682575,512.0424614125509
delgado_parker,1,2,512.0424614125509,peru,4987.040832507677,3962.955909682575,512.0424614125509
denegri,1,2,512.0424614125509,peru,4987.040832507677,3962.955909682575,512.0424614125509
derbez,1,2,512.0424614125509,mexico,4987.040832507677,3962.955909682575,512.0424614125509
di_girolamo,1,2,512.0424614125509,chile,4987.040832507677,3962.955909682575,512.0424614125509
di_palma,1,2,512.0424614125509,argentina,4987.040832507677,3962.955909682575,512.0424614125509
di_tella,1,2,512.0424614125509,argentina,4987.040832507677,3962.955909682575,512.0424614125509
dibós,1,2,512.0424614125509,peru,4987.040832507677,3962.955909682575,512.0424614125509
diez_canseco,1,2,512.0424614125509,peru,4987.040832507677,3962.955909682575,512.0424614125509
dosamantes_rul,1,2,512.0424614125509,mexico,4987.040832507677,3962.955909682575,512.0424614125509
drago,1,2,512.0424614125509,peru,4987.040832507677,3962.955909682575,512.0424614125509
duque,1,2,512.0424614125509,colombia,4987.040832507677,3962.955909682575,512.0424614125509
durand,1,2,512.0424614125509,peru,4987.040832507677,3962.955909682575,512.0424614125509
durand_argentina,1,2,512.0424614125509,argentina,4987.040832507677,3962.955909682575,512.0424614125509
durán_colombia,1,2,512.0424614125509,colombia,4987.040832507677,3962.955909682575,512.0424614125509
durán_reveles,1,2,512.0424614125509,mexico,4987.040832507677,3962.955909682575,512.0424614125509
dávila,1,2,512.0424614125509,colombia,4987.040832507677,3962.955909682575,512.0424614125509
díaz,1,2,512.0424614125509,mexico,4987.040832507677,3962.955909682575,512.0424614125509
díaz_ceballos,1,2,512.0424614125509,mexico,4987.040832507677,3962.955909682575,512.0424614125509
díaz_de_león,1,2,512.0424614125509,mexico,4987.040832507677,3962.955909682575,512.0424614125509
díaz_del_castillo,1,2,512.0424614125509,colombia,4987.040832507677,3962.955909682575,512.0424614125509
díaz_granados,1,2,512.0424614125509,colombia,4987.040832507677,3962.955909682575,512.0424614125509
díaz_infante,1,2,512.0424614125509,mexico,4987.040832507677,3962.955909682575,512.0424614125509
díaz_lombardo,1,2,512.0424614125509,mexico,4987.040832507677,3962.955909682575,512.0424614125509
díaz_ordaz,1,2,512.0424614125509,mexico,4987.040832507677,3962.955909682575,512.0424614125509
díaz_vélez,1,2,512.0424614125509,argentina,4987.040832507677,3962.955909682575,512.0424614125509
díez_marina,1,2,512.0424614125509,mexico,4987.040832507677,3962.955909682575,512.0424614125509
eastman,1,2,512.0424614125509,colombia,4987.040832507677,3962.955909682575,512.0424614125509
echagüe,1,2,512.0424614125509,argentina,4987.040832507677,3962.955909682575,512.0424614125509
echandía,1,2,512.0424614125509,colombia,4987.040832507677,3962.955909682575,512.0424614125509
echaurren,1,2,512.0424614125509,chile,4987.040832507677,3962.955909682575,512.0424614125509
echavarría,1,2,512.0424614125509,colombia,4987.040832507677,3962.955909682575,512.0424614125509
echenique,1,2,512.0424614125509,chile,4987.040832507677,3962.955909682575,512.0424614125509
eder,2,2,512.0424614125509,colombia,4987.040832507677,3962.955909682575,512.0424614125509
edwards,1,2,512.0424614125509,chile,4987.040832507677,3962.955909682575,512.0424614125509
eguiguren,1,2,512.0424614125509,peru,4987.040832507677,3962.955909682575,512.0424614125509
elmore,1,2,512.0424614125509,peru,4987.040832507677,3962.955909682575,512.0424614125509
eléspuru,1,2,512.0424614125509,peru,4987.040832507677,3962.955909682575,512.0424614125509
elías,1,2,512.0424614125509,peru,4987.040832507677,3962.955909682575,512.0424614125509
elías-calles,1,2,512.0424614125509,mexico,4987.040832507677,3962.955909682575,512.0424614125509
elías-gonzález,1,2,512.0424614125509,mexico,4987.040832507677,3962.955909682575,512.0424614125509
errázuriz,1,2,512.0424614125509,chile,4987.040832507677,3962.955909682575,512.0424614125509
escalada,1,2,512.0424614125509,argentina,4987.040832507677,3962.955909682575,512.0424614125509
escalada_(de_burgos),1,2,512.0424614125509,argentina,4987.040832507677,3962.955909682575,512.0424614125509
escobar_gaviria,1,2,512.0424614125509,colombia,4987.040832507677,3962.955909682575,512.0424614125509
esguerra,1,2,512.0424614125509,colombia,4987.040832507677,3962.955909682575,512.0424614125509
estenssoro,1,2,512.0424614125509,bolivia,4987.040832507677,3962.955909682575,512.0424614125509
estrada,1,2,512.0424614125509,argentina,4987.040832507677,3962.955909682575,512.0424614125509
estrada_ecuador,1,2,512.0424614125509,ecuador,4987.040832507677,3962.955909682575,512.0424614125509
etcheberry,1,2,512.0424614125509,chile,4987.040832507677,3962.955909682575,512.0424614125509
falú,1,2,512.0424614125509,argentina,4987.040832507677,3962.955909682575,512.0424614125509
familias_fundadoras_de_chile,1,2,512.0424614125509,chile,4987.040832507677,3962.955909682575,512.0424614125509
farfán,1,2,512.0424614125509,peru,4987.040832507677,3962.955909682575,512.0424614125509
farías,1,2,512.0424614125509,mexico,4987.040832507677,3962.955909682575,512.0424614125509
febres-cordero,1,2,512.0424614125509,venezuela,4987.040832507677,3962.955909682575,512.0424614125509
feliú,1,2,512.0424614125509,chile,4987.040832507677,3962.955909682575,512.0424614125509
fernandini,1,2,512.0424614125509,peru,4987.040832507677,3962.955909682575,512.0424614125509
fernández-maldonado,1,2,512.0424614125509,peru,4987.040832507677,3962.955909682575,512.0424614125509
fernández_chicarro,1,2,512.0424614125509,mexico,4987.040832507677,3962.955909682575,512.0424614125509
fernández_cornejo,1,2,512.0424614125509,peru,4987.040832507677,3962.955909682575,512.0424614125509
fernández_de_jáuregui,1,2,512.0424614125509,mexico,4987.040832507677,3962.955909682575,512.0424614125509
fernández_de_soto,1,2,512.0424614125509,colombia,4987.040832507677,3962.955909682575,512.0424614125509
fernández_veraud,1,2,512.0424614125509,mexico,4987.040832507677,3962.955909682575,512.0424614125509
ferrero,1,2,512.0424614125509,peru,4987.040832507677,3962.955909682575,512.0424614125509
ferreyros,1,2,512.0424614125509,peru,4987.040832507677,3962.955909682575,512.0424614125509
flores_magón,1,2,512.0424614125509,mexico,4987.040832507677,3962.955909682575,512.0424614125509
fontaina,1,2,512.0424614125509,uruguay,4987.040832507677,3962.955909682575,512.0424614125509
fontaine,1,2,512.0424614125509,chile,4987.040832507677,3962.955909682575,512.0424614125509
fontbona,1,2,512.0424614125509,chile,4987.040832507677,3962.955909682575,512.0424614125509
fortabat,1,2,512.0424614125509,argentina,4987.040832507677,3962.955909682575,512.0424614125509
frayssinet,1,2,512.0424614125509,peru,4987.040832507677,3962.955909682575,512.0424614125509
frei,1,2,512.0424614125509,chile,4987.040832507677,3962.955909682575,512.0424614125509
freire,1,2,512.0424614125509,chile,4987.040832507677,3962.955909682575,512.0424614125509
freundt,1,2,512.0424614125509,peru,4987.040832507677,3962.955909682575,512.0424614125509
frigerio,1,2,512.0424614125509,argentina,4987.040832507677,3962.955909682575,512.0424614125509
fuentes_berain,1,2,512.0424614125509,mexico,4987.040832507677,3962.955909682575,512.0424614125509
fujimori,1,2,512.0424614125509,peru,4987.040832507677,3962.955909682575,512.0424614125509
galeana,1,2,512.0424614125509,mexico,4987.040832507677,3962.955909682575,512.0424614125509
galeano,1,2,512.0424614125509,colombia,4987.040832507677,3962.955909682575,512.0424614125509
galilea,1,2,512.0424614125509,chile,4987.040832507677,3962.955909682575,512.0424614125509
gallardo,1,2,512.0424614125509,argentina,4987.040832507677,3962.955909682575,512.0424614125509
galleguillos,1,2,512.0424614125509,chile,4987.040832507677,3962.955909682575,512.0424614125509
galvis_galavís,1,2,512.0424614125509,colombia,4987.040832507677,3962.955909682575,512.0424614125509
galán,1,2,512.0424614125509,colombia,4987.040832507677,3962.955909682575,512.0424614125509
gandarillas,1,2,512.0424614125509,chile,4987.040832507677,3962.955909682575,512.0424614125509
garcés,1,2,512.0424614125509,colombia,4987.040832507677,3962.955909682575,512.0424614125509
garcía-huidobro,2,2,512.0424614125509,chile,4987.040832507677,3962.955909682575,512.0424614125509
garcía-mansilla,1,2,512.0424614125509,argentina,4987.040832507677,3962.955909682575,512.0424614125509
garcía_calderón,1,2,512.0424614125509,peru,4987.040832507677,3962.955909682575,512.0424614125509
garcía_de_león,1,2,512.0424614125509,mexico,4987.040832507677,3962.955909682575,512.0424614125509
garcía_de_sobrecasa,1,2,512.0424614125509,argentina,4987.040832507677,3962.955909682575,512.0424614125509
garcía_de_zúñiga,1,2,512.0424614125509,argentina,4987.040832507677,3962.955909682575,512.0424614125509
garcía_godos,1,2,512.0424614125509,peru,4987.040832507677,3962.955909682575,512.0424614125509
garcía_granados,1,2,512.0424614125509,mexico,4987.040832507677,3962.955909682575,512.0424614125509
garcía_icazbalceta,1,2,512.0424614125509,mexico,4987.040832507677,3962.955909682575,512.0424614125509
garcía_y_garcía,1,2,512.0424614125509,peru,4987.040832507677,3962.955909682575,512.0424614125509
garretón,1,2,512.0424614125509,chile,4987.040832507677,3962.955909682575,512.0424614125509
garrido-lecca,1,2,512.0424614125509,peru,4987.040832507677,3962.955909682575,512.0424614125509
garza_sada,1,2,512.0424614125509,mexico,4987.040832507677,3962.955909682575,512.0424614125509
gastañeta,1,2,512.0424614125509,peru,4987.040832507677,3962.955909682575,512.0424614125509
gibson,1,2,512.0424614125509,peru,4987.040832507677,3962.955909682575,512.0424614125509
gildemeister,1,2,512.0424614125509,peru,4987.040832507677,3962.955909682575,512.0424614125509
gilinski,1,2,512.0424614125509,colombia,4987.040832507677,3962.955909682575,512.0424614125509
gnecco,1,2,512.0424614125509,colombia,4987.040832507677,3962.955909682575,512.0424614125509
godoy,1,2,512.0424614125509,argentina,4987.040832507677,3962.955909682575,512.0424614125509
gonzález-olaechea,1,2,512.0424614125509,peru,4987.040832507677,3962.955909682575,512.0424614125509
gonzález_de_cosío,1,2,512.0424614125509,mexico,4987.040832507677,3962.955909682575,512.0424614125509
gonzález_del_valle,1,2,512.0424614125509,mexico,4987.040832507677,3962.955909682575,512.0424614125509
gonzález_guevara,1,2,512.0424614125509,mexico,4987.040832507677,3962.955909682575,512.0424614125509
gonzález_rojo,1,2,512.0424614125509,mexico,4987.040832507677,3962.955909682575,512.0424614125509
gonzález_torres,1,2,512.0424614125509,mexico,4987.040832507677,3962.955909682575,512.0424614125509
gonzález_vigil,1,2,512.0424614125509,peru,4987.040832507677,3962.955909682575,512.0424614125509
gorriti,1,2,512.0424614125509,argentina,4987.040832507677,3962.955909682575,512.0424614125509
grau,1,2,512.0424614125509,peru,4987.040832507677,3962.955909682575,512.0424614125509
graña,1,2,512.0424614125509,peru,4987.040832507677,3962.955909682575,512.0424614125509
groot,1,2,512.0424614125509,colombia,4987.040832507677,3962.955909682575,512.0424614125509
guarello,1,2,512.0424614125509,chile,4987.040832507677,3962.955909682575,512.0424614125509
guerrero,1,2,512.0424614125509,mexico,4987.040832507677,3962.955909682575,512.0424614125509
guevara,1,2,512.0424614125509,argentina,4987.040832507677,3962.955909682575,512.0424614125509
guilisasti,1,2,512.0424614125509,chile,4987.040832507677,3962.955909682575,512.0424614125509
guillermoprieto,1,2,512.0424614125509,mexico,4987.040832507677,3962.955909682575,512.0424614125509
gutiérrez_díaz,1,2,512.0424614125509,colombia,4987.040832507677,3962.955909682575,512.0424614125509
gutiérrez_nájera,1,2,512.0424614125509,mexico,4987.040832507677,3962.955909682575,512.0424614125509
gutiérrez_zamora,1,2,512.0424614125509,mexico,4987.040832507677,3962.955909682575,512.0424614125509
guzmán,1,2,512.0424614125509,mexico,4987.040832507677,3962.955909682575,512.0424614125509
guízar,1,2,512.0424614125509,mexico,4987.040832507677,3962.955909682575,512.0424614125509
gálvez,1,2,512.0424614125509,peru,4987.040832507677,3962.955909682575,512.0424614125509
gómez,1,2,512.0424614125509,colombia,4987.040832507677,3962.955909682575,512.0424614125509
gómez-mont,1,2,512.0424614125509,mexico,4987.040832507677,3962.955909682575,512.0424614125509
gómez-robledo,1,2,512.0424614125509,mexico,4987.040832507677,3962.955909682575,512.0424614125509
gómez-urquíza,1,2,512.0424614125509,mexico,4987.040832507677,3962.955909682575,512.0424614125509
gómez_farías,1,2,512.0424614125509,mexico,4987.040832507677,3962.955909682575,512.0424614125509
gómez_maganda,1,2,512.0424614125509,mexico,4987.040832507677,3962.955909682575,512.0424614125509
gómez_martínez,1,2,512.0424614125509,colombia,4987.040832507677,3962.955909682575,512.0424614125509
gómez_venezuela,1,2,512.0424614125509,venezuela,4987.040832507677,3962.955909682575,512.0424614125509
güemes,1,2,512.0424614125509,argentina,4987.040832507677,3962.955909682575,512.0424614125509
güiraldes,1,2,512.0424614125509,argentina,4987.040832507677,3962.955909682575,512.0424614125509
hales,1,2,512.0424614125509,chile,4987.040832507677,3962.955909682575,512.0424614125509
heber,1,2,512.0424614125509,uruguay,4987.040832507677,3962.955909682575,512.0424614125509
heiremans,1,2,512.0424614125509,chile,4987.040832507677,3962.955909682575,512.0424614125509
heraud,1,2,512.0424614125509,peru,4987.040832507677,3962.955909682575,512.0424614125509
herrera,1,2,512.0424614125509,colombia,4987.040832507677,3962.955909682575,512.0424614125509
herrera_salcedo,1,2,512.0424614125509,mexico,4987.040832507677,3962.955909682575,512.0424614125509
herrán,1,2,512.0424614125509,colombia,4987.040832507677,3962.955909682575,512.0424614125509
hidalgo_y_costilla,1,2,512.0424614125509,mexico,4987.040832507677,3962.955909682575,512.0424614125509
hoke,1,2,512.0424614125509,peru,4987.040832507677,3962.955909682575,512.0424614125509
holguín,1,2,512.0424614125509,colombia,4987.040832507677,3962.955909682575,512.0424614125509
holmberg,1,2,512.0424614125509,argentina,4987.040832507677,3962.955909682575,512.0424614125509
humala,1,2,512.0424614125509,peru,4987.040832507677,3962.955909682575,512.0424614125509
hurtado,1,2,512.0424614125509,colombia,4987.040832507677,3962.955909682575,512.0424614125509
ibáñez,1,2,512.0424614125509,chile,4987.040832507677,3962.955909682575,512.0424614125509
ibáñez_colombia,1,2,512.0424614125509,colombia,4987.040832507677,3962.955909682575,512.0424614125509
illia,1,2,512.0424614125509,argentina,4987.040832507677,3962.955909682575,512.0424614125509
iommi,1,2,512.0424614125509,argentina,4987.040832507677,3962.955909682575,512.0424614125509
isaías,1,2,512.0424614125509,ecuador,4987.040832507677,3962.955909682575,512.0424614125509
iturbide,1,2,512.0424614125509,mexico,4987.040832507677,3962.955909682575,512.0424614125509
jara_saguier,1,2,512.0424614125509,paraguay,4987.040832507677,3962.955909682575,512.0424614125509
jaramillo_colombia,1,2,512.0424614125509,colombia,4987.040832507677,3962.955909682575,512.0424614125509
jattin,1,2,512.0424614125509,colombia,4987.040832507677,3962.955909682575,512.0424614125509
jiménez_de_lobatón,1,2,512.0424614125509,peru,4987.040832507677,3962.955909682575,512.0424614125509
justo,1,2,512.0424614125509,argentina,4987.040832507677,3962.955909682575,512.0424614125509
kaiser,1,2,512.0424614125509,chile,4987.040832507677,3962.955909682575,512.0424614125509
kast,1,2,512.0424614125509,chile,4987.040832507677,3962.955909682575,512.0424614125509
kirchner,1,2,512.0424614125509,argentina,4987.040832507677,3962.955909682575,512.0424614125509
lacroze,1,2,512.0424614125509,argentina,4987.040832507677,3962.955909682575,512.0424614125509
lafinur,1,2,512.0424614125509,argentina,4987.040832507677,3962.955909682575,512.0424614125509
lander,1,2,512.0424614125509,venezuela,4987.040832507677,3962.955909682575,512.0424614125509
lanusse,1,2,512.0424614125509,argentina,4987.040832507677,3962.955909682575,512.0424614125509
larco,1,2,512.0424614125509,peru,4987.040832507677,3962.955909682575,512.0424614125509
largacha,1,2,512.0424614125509,colombia,4987.040832507677,3962.955909682575,512.0424614125509
larrabure,1,2,512.0424614125509,peru,4987.040832507677,3962.955909682575,512.0424614125509
laserna,1,2,512.0424614125509,colombia,4987.040832507677,3962.955909682575,512.0424614125509
lavalle,1,2,512.0424614125509,peru,4987.040832507677,3962.955909682575,512.0424614125509
lavalleja,1,2,512.0424614125509,uruguay,4987.040832507677,3962.955909682575,512.0424614125509
lavín,1,2,512.0424614125509,chile,4987.040832507677,3962.955909682575,512.0424614125509
lebaron,1,2,512.0424614125509,mexico,4987.040832507677,3962.955909682575,512.0424614125509
leguía,1,2,512.0424614125509,peru,4987.040832507677,3962.955909682575,512.0424614125509
lemos,1,2,512.0424614125509,colombia,4987.040832507677,3962.955909682575,512.0424614125509
lerdo_de_tejada,1,2,512.0424614125509,mexico,4987.040832507677,3962.955909682575,512.0424614125509
leyva,1,2,512.0424614125509,colombia,4987.040832507677,3962.955909682575,512.0424614125509
lezica,1,2,512.0424614125509,argentina,4987.040832507677,3962.955909682575,512.0424614125509
león-velarde,1,2,512.0424614125509,peru,4987.040832507677,3962.955909682575,512.0424614125509
león_barandiarán,1,2,512.0424614125509,peru,4987.040832507677,3962.955909682575,512.0424614125509
lindley,1,2,512.0424614125509,peru,4987.040832507677,3962.955909682575,512.0424614125509
llaca,1,2,512.0424614125509,mexico,4987.040832507677,3962.955909682575,512.0424614125509
lleras,1,2,512.0424614125509,colombia,4987.040832507677,3962.955909682575,512.0424614125509
llinás,1,2,512.0424614125509,colombia,4987.040832507677,3962.955909682575,512.0424614125509
llona,1,2,512.0424614125509,peru,4987.040832507677,3962.955909682575,512.0424614125509
lloreda,1,2,512.0424614125509,colombia,4987.040832507677,3962.955909682575,512.0424614125509
llosa,1,2,512.0424614125509,peru,4987.040832507677,3962.955909682575,512.0424614125509
loret_de_mola,1,2,512.0424614125509,mexico,4987.040832507677,3962.955909682575,512.0424614125509
lozano,1,2,512.0424614125509,colombia,4987.040832507677,3962.955909682575,512.0424614125509
lugones,1,2,512.0424614125509,argentina,4987.040832507677,3962.955909682575,512.0424614125509
luksic,1,2,512.0424614125509,chile,4987.040832507677,3962.955909682575,512.0424614125509
luna,1,2,512.0424614125509,peru,4987.040832507677,3962.955909682575,512.0424614125509
luna_parra,1,2,512.0424614125509,mexico,4987.040832507677,3962.955909682575,512.0424614125509
lópez,1,2,512.0424614125509,colombia,4987.040832507677,3962.955909682575,512.0424614125509
lópez-dóriga,1,2,512.0424614125509,mexico,4987.040832507677,3962.955909682575,512.0424614125509
lópez-moctezuma,1,2,512.0424614125509,mexico,4987.040832507677,3962.955909682575,512.0424614125509
lópez-portillo,1,2,512.0424614125509,mexico,4987.040832507677,3962.955909682575,512.0424614125509
lópez-rayón,1,2,512.0424614125509,mexico,4987.040832507677,3962.955909682575,512.0424614125509
lópez_carrillo,1,2,512.0424614125509,paraguay,4987.040832507677,3962.955909682575,512.0424614125509
lópez_negrete,1,2,512.0424614125509,mexico,4987.040832507677,3962.955909682575,512.0424614125509
lópez_venezuela,1,2,512.0424614125509,venezuela,4987.040832507677,3962.955909682575,512.0424614125509
mac_allister,1,2,512.0424614125509,argentina,4987.040832507677,3962.955909682575,512.0424614125509
maciel,1,2,512.0424614125509,argentina,4987.040832507677,3962.955909682575,512.0424614125509
mackenna,1,2,512.0424614125509,chile,4987.040832507677,3962.955909682575,512.0424614125509
macri,1,2,512.0424614125509,argentina,4987.040832507677,3962.955909682575,512.0424614125509
madariaga,1,2,512.0424614125509,colombia,4987.040832507677,3962.955909682575,512.0424614125509
madero,1,2,512.0424614125509,mexico,4987.040832507677,3962.955909682575,512.0424614125509
maduro,1,2,512.0424614125509,venezuela,4987.040832507677,3962.955909682575,512.0424614125509
mallarino,1,2,512.0424614125509,colombia,4987.040832507677,3962.955909682575,512.0424614125509
malo,1,2,512.0424614125509,mexico,4987.040832507677,3962.955909682575,512.0424614125509
manrique,1,2,512.0424614125509,colombia,4987.040832507677,3962.955909682575,512.0424614125509
mansilla,1,2,512.0424614125509,argentina,4987.040832507677,3962.955909682575,512.0424614125509
mantilla,1,2,512.0424614125509,peru,4987.040832507677,3962.955909682575,512.0424614125509
maradona,1,2,512.0424614125509,argentina,4987.040832507677,3962.955909682575,512.0424614125509
marcó_del_pont,1,2,512.0424614125509,argentina,4987.040832507677,3962.955909682575,512.0424614125509
mariátegui,1,2,512.0424614125509,peru,4987.040832507677,3962.955909682575,512.0424614125509
mariño,1,2,512.0424614125509,colombia,4987.040832507677,3962.955909682575,512.0424614125509
martín_del_campo,1,2,512.0424614125509,mexico,4987.040832507677,3962.955909682575,512.0424614125509
martínez-silva,1,2,512.0424614125509,colombia,4987.040832507677,3962.955909682575,512.0424614125509
martínez_de_hoz,1,2,512.0424614125509,argentina,4987.040832507677,3962.955909682575,512.0424614125509
massú,1,2,512.0424614125509,chile,4987.040832507677,3962.955909682575,512.0424614125509
mateos,1,2,512.0424614125509,mexico,4987.040832507677,3962.955909682575,512.0424614125509
matta,1,2,512.0424614125509,chile,4987.040832507677,3962.955909682575,512.0424614125509
matte,2,2,512.0424614125509,chile,4987.040832507677,3962.955909682575,512.0424614125509
maza,1,2,512.0424614125509,argentina,4987.040832507677,3962.955909682575,512.0424614125509
mazuera,1,2,512.0424614125509,colombia,4987.040832507677,3962.955909682575,512.0424614125509
medina,1,2,512.0424614125509,colombia,4987.040832507677,3962.955909682575,512.0424614125509
medina_mora,1,2,512.0424614125509,mexico,4987.040832507677,3962.955909682575,512.0424614125509
mediz_bolio,1,2,512.0424614125509,mexico,4987.040832507677,3962.955909682575,512.0424614125509
melgar,1,2,512.0424614125509,peru,4987.040832507677,3962.955909682575,512.0424614125509
mendiburu,1,2,512.0424614125509,peru,4987.040832507677,3962.955909682575,512.0424614125509
mendoza_ladrón_de_guevara,1,2,512.0424614125509,chile,4987.040832507677,3962.955909682575,512.0424614125509
menem,1,2,512.0424614125509,argentina,4987.040832507677,3962.955909682575,512.0424614125509
mera_figueroa,1,2,512.0424614125509,argentina,4987.040832507677,3962.955909682575,512.0424614125509
meruane,1,2,512.0424614125509,chile,4987.040832507677,3962.955909682575,512.0424614125509
michelsen,1,2,512.0424614125509,colombia,4987.040832507677,3962.955909682575,512.0424614125509
mier_y_noriega,1,2,512.0424614125509,mexico,4987.040832507677,3962.955909682575,512.0424614125509
mier_y_terán,1,2,512.0424614125509,mexico,4987.040832507677,3962.955909682575,512.0424614125509
miró_quesada,1,2,512.0424614125509,peru,4987.040832507677,3962.955909682575,512.0424614125509
mitre,1,2,512.0424614125509,argentina,4987.040832507677,3962.955909682575,512.0424614125509
moctezuma,1,2,512.0424614125509,mexico,4987.040832507677,3962.955909682575,512.0424614125509
monagas,1,2,512.0424614125509,venezuela,4987.040832507677,3962.955909682575,512.0424614125509
monckeberg,1,2,512.0424614125509,chile,4987.040832507677,3962.955909682575,512.0424614125509
monreal,1,2,512.0424614125509,mexico,4987.040832507677,3962.955909682575,512.0424614125509
montero,1,2,512.0424614125509,chile,4987.040832507677,3962.955909682575,512.0424614125509
montes_de_oca,1,2,512.0424614125509,argentina,4987.040832507677,3962.955909682575,512.0424614125509
montesinos,1,2,512.0424614125509,peru,4987.040832507677,3962.955909682575,512.0424614125509
montt,1,2,512.0424614125509,chile,4987.040832507677,3962.955909682575,512.0424614125509
morales_bermúdez,1,2,512.0424614125509,peru,4987.040832507677,3962.955909682575,512.0424614125509
morandé,1,2,512.0424614125509,chile,4987.040832507677,3962.955909682575,512.0424614125509
more,1,2,512.0424614125509,peru,4987.040832507677,3962.955909682575,512.0424614125509
moreno_valle,1,2,512.0424614125509,mexico,4987.040832507677,3962.955909682575,512.0424614125509
moreyra,1,2,512.0424614125509,peru,4987.040832507677,3962.955909682575,512.0424614125509
mosquera,1,2,512.0424614125509,colombia,4987.040832507677,3962.955909682575,512.0424614125509
moure,1,2,512.0424614125509,colombia,4987.040832507677,3962.955909682575,512.0424614125509
mujica,1,2,512.0424614125509,peru,4987.040832507677,3962.955909682575,512.0424614125509
mutis,1,2,512.0424614125509,colombia,4987.040832507677,3962.955909682575,512.0424614125509
muñoz_ledo,1,2,512.0424614125509,mexico,4987.040832507677,3962.955909682575,512.0424614125509
málaga,1,2,512.0424614125509,peru,4987.040832507677,3962.955909682575,512.0424614125509
nariño,1,2,512.0424614125509,colombia,4987.040832507677,3962.955909682575,512.0424614125509
navia,1,2,512.0424614125509,colombia,4987.040832507677,3962.955909682575,512.0424614125509
nazar,1,2,512.0424614125509,argentina,4987.040832507677,3962.955909682575,512.0424614125509
neyra,1,2,512.0424614125509,peru,4987.040832507677,3962.955909682575,512.0424614125509
niño,1,2,512.0424614125509,colombia,4987.040832507677,3962.955909682575,512.0424614125509
noble,1,2,512.0424614125509,argentina,4987.040832507677,3962.955909682575,512.0424614125509
noboa,1,2,512.0424614125509,ecuador,4987.040832507677,3962.955909682575,512.0424614125509
noriega,1,2,512.0424614125509,peru,4987.040832507677,3962.955909682575,512.0424614125509
o'donnell,1,2,512.0424614125509,colombia,4987.040832507677,3962.955909682575,512.0424614125509
o'gorman,1,2,512.0424614125509,argentina,4987.040832507677,3962.955909682575,512.0424614125509
obligado,1,2,512.0424614125509,argentina,4987.040832507677,3962.955909682575,512.0424614125509
obregón,2,2,512.0424614125509,colombia,4987.040832507677,3962.955909682575,512.0424614125509
ocampo,1,2,512.0424614125509,argentina,4987.040832507677,3962.955909682575,512.0424614125509
ocaña,1,2,512.0424614125509,peru,4987.040832507677,3962.955909682575,512.0424614125509
ochagavía,1,2,512.0424614125509,chile,4987.040832507677,3962.955909682575,512.0424614125509
odriozola,1,2,512.0424614125509,peru,4987.040832507677,3962.955909682575,512.0424614125509
olaechea,1,2,512.0424614125509,peru,4987.040832507677,3962.955909682575,512.0424614125509
olaya,1,2,512.0424614125509,colombia,4987.040832507677,3962.955909682575,512.0424614125509
olmos,1,2,512.0424614125509,colombia,4987.040832507677,3962.955909682575,512.0424614125509
onassis,1,2,512.0424614125509,argentina,4987.040832507677,3962.955909682575,512.0424614125509
oneto,1,2,512.0424614125509,peru,4987.040832507677,3962.955909682575,512.0424614125509
orbegoso,1,2,512.0424614125509,peru,4987.040832507677,3962.955909682575,512.0424614125509
orbegozo,1,2,512.0424614125509,colombia,4987.040832507677,3962.955909682575,512.0424614125509
orihuela,1,2,512.0424614125509,peru,4987.040832507677,3962.955909682575,512.0424614125509
ortiz_basualdo,1,2,512.0424614125509,argentina,4987.040832507677,3962.955909682575,512.0424614125509
ortiz_de_rozas,1,2,512.0424614125509,argentina,4987.040832507677,3962.955909682575,512.0424614125509
ortiz_de_zevallos,1,2,512.0424614125509,peru,4987.040832507677,3962.955909682575,512.0424614125509
ortiz_mena,1,2,512.0424614125509,mexico,4987.040832507677,3962.955909682575,512.0424614125509
ortiz_monasterio,1,2,512.0424614125509,mexico,4987.040832507677,3962.955909682575,512.0424614125509
osma,1,2,512.0424614125509,peru,4987.040832507677,3962.955909682575,512.0424614125509
ospina,1,2,512.0424614125509,colombia,4987.040832507677,3962.955909682575,512.0424614125509
otálora,1,2,512.0424614125509,argentina,4987.040832507677,3962.955909682575,512.0424614125509
otárola,1,2,512.0424614125509,peru,4987.040832507677,3962.955909682575,512.0424614125509
pachón,1,2,512.0424614125509,colombia,4987.040832507677,3962.955909682575,512.0424614125509
palacios_venezuela,1,2,512.0424614125509,venezuela,4987.040832507677,3962.955909682575,512.0424614125509
panizo,1,2,512.0424614125509,peru,4987.040832507677,3962.955909682575,512.0424614125509
pardo,1,2,512.0424614125509,colombia,4987.040832507677,3962.955909682575,512.0424614125509
parra_chile,1,2,512.0424614125509,chile,4987.040832507677,3962.955909682575,512.0424614125509
parís,1,2,512.0424614125509,colombia,4987.040832507677,3962.955909682575,512.0424614125509
pastrana,1,2,512.0424614125509,colombia,4987.040832507677,3962.955909682575,512.0424614125509
pavlovsky,1,2,512.0424614125509,argentina,4987.040832507677,3962.955909682575,512.0424614125509
paz,1,2,512.0424614125509,argentina,4987.040832507677,3962.955909682575,512.0424614125509
paz_soldán,1,2,512.0424614125509,peru,4987.040832507677,3962.955909682575,512.0424614125509
pedraza,1,2,512.0424614125509,argentina,4987.040832507677,3962.955909682575,512.0424614125509
pellegrini,1,2,512.0424614125509,argentina,4987.040832507677,3962.955909682575,512.0424614125509
peralta_ramos,1,2,512.0424614125509,argentina,4987.040832507677,3962.955909682575,512.0424614125509
perón,1,2,512.0424614125509,argentina,4987.040832507677,3962.955909682575,512.0424614125509
petro,1,2,512.0424614125509,colombia,4987.040832507677,3962.955909682575,512.0424614125509
philippi,1,2,512.0424614125509,chile,4987.040832507677,3962.955909682575,512.0424614125509
pinal_hidalgo,2,2,512.0424614125509,mexico,4987.040832507677,3962.955909682575,512.0424614125509
pinasco,1,2,512.0424614125509,peru,4987.040832507677,3962.955909682575,512.0424614125509
pinedo,1,2,512.0424614125509,argentina,4987.040832507677,3962.955909682575,512.0424614125509
pinochet,1,2,512.0424614125509,chile,4987.040832507677,3962.955909682575,512.0424614125509
pinto_chile,2,2,512.0424614125509,chile,4987.040832507677,3962.955909682575,512.0424614125509
piraquive,1,2,512.0424614125509,colombia,4987.040832507677,3962.955909682575,512.0424614125509
pizarro,1,2,512.0424614125509,chile,4987.040832507677,3962.955909682575,512.0424614125509
pizarro_colombia,1,2,512.0424614125509,colombia,4987.040832507677,3962.955909682575,512.0424614125509
piérola,1,2,512.0424614125509,peru,4987.040832507677,3962.955909682575,512.0424614125509
piñera,1,2,512.0424614125509,chile,4987.040832507677,3962.955909682575,512.0424614125509
podestá,1,2,512.0424614125509,argentina,4987.040832507677,3962.955909682575,512.0424614125509
polar,1,2,512.0424614125509,peru,4987.040832507677,3962.955909682575,512.0424614125509
pombo,1,2,512.0424614125509,colombia,4987.040832507677,3962.955909682575,512.0424614125509
ponce_de_león,1,2,512.0424614125509,uruguay,4987.040832507677,3962.955909682575,512.0424614125509
porras,1,2,512.0424614125509,peru,4987.040832507677,3962.955909682575,512.0424614125509
portales,1,2,512.0424614125509,chile,4987.040832507677,3962.955909682575,512.0424614125509
portocarrero_perú,1,2,512.0424614125509,peru,4987.040832507677,3962.955909682575,512.0424614125509
portugal,1,2,512.0424614125509,peru,4987.040832507677,3962.955909682575,512.0424614125509
posse,1,2,512.0424614125509,argentina,4987.040832507677,3962.955909682575,512.0424614125509
prado,1,2,512.0424614125509,peru,4987.040832507677,3962.955909682575,512.0424614125509
prebisch,1,2,512.0424614125509,argentina,4987.040832507677,3962.955909682575,512.0424614125509
precht,1,2,512.0424614125509,chile,4987.040832507677,3962.955909682575,512.0424614125509
prieto,1,2,512.0424614125509,chile,4987.040832507677,3962.955909682575,512.0424614125509
puch,1,2,512.0424614125509,argentina,4987.040832507677,3962.955909682575,512.0424614125509
pueyrredón,1,2,512.0424614125509,argentina,4987.040832507677,3962.955909682575,512.0424614125509
pumarejo,1,2,512.0424614125509,colombia,4987.040832507677,3962.955909682575,512.0424614125509
puyana,1,2,512.0424614125509,colombia,4987.040832507677,3962.955909682575,512.0424614125509
pérez-jácome,1,2,512.0424614125509,mexico,4987.040832507677,3962.955909682575,512.0424614125509
pérez_companc,1,2,512.0424614125509,argentina,4987.040832507677,3962.955909682575,512.0424614125509
pérez_gavilán,1,2,512.0424614125509,mexico,4987.040832507677,3962.955909682575,512.0424614125509
pérez_manosalva,1,2,512.0424614125509,colombia,4987.040832507677,3962.955909682575,512.0424614125509
pérez_treviño,1,2,512.0424614125509,mexico,4987.040832507677,3962.955909682575,512.0424614125509
quesada,1,2,512.0424614125509,argentina,4987.040832507677,3962.955909682575,512.0424614125509
quijano,1,2,512.0424614125509,colombia,4987.040832507677,3962.955909682575,512.0424614125509
quintana,1,2,512.0424614125509,argentina,4987.040832507677,3962.955909682575,512.0424614125509
quintero,1,2,512.0424614125509,colombia,4987.040832507677,3962.955909682575,512.0424614125509
quispe,1,2,512.0424614125509,peru,4987.040832507677,3962.955909682575,512.0424614125509
quispe_palomino,1,2,512.0424614125509,peru,4987.040832507677,3962.955909682575,512.0424614125509
químper,1,2,512.0424614125509,peru,4987.040832507677,3962.955909682575,512.0424614125509
ramos_mejía,1,2,512.0424614125509,argentina,4987.040832507677,3962.955909682575,512.0424614125509
ramírez,1,2,512.0424614125509,peru,4987.040832507677,3962.955909682575,512.0424614125509
rawson,1,2,512.0424614125509,argentina,4987.040832507677,3962.955909682575,512.0424614125509
rebagliati,1,2,512.0424614125509,peru,4987.040832507677,3962.955909682575,512.0424614125509
remírez_de_laredo,1,2,512.0424614125509,peru,4987.040832507677,3962.955909682575,512.0424614125509
restrepo,1,2,512.0424614125509,colombia,4987.040832507677,3962.955909682575,512.0424614125509
revueltas_sánchez,1,2,512.0424614125509,mexico,4987.040832507677,3962.955909682575,512.0424614125509
reyes,1,2,512.0424614125509,colombia,4987.040832507677,3962.955909682575,512.0424614125509
reyes_heroles,1,2,512.0424614125509,mexico,4987.040832507677,3962.955909682575,512.0424614125509
reyes_larios,1,2,512.0424614125509,mexico,4987.040832507677,3962.955909682575,512.0424614125509
reyes_retana,1,2,512.0424614125509,mexico,4987.040832507677,3962.955909682575,512.0424614125509
reyes_spíndola,1,2,512.0424614125509,mexico,4987.040832507677,3962.955909682575,512.0424614125509
reátegui,1,2,512.0424614125509,peru,4987.040832507677,3962.955909682575,512.0424614125509
ribeyro,1,2,512.0424614125509,peru,4987.040832507677,3962.955909682575,512.0424614125509
ricaurte,1,2,512.0424614125509,colombia,4987.040832507677,3962.955909682575,512.0424614125509
rincón,1,2,512.0424614125509,peru,4987.040832507677,3962.955909682575,512.0424614125509
rincón-gallardo,1,2,512.0424614125509,mexico,4987.040832507677,3962.955909682575,512.0424614125509
riva_agüero,1,2,512.0424614125509,peru,4987.040832507677,3962.955909682575,512.0424614125509
riva_palacio,1,2,512.0424614125509,mexico,4987.040832507677,3962.955909682575,512.0424614125509
rivadavia,1,2,512.0424614125509,argentina,4987.040832507677,3962.955909682575,512.0424614125509
rivera-torres,1,2,512.0424614125509,mexico,4987.040832507677,3962.955909682575,512.0424614125509
robles,1,2,512.0424614125509,peru,4987.040832507677,3962.955909682575,512.0424614125509
robles_arnao,1,2,512.0424614125509,peru,4987.040832507677,3962.955909682575,512.0424614125509
roca,1,2,512.0424614125509,argentina,4987.040832507677,3962.955909682575,512.0424614125509
roca_rey,1,2,512.0424614125509,peru,4987.040832507677,3962.955909682575,512.0424614125509
roca_y_rodríguez,1,2,512.0424614125509,ecuador,4987.040832507677,3962.955909682575,512.0424614125509
rocca,1,2,512.0424614125509,argentina,4987.040832507677,3962.955909682575,512.0424614125509
rocha,1,2,512.0424614125509,argentina,4987.040832507677,3962.955909682575,512.0424614125509
"rodríguez_(san_luis,_argentina)",1,2,512.0424614125509,argentina,4987.040832507677,3962.955909682575,512.0424614125509
rodríguez_larreta,1,2,512.0424614125509,argentina,4987.040832507677,3962.955909682575,512.0424614125509
rodríguez_pastor,1,2,512.0424614125509,peru,4987.040832507677,3962.955909682575,512.0424614125509
rodríguez_saá,1,2,512.0424614125509,argentina,4987.040832507677,3962.955909682575,512.0424614125509
roel,1,2,512.0424614125509,peru,4987.040832507677,3962.955909682575,512.0424614125509
rojas,1,2,512.0424614125509,colombia,4987.040832507677,3962.955909682575,512.0424614125509
rojo,1,2,512.0424614125509,argentina,4987.040832507677,3962.955909682575,512.0424614125509
romero,1,2,512.0424614125509,peru,4987.040832507677,3962.955909682575,512.0424614125509
romero_feris,1,2,512.0424614125509,argentina,4987.040832507677,3962.955909682575,512.0424614125509
rospigliosi,1,2,512.0424614125509,peru,4987.040832507677,3962.955909682575,512.0424614125509
ross_argentina,1,2,512.0424614125509,argentina,4987.040832507677,3962.955909682575,512.0424614125509
ross_chile,1,2,512.0424614125509,chile,4987.040832507677,3962.955909682575,512.0424614125509
rovirosa,1,2,512.0424614125509,mexico,4987.040832507677,3962.955909682575,512.0424614125509
ruiz-massieu,1,2,512.0424614125509,mexico,4987.040832507677,3962.955909682575,512.0424614125509
ruiz-tagle,1,2,512.0424614125509,chile,4987.040832507677,3962.955909682575,512.0424614125509
saadi,1,2,512.0424614125509,argentina,4987.040832507677,3962.955909682575,512.0424614125509
saavedra,1,2,512.0424614125509,uruguay,4987.040832507677,3962.955909682575,512.0424614125509
sabato,1,2,512.0424614125509,argentina,4987.040832507677,3962.955909682575,512.0424614125509
sabattini,1,2,512.0424614125509,argentina,4987.040832507677,3962.955909682575,512.0424614125509
sabogal,1,2,512.0424614125509,peru,4987.040832507677,3962.955909682575,512.0424614125509
saguier,1,2,512.0424614125509,argentina,4987.040832507677,3962.955909682575,512.0424614125509
salaverry,1,2,512.0424614125509,peru,4987.040832507677,3962.955909682575,512.0424614125509
salazar_y_meléndez,1,2,512.0424614125509,peru,4987.040832507677,3962.955909682575,512.0424614125509
salazar_y_muñatones,1,2,512.0424614125509,peru,4987.040832507677,3962.955909682575,512.0424614125509
salgar,1,2,512.0424614125509,colombia,4987.040832507677,3962.955909682575,512.0424614125509
salinas,1,2,512.0424614125509,mexico,4987.040832507677,3962.955909682575,512.0424614125509
samanez,1,2,512.0424614125509,peru,4987.040832507677,3962.955909682575,512.0424614125509
samper,1,2,512.0424614125509,colombia,4987.040832507677,3962.955909682575,512.0424614125509
san_martín,1,2,512.0424614125509,argentina,4987.040832507677,3962.955909682575,512.0424614125509
sancho_dávila,1,2,512.0424614125509,peru,4987.040832507677,3962.955909682575,512.0424614125509
sanclemente,1,2,512.0424614125509,colombia,4987.040832507677,3962.955909682575,512.0424614125509
sanfuentes,1,2,512.0424614125509,chile,4987.040832507677,3962.955909682575,512.0424614125509
santa_cruz,1,2,512.0424614125509,peru,4987.040832507677,3962.955909682575,512.0424614125509
santa_maría,1,2,512.0424614125509,chile,4987.040832507677,3962.955909682575,512.0424614125509
santamarina,1,2,512.0424614125509,argentina,4987.040832507677,3962.955909682575,512.0424614125509
santamaría,1,2,512.0424614125509,colombia,4987.040832507677,3962.955909682575,512.0424614125509
santiago_concha,1,2,512.0424614125509,chile,4987.040832507677,3962.955909682575,512.0424614125509
santo_domingo,1,2,512.0424614125509,colombia,4987.040832507677,3962.955909682575,512.0424614125509
santos,1,2,512.0424614125509,colombia,4987.040832507677,3962.955909682575,512.0424614125509
sanz_de_santamaría,1,2,512.0424614125509,colombia,4987.040832507677,3962.955909682575,512.0424614125509
sapag,1,2,512.0424614125509,argentina,4987.040832507677,3962.955909682575,512.0424614125509
saravia,1,2,512.0424614125509,uruguay,4987.040832507677,3962.955909682575,512.0424614125509
sarmiento,1,2,512.0424614125509,argentina,4987.040832507677,3962.955909682575,512.0424614125509
sarmiento_negocios,1,2,512.0424614125509,colombia,4987.040832507677,3962.955909682575,512.0424614125509
sarsfield,1,2,512.0424614125509,argentina,4987.040832507677,3962.955909682575,512.0424614125509
saá,1,2,512.0424614125509,argentina,4987.040832507677,3962.955909682575,512.0424614125509
scheck,1,2,512.0424614125509,uruguay,4987.040832507677,3962.955909682575,512.0424614125509
schmidt,1,2,512.0424614125509,chile,4987.040832507677,3962.955909682575,512.0424614125509
schreiber,1,2,512.0424614125509,peru,4987.040832507677,3962.955909682575,512.0424614125509
segurola,1,2,512.0424614125509,argentina,4987.040832507677,3962.955909682575,512.0424614125509
seminario,1,2,512.0424614125509,peru,4987.040832507677,3962.955909682575,512.0424614125509
seoane_heredia,1,2,512.0424614125509,peru,4987.040832507677,3962.955909682575,512.0424614125509
sieburger,1,2,512.0424614125509,argentina,4987.040832507677,3962.955909682575,512.0424614125509
sierra_méndez,1,2,512.0424614125509,mexico,4987.040832507677,3962.955909682575,512.0424614125509
silva_herzog,1,2,512.0424614125509,mexico,4987.040832507677,3962.955909682575,512.0424614125509
silva_santisteban,1,2,512.0424614125509,peru,4987.040832507677,3962.955909682575,512.0424614125509
simeone,1,2,512.0424614125509,argentina,4987.040832507677,3962.955909682575,512.0424614125509
slim,1,2,512.0424614125509,mexico,4987.040832507677,3962.955909682575,512.0424614125509
snopek,1,2,512.0424614125509,argentina,4987.040832507677,3962.955909682575,512.0424614125509
sodi,1,2,512.0424614125509,mexico,4987.040832507677,3962.955909682575,512.0424614125509
solari,1,2,512.0424614125509,peru,4987.040832507677,3962.955909682575,512.0424614125509
solari_argentina,1,2,512.0424614125509,argentina,4987.040832507677,3962.955909682575,512.0424614125509
soler,1,2,512.0424614125509,mexico,4987.040832507677,3962.955909682575,512.0424614125509
sordo_madaleno,1,2,512.0424614125509,mexico,4987.040832507677,3962.955909682575,512.0424614125509
soria,1,2,512.0424614125509,argentina,4987.040832507677,3962.955909682575,512.0424614125509
soublette,1,2,512.0424614125509,colombia,4987.040832507677,3962.955909682575,512.0424614125509
subercaseaux,1,2,512.0424614125509,chile,4987.040832507677,3962.955909682575,512.0424614125509
sucre,1,2,512.0424614125509,venezuela,4987.040832507677,3962.955909682575,512.0424614125509
sáenz_peña,1,2,512.0424614125509,argentina,4987.040832507677,3962.955909682575,512.0424614125509
sánchez-concha,1,2,512.0424614125509,peru,4987.040832507677,3962.955909682575,512.0424614125509
sánchez_de_bustamante,1,2,512.0424614125509,argentina,4987.040832507677,3962.955909682575,512.0424614125509
taboada,1,2,512.0424614125509,argentina,4987.040832507677,3962.955909682575,512.0424614125509
tagle_bracho,1,2,512.0424614125509,peru,4987.040832507677,3962.955909682575,512.0424614125509
tamayo_perú,1,2,512.0424614125509,peru,4987.040832507677,3962.955909682575,512.0424614125509
tellería,1,2,512.0424614125509,peru,4987.040832507677,3962.955909682575,512.0424614125509
tenorio,1,2,512.0424614125509,colombia,4987.040832507677,3962.955909682575,512.0424614125509
terry_perú,1,2,512.0424614125509,peru,4987.040832507677,3962.955909682575,512.0424614125509
thorndike,1,2,512.0424614125509,peru,4987.040832507677,3962.955909682575,512.0424614125509
thorne,1,2,512.0424614125509,peru,4987.040832507677,3962.955909682575,512.0424614125509
tito,1,2,512.0424614125509,peru,4987.040832507677,3962.955909682575,512.0424614125509
tobar,1,2,512.0424614125509,venezuela,4987.040832507677,3962.955909682575,512.0424614125509
tohá,2,2,512.0424614125509,chile,4987.040832507677,3962.955909682575,512.0424614125509
tola,1,2,512.0424614125509,peru,4987.040832507677,3962.955909682575,512.0424614125509
toro_venezuela,1,2,512.0424614125509,venezuela,4987.040832507677,3962.955909682575,512.0424614125509
torres_landa,1,2,512.0424614125509,mexico,4987.040832507677,3962.955909682575,512.0424614125509
torrico,1,2,512.0424614125509,peru,4987.040832507677,3962.955909682575,512.0424614125509
torrijos,1,2,512.0424614125509,colombia,4987.040832507677,3962.955909682575,512.0424614125509
tovar,1,2,512.0424614125509,venezuela,4987.040832507677,3962.955909682575,512.0424614125509
trelles,1,2,512.0424614125509,peru,4987.040832507677,3962.955909682575,512.0424614125509
tristán_del_pozo,1,2,512.0424614125509,peru,4987.040832507677,3962.955909682575,512.0424614125509
trivelli,1,2,512.0424614125509,chile,4987.040832507677,3962.955909682575,512.0424614125509
troconis,1,2,512.0424614125509,venezuela,4987.040832507677,3962.955909682575,512.0424614125509
tudela,1,2,512.0424614125509,peru,4987.040832507677,3962.955909682575,512.0424614125509
turbay,1,2,512.0424614125509,colombia,4987.040832507677,3962.955909682575,512.0424614125509
ucrós,1,2,512.0424614125509,colombia,4987.040832507677,3962.955909682575,512.0424614125509
ugarte,1,2,512.0424614125509,peru,4987.040832507677,3962.955909682575,512.0424614125509
ugarteche,1,2,512.0424614125509,peru,4987.040832507677,3962.955909682575,512.0424614125509
ulloa,1,2,512.0424614125509,peru,4987.040832507677,3962.955909682575,512.0424614125509
umaña,1,2,512.0424614125509,colombia,4987.040832507677,3962.955909682575,512.0424614125509
undurraga,1,2,512.0424614125509,chile,4987.040832507677,3962.955909682575,512.0424614125509
urdaneta,1,2,512.0424614125509,colombia,4987.040832507677,3962.955909682575,512.0424614125509
ureta,1,2,512.0424614125509,peru,4987.040832507677,3962.955909682575,512.0424614125509
uribe,1,2,512.0424614125509,colombia,4987.040832507677,3962.955909682575,512.0424614125509
uriburu,1,2,512.0424614125509,argentina,4987.040832507677,3962.955909682575,512.0424614125509
uricoechea,1,2,512.0424614125509,colombia,4987.040832507677,3962.955909682575,512.0424614125509
urquíza,1,2,512.0424614125509,mexico,4987.040832507677,3962.955909682575,512.0424614125509
urrutia,1,2,512.0424614125509,colombia,4987.040832507677,3962.955909682575,512.0424614125509
urteaga,1,2,512.0424614125509,peru,4987.040832507677,3962.955909682575,512.0424614125509
urtubey,1,2,512.0424614125509,argentina,4987.040832507677,3962.955909682575,512.0424614125509
uñac,1,2,512.0424614125509,argentina,4987.040832507677,3962.955909682575,512.0424614125509
vaca_narvaja,1,2,512.0424614125509,argentina,4987.040832507677,3962.955909682575,512.0424614125509
valcárcel,1,2,512.0424614125509,peru,4987.040832507677,3962.955909682575,512.0424614125509
valdivieso,2,2,512.0424614125509,chile,4987.040832507677,3962.955909682575,512.0424614125509
valdés,1,2,512.0424614125509,mexico,4987.040832507677,3962.955909682575,512.0424614125509
valdés_chile,2,2,512.0424614125509,chile,4987.040832507677,3962.955909682575,512.0424614125509
valencia,1,2,512.0424614125509,colombia,4987.040832507677,3962.955909682575,512.0424614125509
van_rysselberghe,1,2,512.0424614125509,chile,4987.040832507677,3962.955909682575,512.0424614125509
varela,1,2,512.0424614125509,argentina,4987.040832507677,3962.955909682575,512.0424614125509
vargas_llosa,1,2,512.0424614125509,peru,4987.040832507677,3962.955909682575,512.0424614125509
vega,1,2,512.0424614125509,colombia,4987.040832507677,3962.955909682575,512.0424614125509
velarde,1,2,512.0424614125509,peru,4987.040832507677,3962.955909682575,512.0424614125509
velasco_chile,1,2,512.0424614125509,chile,4987.040832507677,3962.955909682575,512.0424614125509
veloso,1,2,512.0424614125509,chile,4987.040832507677,3962.955909682575,512.0424614125509
vergara-azcárate,1,2,512.0424614125509,colombia,4987.040832507677,3962.955909682575,512.0424614125509
vial,2,2,512.0424614125509,chile,4987.040832507677,3962.955909682575,512.0424614125509
vicuña,2,2,512.0424614125509,chile,4987.040832507677,3962.955909682575,512.0424614125509
videla,1,2,512.0424614125509,argentina,4987.040832507677,3962.955909682575,512.0424614125509
villa_michel,1,2,512.0424614125509,mexico,4987.040832507677,3962.955909682575,512.0424614125509
villarán,1,2,512.0424614125509,peru,4987.040832507677,3962.955909682575,512.0424614125509
villaveces,1,2,512.0424614125509,colombia,4987.040832507677,3962.955909682575,512.0424614125509
villegas,1,2,512.0424614125509,argentina,4987.040832507677,3962.955909682575,512.0424614125509
villegas_colombia,1,2,512.0424614125509,colombia,4987.040832507677,3962.955909682575,512.0424614125509
villegas_venezuela,1,2,512.0424614125509,venezuela,4987.040832507677,3962.955909682575,512.0424614125509
virasoro,1,2,512.0424614125509,argentina,4987.040832507677,3962.955909682575,512.0424614125509
vodanovic,1,2,512.0424614125509,chile,4987.040832507677,3962.955909682575,512.0424614125509
von_mühlenbrock,1,2,512.0424614125509,chile,4987.040832507677,3962.955909682575,512.0424614125509
vásquez,1,2,512.0424614125509,peru,4987.040832507677,3962.955909682575,512.0424614125509
vásquez_de_velasco,1,2,512.0424614125509,peru,4987.040832507677,3962.955909682575,512.0424614125509
vázquez-mellado,1,2,512.0424614125509,mexico,4987.040832507677,3962.955909682575,512.0424614125509
vélez,1,2,512.0424614125509,colombia,4987.040832507677,3962.955909682575,512.0424614125509
vértiz,1,2,512.0424614125509,peru,4987.040832507677,3962.955909682575,512.0424614125509
walker_chile,1,2,512.0424614125509,chile,4987.040832507677,3962.955909682575,512.0424614125509
warnes,1,2,512.0424614125509,chile,4987.040832507677,3962.955909682575,512.0424614125509
werthein,1,2,512.0424614125509,argentina,4987.040832507677,3962.955909682575,512.0424614125509
wiesner,1,2,512.0424614125509,colombia,4987.040832507677,3962.955909682575,512.0424614125509
wiesse,1,2,512.0424614125509,peru,4987.040832507677,3962.955909682575,512.0424614125509
wills,1,2,512.0424614125509,colombia,4987.040832507677,3962.955909682575,512.0424614125509
yankelevich,1,2,512.0424614125509,argentina,4987.040832507677,3962.955909682575,512.0424614125509
yarur,1,2,512.0424614125509,chile,4987.040832507677,3962.955909682575,512.0424614125509
yerovi,1,2,512.0424614125509,peru,4987.040832507677,3962.955909682575,512.0424614125509
yoma,1,2,512.0424614125509,argentina,4987.040832507677,3962.955909682575,512.0424614125509
yrigoyen,1,2,512.0424614125509,peru,4987.040832507677,3962.955909682575,512.0424614125509
yunes,1,2,512.0424614125509,mexico,4987.040832507677,3962.955909682575,512.0424614125509
yábar,1,2,512.0424614125509,peru,4987.040832507677,3962.955909682575,512.0424614125509
zaldívar,2,2,512.0424614125509,chile,4987.040832507677,3962.955909682575,512.0424614125509
zavala,1,2,512.0424614125509,peru,4987.040832507677,3962.955909682575,512.0424614125509
zavala_de_la_maza,1,2,512.0424614125509,peru,4987.040832507677,3962.955909682575,512.0424614125509
zañartu,1,2,512.0424614125509,chile,4987.040832507677,3962.955909682575,512.0424614125509
zea,1,2,512.0424614125509,colombia,4987.040832507677,3962.955909682575,512.0424614125509
zegers_chile,1,2,512.0424614125509,chile,4987.040832507677,3962.955909682575,512.0424614125509
zuleta_colombia,1,2,512.0424614125509,colombia,4987.040832507677,3962.955909682575,512.0424614125509
zuviría,1,2,512.0424614125509,argentina,4987.040832507677,3962.955909682575,512.0424614125509
álvarez_calderón,1,2,512.0424614125509,peru,4987.040832507677,3962.955909682575,512.0424614125509
álvarez_de_arenales,1,2,512.0424614125509,argentina,4987.040832507677,3962.955909682575,512.0424614125509
álvarez_de_toledo_argentina,1,2,512.0424614125509,argentina,4987.040832507677,3962.955909682575,512.0424614125509
álvarez_del_casal,1,2,512.0424614125509,colombia,4987.040832507677,3962.955909682575,512.0424614125509
álvarez_del_castillo,1,2,512.0424614125509,mexico,4987.040832507677,3962.955909682575,512.0424614125509
álzaga,1,2,512.0424614125509,argentina,4987.040832507677,3962.955909682575,512.0424614125509
ávila_camacho,1,2,512.0424614125509,mexico,4987.040832507677,3962.955909682575,512.0424614125509
