familia_grupo,n,mean_degree,sd_degree,mean_between,n_paises,n_bridges_out,n_internal,closure_index,constraint_proxy,reach,country
abal_medina,5,1.4,0.8944271909999161,8.2,1,1,10,0.909008271975275,29.181494661921715,1,argentina
acevedo_colombia,15,1.6666666666666667,1.0465362369445672,3,1,3,54,0.9473518008455992,5.390297464563784,3,colombia
acosta,2,0,0,0,1,0,0,0,0,0,venezuela
acosta_del_castillo,2,0,0,0,1,0,0,0,0,0,colombia
acurio,6,0.6666666666666666,0.816496580927726,0.16666666666666666,1,0,10,0.9999000099990002,-1.5136226034308777,0,peru
acuña,10,1.7,1.1595018087284057,17.2,1,5,32,0.8648414907705197,28.859060402684563,2,peru
acuña_argentina,10,0.7,1.0593499054713802,0.8,1,1,12,0.9230059226213368,-7.692307692307692,1,argentina
aguilar,17,2.1176470588235294,1.6538724611187705,25.94117647058824,1,4,78,0.9512079120986329,21.902544341185376,3,mexico
alarco,27,0.8888888888888888,0.8915558282417285,2.3703703703703707,2,4,60,0.9374853517913782,-48.992089818831325,2,peru
alayza,8,1.125,0.8345229603962802,0.625,1,1,24,0.9599616015359386,8.76424189307625,1,peru
albarracín,1,0,,0,1,0,0,0,0,0,argentina
alegría,7,2.857142857142857,1.3451854182690985,1.8571428571428572,2,0,48,0.9999791671006855,0.6997362532583872,0,peru
alemann,7,1.8571428571428572,1.5735915849388862,7.571428571428571,1,1,26,0.9629272989889263,9.500883505339443,1,argentina
alemán,8,2,1.0690449676496976,1.25,1,0,42,0.9999761910430705,1.2487512487512489,0,mexico
aliaga,7,0.5714285714285714,0.7867957924694432,0.14285714285714288,1,0,12,0.9999166736105325,-1.1762728953117125,0,peru
allamand,7,1.8571428571428572,0.8997354108424372,1179.7142857142858,1,3,26,0.8965208096272542,1480.345207303644,3,chile
allende,20,2.3,1.6575187543592473,10.7,1,2,98,0.979990200097999,7.152406417112301,1,chile
allende_argentina,5,0.8,0.8366600265340756,0.2,1,0,6,0.9998333611064822,-2.5316455696202538,0,argentina
alpoim,3,1,0,0,1,1,2,0.6664445184938355,0,1,argentina
alsogaray,6,1.1666666666666667,0.983192080250175,0.8333333333333334,1,1,16,0.9411211105229104,8.484162895927598,1,argentina
althaus,12,2.6666666666666665,1.3026778945578592,3.7499999999999996,1,0,62,0.9999838712278835,1.686740966565046,0,peru
alva,6,0.33333333333333337,0.5163977794943223,0,1,0,6,0.9998333611064822,-0,0,peru
alvear,16,1.6875,1.579820664927932,4.125,1,3,52,0.9454373556844421,7.098873322756729,3,argentina
alzamora,11,0.7272727272727273,0.904534033733291,0.9090909090909091,1,0,24,0.999958335069372,-9.260038723798301,0,peru
amador,6,1.3333333333333333,0.816496580927726,0.5,1,0,18,0.9999444475306927,2.2399203583872582,0,colombia
ameghino,4,0,0,0,1,0,0,0,0,0,argentina
amez,9,0.2222222222222222,0.44095855184409843,0,1,0,6,0.9998333611064822,-0,0,peru
amunátegui,11,1.2727272727272727,1.009049958219026,0.6363636363636364,1,0,26,0.9999615399407714,3.6456607168221207,0,chile
anchorena,12,0.33333333333333337,0.49236596391733095,0,1,0,4,0.9997500624843788,-0,0,argentina
anexos:familias_de_colombia,4,0,0,0,1,0,0,0,0,0,colombia
angelini,3,1,1,1.3333333333333335,1,1,6,0.857020425653478,1333.3333333333335,1,chile
angulo,4,0.75,0.9574271077563381,0.25,1,1,6,0.857020425653478,-2.6954177897574123,1,colombia
antúnez,4,2,0.816496580927726,0.5,2,0,18,0.9999444475306927,0.4995004995004996,0,peru
anzoátegui,5,0.4,0.5477225575051662,0,1,0,6,0.9998333611064822,-0,0,argentina
aramburú,11,1.8181818181818181,1.4709304414677,2.1818181818181817,1,0,48,0.9999791671006855,2.929394924601369,0,peru
araníbar,2,1,0,0,1,0,6,0.9998333611064822,0,0,peru
arboleda,56,2.035714285714286,1.7158542607563867,15.604166666666666,2,7,232,0.9707072355345794,14.787747214580072,3,colombia
arenas,9,1.1111111111111112,1.2692955176439846,1.4444444444444442,1,0,26,0.9999615399407714,23.026963196221203,0,peru
argáez,8,1,1.1952286093343936,2.125,1,4,18,0.8181446297895549,2125,1,colombia
arroyo,8,1.75,1.2817398889233114,0.5,1,0,32,0.999968750976532,0.7607455306200076,0,colombia
arrubla,4,0,0,0,1,0,0,0,0,0,colombia
aráoz,15,0.4,0.632455532033676,0.06666666666666667,2,0,6,0.9998333611064822,-0.5602240896358543,0,argentina
astete,10,0.6,0.8432740427115678,0.4,1,0,18,0.9999444475306927,-3.3613445378151265,0,peru
astigueta,4,1.25,0.5,0.25,1,1,4,0.7998400319936012,1.589825119236884,1,argentina
augier,4,0.25,0.5,0,1,1,0,0,-0,1,argentina
avellaneda,9,1.1111111111111112,0.927960727138337,0.8888888888888888,1,0,28,0.9999642869897504,14.17043888998228,0,argentina
awad,2,0,0,0,1,0,0,0,0,0,chile
awada,5,1.4,0.8944271909999159,1.8,1,1,14,0.9332711152589828,6.405693950177938,1,argentina
ayala,5,1.8,1.3038404810405297,7.6,1,2,22,0.916628473813591,10.540915395284326,1,colombia
ayerbe,4,0,0,0,1,0,0,0,0,0,colombia
aylwin,12,3,1.348399724926484,21.416666666666664,2,5,66,0.929564372332784,7.13651005220482,1,chile
azcuénaga,10,2.3,0.8232726023485646,39.7,1,1,58,0.9830341858612567,26.537433155080222,1,argentina
azcárraga,8,0.75,0.8864052604279183,0.5,1,0,16,0.9999375039060058,-5.390835579514825,0,mexico
azuola,7,1.4285714285714286,1.618347187425374,38.666666666666664,1,16,12,0.4285561229956073,125.89983830597824,2,colombia
bachelet,5,3,0,108.60000000000001,1,1,28,0.9654839488293506,36.187937354215265,1,chile
baduel,3,1.3333333333333333,0.5773502691896257,0.33333333333333337,1,0,12,0.9999166736105325,1.4932802389248387,0,venezuela
baillères,3,1.6666666666666667,1.1547005383792517,1,1,1,10,0.909008271975275,1.7967658215212612,1,mexico
balanta,13,0,0,0,1,0,0,0,0,0,colombia
balcarce,23,2.695652173913044,2.4759714825919734,15.280331262939958,1,36,98,0.7313378258371206,6.683010691017111,2,argentina
baldrich,4,0,0,0,1,0,0,0,0,0,argentina
ballivián,8,1.125,0.9910312089651149,6.5,1,1,24,0.9599616015359386,91.14811568799298,1,bolivia
balmaceda,25,1.84,1.7720045146669348,6.319999999999999,1,0,104,0.9999903847078393,8.167485138278623,0,chile
balta,6,1.3333333333333333,0.816496580927726,0.5,1,0,20,0.999950002499875,2.2399203583872582,0,peru
barco,9,0.8888888888888888,1.1666666666666667,0.22222222222222218,1,0,22,0.9999545475205672,-4.593008420515435,0,colombia
barrantes,3,0,0,0,1,0,0,0,0,0,peru
barraquer,12,1.5,1.3142574813455419,1.5,1,0,44,0.9999772732437899,3.9893617021276597,0,colombia
barreda,3,1.3333333333333333,0.5773502691896257,0.33333333333333337,1,0,12,0.9999166736105325,1.4932802389248387,0,peru
barrenechea_chile,6,0.33333333333333337,0.5163977794943223,0,1,0,4,0.9997500624843788,-0,0,chile
barrientos,11,1.2727272727272727,1.009049958219026,0.6363636363636365,1,0,34,0.9999705891003207,3.645660716822121,0,colombia
basadre,6,1.3333333333333333,0.816496580927726,0.5,1,0,22,0.9999545475205672,2.2399203583872582,0,peru
batlle,15,2.2666666666666666,1.533747356112131,2.7288888888888887,2,10,72,0.8780380727064303,1.899605537937969,1,uruguay
bedoya,12,0.6666666666666667,0.7784989441615229,0.33333333333333337,1,0,24,0.999958335069372,-3.0272452068617564,0,peru
beingolea,3,1.3333333333333333,0.5773502691896257,0.33333333333333337,1,0,12,0.9999166736105325,1.4932802389248387,0,peru
belaúnde,36,1.7222222222222223,1.578627090881027,6.361111111111111,1,0,134,0.9999925373691241,10.211867765974311,0,peru
belgrano,15,0.9333333333333331,1.3345232785352157,4.866666666666667,2,2,28,0.9333022232592246,-161.6236162361619,1,argentina
bello,13,2.1538461538461537,2.034951016861497,11.038461538461537,1,12,50,0.8064386058289382,8.876190113670427,2,chile
bemberg,2,0,0,0,1,0,0,0,0,0,argentina
benavides_chile,4,0.5,0.5773502691896257,0,1,0,4,0.9997500624843788,-0,0,chile
benavides_perú,17,0.9411764705882353,0.8269362305593853,0.41176470588235303,1,2,38,0.9499762505937352,-15.432499027363509,2,peru
benegas,8,0.875,1.1259916264596033,9.125,1,1,10,0.909008271975275,-169.965075669383,1,argentina
berckemeyer,2,0,0,0,1,0,0,0,0,0,peru
berrío,8,0.75,0.7071067811865476,0.125,1,0,18,0.9999444475306927,-1.3477088948787062,0,colombia
bichir,10,1.6,0.9660917830792959,6.6,1,0,40,0.9999750006249845,13.721413721413718,0,mexico
bielsa,5,1.4,1.140175425099138,8.2,1,3,6,0.6665926008221309,29.181494661921715,3,argentina
billinghurst,7,1.2857142857142858,1.3801311186847083,1.857142857142857,2,1,18,0.9473185621809378,10.0563598187645,1,argentina
bitar,3,2.6666666666666665,1.1547005383792515,3.666666666666667,1,2,16,0.8888395089161713,1.649257833974712,2,chile
blanco,6,1.6666666666666665,1.2110601416389968,2.166666666666667,1,0,30,0.9999666677777407,3.892992613296069,0,uruguay
blanco_venezuela,3,1.3333333333333333,0.5773502691896257,0.33333333333333337,2,0,12,0.9999166736105325,1.4932802389248387,0,venezuela
blaquier,6,0,0,0,1,0,0,0,0,0,argentina
bodega_y_quadra,3,0,0,0,1,0,0,0,0,0,peru
bolaños_cacho,12,1.1666666666666665,0.8348471099367218,0.75,1,0,36,0.9999722229938058,7.635746606334849,0,mexico
bolognesi,7,1.1428571428571428,1.0690449676496976,1.1428571428571428,1,0,24,0.999958335069372,13.83057545072858,0,peru
bolívar,9,0.8888888888888888,1.615893285805443,6.333333333333332,2,13,2,0.13332444503699753,-130.9007399846899,2,venezuela
bordaberry,5,2.2,1.0954451150103321,109.2,1,1,26,0.9629272989889263,82.66464799394397,1,uruguay
borensztein,7,1.7142857142857142,0.7559289460184545,4.428571428571429,1,0,28,0.9999642869897504,7.2215381543479,0,argentina
boric,2,0,0,0,1,0,0,0,0,0,chile
borja,59,1.1355932203389831,1.305923205201699,3.966101694915255,2,1,154,0.9935419771485345,50.85438759986884,1,colombia
borrero,39,1.4615384615384615,1.7747669060612445,4.717948717948719,4,5,122,0.9606223573042731,13.946952602517689,5,colombia
botana,6,1,0.6324555320336759,0.16666666666666669,1,0,14,0.9999285765302479,166.66666666666669,0,argentina
boulton_venezuela,7,0,0,0,1,0,0,0,0,0,venezuela
boza_de_lima,7,0.5714285714285714,0.7867957924694431,0.14285714285714288,2,0,12,0.9999166736105325,-1.1762728953117125,0,peru
bracho,7,1.1428571428571428,0.37796447300922725,0.14285714285714288,1,0,16,0.9999375039060058,1.7288219313410729,0,mexico
braun,8,0.25,0.4629100498862757,0,1,0,2,0.9995002498750625,-0,0,argentina
brescia,6,0.6666666666666666,0.5163977794943223,0,1,0,8,0.9998750156230471,-0,0,peru
brigard,7,0.2857142857142857,0.48795003647426655,0,1,0,6,0.9998333611064822,-0,0,colombia
brown,6,1.3333333333333333,1.0327955589886446,1.3333333333333335,1,0,20,0.999950002499875,5.973120955699355,0,argentina
bulgheroni,4,0.75,0.5,0,1,1,6,0.857020425653478,-0,1,argentina
bullrich,12,1.0833333333333335,1.0836246694508316,1.0833333333333335,2,1,34,0.971400817119511,23.479831426851252,1,argentina
bulnes,22,2.1818181818181817,1.8162327215148668,18.015151515151516,1,4,96,0.959990400095999,13.962460740921042,3,chile
bunge,15,1.4,1.121223821162776,4,1,1,54,0.9818003309030745,14.234875444839862,1,argentina
bunster,6,2,1.6733200530681511,3.166666666666667,1,6,22,0.7856862254919467,3.1635031635031643,1,chile
bustamante,11,0.9090909090909091,1.300349603340998,7.7272727272727275,2,9,14,0.608669188296161,-191.63763066202085,2,peru
cabal,16,0.9375,0.9287087810503355,0.15625,2,5,28,0.848459137601891,-5.521811154058532,1,colombia
caballero,10,1.3,1.1595018087284057,12.3,1,1,34,0.971400817119511,62.75510204081632,1,colombia
cabello,8,1,1.1952286093343936,0.25,1,0,20,0.999950002499875,250,0,venezuela
cafferata,5,0,0,0,2,0,0,0,0,0,peru
cafiero,4,1.75,0.9574271077563381,2,1,1,18,0.9473185621809378,3.0429821224800304,1,argentina
caicedo,48,2.1875,2.169971565653495,22.744228468138825,3,46,164,0.7809486621492279,17.49787378091917,11,colombia
calderón_colombia,22,1.6818181818181819,1.4924050144892729,18.68181818181818,1,7,84,0.9230667794859396,32.527051916657065,1,colombia
calderón_hinojosa,5,2.4,1.140175425099138,1247.2,1,2,20,0.9090495886550611,741.9393218322429,2,mexico
camacho,24,0.6666666666666666,0.6370220572706061,0.125,1,2,40,0.9523582771838767,-1.1352169525731584,2,colombia
camargo,11,1.727272727272727,1.7939291563999449,1.9545454545454544,2,5,42,0.8935980085530095,3.1068956004256387,1,colombia
cambaceres,8,1.5,1.4142135623730951,0.5,1,0,34,0.9999705891003207,1.3297872340425532,0,argentina
campero,24,0.6666666666666667,0.761386987626881,0.8333333333333335,4,0,44,0.9999772732437899,-7.568113017154391,0,argentina
canaveris,8,0,0,0,1,0,0,0,0,0,argentina
candioti,11,0.7272727272727273,0.6466697906828632,0.0909090909090909,1,0,16,0.9999375039060058,-0.92600387237983,0,argentina
cano,13,2.3846153846153846,1.5021352323976216,35.46153846153846,2,12,62,0.8378265158578938,21.46728325852799,3,colombia
cantilo,3,0,0,0,1,0,0,0,0,0,argentina
cantoni-bravo,5,0.39999999999999997,0.5477225575051662,0,1,0,4,0.9997500624843788,-0,0,argentina
capetillo,6,1.6666666666666667,1.0327955589886446,2.333333333333333,1,0,22,0.9999545475205672,4.192453583549609,0,mexico
capriles,7,0.2857142857142857,0.48795003647426655,0,1,0,4,0.9997500624843788,-0,0,venezuela
caputo,4,0.25,0.5,0,1,1,0,0,-0,1,argentina
caro,17,2.5294117647058822,2.6248249241335966,28.107843137254903,1,8,90,0.918357975939021,14.524095175600928,3,colombia
carranza,19,0.8421052631578947,0.8983415518941831,0.9473684210526314,1,0,44,0.9999772732437899,-14.467617073480259,0,mexico
carreño,8,1.375,0.5175491695067657,0.5,2,8,20,0.7142602049926788,1.931900507123883,2,colombia
carrillo_de_albornoz,14,0.28571428571428575,0.6112498455021266,0.07142857142857144,1,0,12,0.9999166736105325,-0.7069278933548779,0,peru
carrizosa,6,1.1666666666666667,0.983192080250175,0.4166666666666667,1,5,12,0.7058408328921828,4.242081447963799,1,colombia
carvajal,3,0,0,0,1,0,0,0,0,0,colombia
carvajal_y_vargas,23,1.826086956521739,1.556574733569118,8.652173913043478,2,0,82,0.9999878050267679,11.455989427550943,0,chile
casares,3,0,0,0,1,0,0,0,0,0,argentina
casas,5,1.4,0.5477225575051661,12.2,1,1,12,0.9230059226213368,43.416370106761576,1,colombia
castaño_gil,3,0,0,0,1,0,0,0,0,0,colombia
castelli,3,1.3333333333333333,0.5773502691896257,0.33333333333333337,1,0,8,0.9998750156230471,1.4932802389248387,0,argentina
castillo_guevara,4,0,0,0,1,0,0,0,0,0,colombia
castro_taboada,4,1.5,1,0.75,1,0,18,0.9999444475306927,1.9946808510638299,0,peru
cavada,9,0,0,0,1,0,0,0,0,0,chile
cayo,7,0.5714285714285714,0.5345224838248488,0,1,4,6,0.5999400059994001,-0,1,peru
cerrón,6,1.6666666666666667,1.3662601021279464,0.16666666666666669,1,0,28,0.9999642869897504,0.29946097025354357,0,peru
chadwick,18,0.8888888888888888,1.0226199851298272,8.388888888888891,1,4,28,0.8749726571044656,-173.38606787445775,4,chile
char,11,1.2727272727272727,1.009049958219026,0.6363636363636365,1,2,26,0.9285382664904824,3.645660716822121,2,colombia
chaux,5,0,0,0,2,0,0,0,0,0,colombia
checa,1,0,,0,1,0,0,0,0,0,peru
chirinos,4,1,0.816496580927726,0.25,1,0,8,0.9998750156230471,250,0,peru
choquehuanca,6,0,0,0,2,0,0,0,0,0,bolivia
chávez,16,3.625,2.6801741236966925,6.625,1,0,124,0.9999919355489069,1.3921540300232462,0,venezuela
cházaro,4,0,0,0,1,0,0,0,0,0,mexico
cisneros,20,1.5,1.1920791213585393,6.35,1,12,58,0.8285595920058284,16.888297872340424,3,peru
cisneros_venezuela,4,2.25,0.9574271077563381,6.5,1,1,22,0.9564801530368244,4.618937644341802,1,venezuela
claro_chile,14,1.5,1.5063966175050876,16,1,8,32,0.7999800004999875,42.5531914893617,7,chile
cock,4,0,0,0,1,0,0,0,0,0,colombia
concha,4,1,0.816496580927726,0.25,2,0,10,0.9999000099990002,250,0,colombia
concha_chile,43,1.069767441860465,1.3344402935350712,9.063953488372093,1,10,96,0.905651833473269,236.5488574291807,5,chile
coni,3,0,0,0,1,0,0,0,0,0,argentina
copello,2,0,0,0,1,0,0,0,0,0,peru
corcuera,3,0.6666666666666666,0.5773502691896258,0,1,0,6,0.9998333611064822,-0,0,peru
cordovéz,5,0.39999999999999997,0.5477225575051662,0,2,4,0,0,-0,1,colombia
cornejo_argentina,8,1,0.7559289460184544,0.5,1,0,22,0.9999545475205672,500,0,argentina
coronel_méxico,8,1.5,1.5118578920369088,2.375,1,0,34,0.9999705891003207,6.316489361702128,0,mexico
cortés_de_monroy,11,0.3636363636363636,0.67419986246324215,0.0909090909090909,1,2,4,0.6665555740709881,-0.7925643057857193,2,chile
cousiño,10,1,1.0540925533894598,0.2,1,0,20,0.999950002499875,200,0,chile
creel-terrazas,6,0,0,0,1,0,0,0,0,0,mexico
cruz-coke,7,1.7142857142857142,0.9511897312113419,2.0714285714285716,1,2,22,0.916628473813591,3.377816233485308,1,chile
cruz_chile,28,2.1428571428571432,1.9189944456771317,10.624404761904763,2,16,104,0.8666594445046291,8.669517116577016,5,chile
cruzat,8,0,0,0,1,0,0,0,0,0,chile
cuervo,12,1.5,0.9045340337332909,0.33333333333333337,1,0,42,0.9999761910430705,0.8865248226950355,0,colombia
cueto,3,1.6666666666666667,0.5773502691896257,16.333333333333332,1,1,12,0.9230059226213368,29.347175084847265,1,chile
cueto_caballero,5,2.8,1.0954451150103321,0.6,1,0,34,0.9999705891003207,0.23800079333597782,0,peru
cullen,4,0,0,0,1,0,0,0,0,0,argentina
cáceres_velásquez,5,0.4,0.5477225575051662,0,1,0,6,0.9998333611064822,-0,0,peru
cámpora,3,0,0,0,1,0,0,0,0,0,argentina
cárdenas,7,2.5714285714285716,1.3972762620115438,0.8571428571428572,1,0,34,0.9999705891003207,0.4240325495461842,0,mexico
daract,5,0.8,0.8366600265340756,0.2,1,0,12,0.9999166736105325,-2.5316455696202538,0,argentina
de_greiff,6,0.6666666666666666,0.5163977794943223,0,1,0,12,0.9999166736105325,-0,0,colombia
de_habich,7,1.2857142857142858,1.3801311186847085,1.8571428571428572,2,3,22,0.8799648014079436,10.0563598187645,1,peru
de_la_espriella,10,0,0,0,1,0,0,0,0,0,colombia
de_la_puente,11,0.9090909090909091,1.0444659357341868,0.1818181818181818,1,0,24,0.999958335069372,-4.509120721459313,0,peru
de_la_rúa,7,2.2857142857142856,0.951189731211342,2.7142857142857144,2,0,34,0.9999705891003207,1.8459659398464938,0,argentina
de_la_torre,7,0.5714285714285714,0.7867957924694431,0.14285714285714288,1,0,12,0.9999166736105325,-1.1762728953117125,0,peru
de_los_heros,6,0,0,0,1,0,0,0,0,0,peru
de_rosenzweig_díaz,2,0,0,0,1,0,0,0,0,0,mexico
de_solminihac,2,0,0,0,1,0,0,0,0,0,chile
de_valverde,6,0.6666666666666667,0.816496580927726,0.16666666666666669,1,0,8,0.9998750156230471,-1.5136226034308782,0,peru
del_carril,8,1.25,1.164964745021435,2.5,2,2,18,0.8999550022498874,15.89825119236884,2,argentina
del_mazo,5,1.4,0.8944271909999161,1.4,1,1,16,0.9411211105229104,4.982206405693951,1,mexico
del_río,2,0,0,0,1,0,0,0,0,0,peru
del_río_chile,1,0,,0,1,0,0,0,0,0,chile
del_solar,20,1.1,0.8522416262267903,4.15,2,2,54,0.9642684952054428,74.10714285714279,2,peru
delgado_parker,2,0,0,0,1,0,0,0,0,0,peru
denegri,5,0,0,0,1,0,0,0,0,0,peru
derbez,15,1.6,1.45405835999994,8.8,1,0,58,0.9999827589179497,18.295218295218294,0,mexico
di_girolamo,16,2.125,1.6278820596099706,384.9375,1,4,70,0.9459331630653639,321.77002246486603,4,chile
di_palma,8,0,0,0,1,0,0,0,0,0,argentina
di_tella,8,0.75,0.7071067811865476,0.125,1,0,14,0.9999285765302479,-1.3477088948787062,0,argentina
dibós,4,0.5,0.5773502691896257,0,1,0,6,0.9998333611064822,-0,0,peru
diez_canseco,33,1.121212121212121,1.0534934669225458,0.40909090909090906,3,13,84,0.8659704539128462,5.932959554661807,2,peru
dosamantes_rul,2,1,0,0,1,0,6,0.9998333611064822,0,0,mexico
drago,8,1,1.0690449676496976,1,1,0,20,0.999950002499875,1000,0,peru
duque,7,1.4285714285714286,0.9759000729485331,2.4285714285714284,1,0,22,0.9999545475205672,7.9075021596119335,0,colombia
durand,6,0,0,0,1,0,0,0,0,0,peru
durand_argentina,4,0,0,0,1,0,0,0,0,0,argentina
durán_colombia,9,1.3333333333333335,1.5811388300841898,3.333333333333333,1,8,22,0.7333088897036765,14.932802389248373,1,colombia
durán_reveles,3,0,0,0,1,0,0,0,0,0,mexico
dávila,8,0.5,0.7559289460184544,0.125,1,0,12,0.9999166736105325,-1.0080645161290323,0,colombia
díaz,9,1.7777777777777777,0.97182531580755,2.4444444444444446,1,0,42,0.9999761910430705,3.5306075141313467,0,mexico
díaz_ceballos,8,1.25,1.0350983390135313,15.5,1,2,18,0.8999550022498874,98.5691573926868,2,mexico
díaz_de_león,8,0,0,0,1,0,0,0,0,0,mexico
díaz_del_castillo,3,0,0,0,2,0,0,0,0,0,colombia
díaz_granados,5,0,0,0,2,0,0,0,0,0,colombia
díaz_infante,2,0,0,0,1,0,0,0,0,0,mexico
díaz_lombardo,6,0.8333333333333333,1.1690451944500122,1.8333333333333333,1,1,8,0.8887901344295079,-26.785714285714274,1,mexico
díaz_ordaz,6,2.1666666666666665,0.752772652709081,6.333333333333333,1,4,20,0.83329861255781,5.00702740688686,3,mexico
díaz_vélez,7,0.8571428571428571,0.8997354108424372,1,1,3,8,0.72720661758022,-16.60454083361572,2,argentina
díez_marina,3,0.33333333333333337,0.5773502691896258,0,1,1,0,0,-0,1,mexico
eastman,2,1,0,0,1,0,6,0.9998333611064822,0,0,colombia
echagüe,2,0,0,0,1,0,0,0,0,0,argentina
echandía,4,0.5,0.5773502691896257,0,1,0,6,0.9998333611064822,-0,0,colombia
echaurren,40,2.45,2.0624854311839766,181.59375,1,11,222,0.9527856103621872,102.17681811787874,2,chile
echavarría,9,1.3333333333333335,1.3228756555322954,2.333333333333333,1,0,32,0.999968750976532,10.45296167247386,0,colombia
echenique,13,1.6923076923076923,1.3774744634423888,29.833333333333332,2,12,44,0.785700255352583,50.840820552121464,3,chile
eder,4,1,0.816496580927726,0.29166666666666663,1,5,0,0,291.66666666666663,3,colombia
edwards,36,1.3055555555555558,1.5458598059599513,16.083333333333336,1,3,104,0.97195353314455,80.23218217370545,3,chile
eguiguren,13,1.6153846153846154,1.325296290046213,2.1538461538461537,2,1,52,0.9811135638950209,4.324632584443203,1,peru
elmore,5,1.6,0.8944271909999159,1.6,1,0,24,0.999958335069372,3.326403326403326,0,peru
eléspuru,6,1.6666666666666667,1.2110601416389968,1,1,0,28,0.9999642869897504,1.7967658215212612,0,peru
elías,8,1.625,1.0606601717798212,21.875,1,4,22,0.8461213030268067,42.99226139294927,3,peru
elías-calles,9,0.6666666666666667,1,0,1,0,16,0.9999375039060058,-0,0,mexico
elías-gonzález,1,0,,0,1,0,0,0,0,0,mexico
errázuriz,70,1.4,1.8289143053275856,153.96785714285716,1,27,166,0.8600991704706193,547.9283172343672,6,chile
escalada,4,2.25,2.5,8.8125,1,10,4,0.28569387900864224,6.262213537040328,3,argentina
escalada_(de_burgos),4,1,0.816496580927726,0.25,2,0,8,0.9998750156230471,250,0,argentina
escobar_gaviria,8,0.5,0.7559289460184544,0.125,1,0,8,0.9998750156230471,-1.0080645161290323,0,colombia
esguerra,8,0,0,0,2,0,0,0,0,0,colombia
estenssoro,5,0.4,0.5477225575051662,0,2,0,6,0.9998333611064822,-0,0,bolivia
estrada,5,0.39999999999999997,0.5477225575051662,0,1,0,6,0.9998333611064822,-0,0,argentina
estrada_ecuador,7,2,1.1547005383792515,1.4285714285714284,1,0,28,0.9999642869897504,1.4271442842871414,0,ecuador
etcheberry,5,0.8,0.8366600265340756,0.2,1,0,8,0.9998750156230471,-2.5316455696202538,0,chile
falú,4,0,0,0,1,0,0,0,0,0,argentina
familias_fundadoras_de_chile,1,0,,0,1,0,0,0,0,0,chile
farfán,8,1.25,1.0350983390135313,2,1,0,20,0.999950002499875,12.718600953895072,0,peru
farías,7,0.42857142857142855,0.7867957924694431,1.142857142857143,1,1,4,0.7998400319936012,-9.410183162493702,1,mexico
febres-cordero,8,1.125,0.9910312089651149,0.5,2,1,22,0.9564801530368244,7.011393514460999,1,venezuela
feliú,3,0,0,0,1,0,0,0,0,0,chile
fernandini,3,0,0,0,1,0,0,0,0,0,peru
fernández-maldonado,2,0,0,0,1,0,0,0,0,0,peru
fernández_chicarro,3,0,0,0,1,0,0,0,0,0,mexico
fernández_cornejo,1,0,,0,1,0,0,0,0,0,peru
fernández_de_jáuregui,4,0,0,0,1,0,0,0,0,0,mexico
fernández_de_soto,1,0,,0,1,0,0,0,0,0,colombia
fernández_veraud,5,1.6,0.5477225575051661,2,1,0,20,0.999950002499875,4.158004158004157,0,mexico
ferrero,6,0.6666666666666667,0.816496580927726,0.16666666666666669,1,0,12,0.9999166736105325,-1.5136226034308782,0,peru
ferreyros,13,1.6923076923076923,1.4935759876113537,3.384615384615384,1,0,54,0.9999814818244107,5.767931510855206,0,peru
flores_magón,8,1,1.0690449676496976,1,1,0,22,0.9999545475205672,1000,0,mexico
fontaina,5,0.8,0.8366600265340756,0.2,1,0,10,0.9999000099990002,-2.5316455696202538,0,uruguay
fontaine,6,1.1666666666666667,0.752772652709081,0.6666666666666667,1,1,16,0.9411211105229104,6.7873303167420795,1,chile
fontbona,6,2.3333333333333335,1.3662601021279464,1.25,1,7,26,0.7878549134874702,0.8030551788136198,1,chile
fortabat,9,1.7777777777777777,1.3017082793177757,2.111111111111111,1,0,34,0.9999705891003207,3.0491610349316174,0,argentina
frayssinet,7,1.8571428571428572,0.6900655593423541,2.8571428571428568,2,7,26,0.7878549134874702,3.5852390586186575,1,peru
frei,11,1.2727272727272727,1.4206272622267315,1.0909090909090908,1,0,36,0.9999722229938058,6.2497040859807775,0,chile
freire,16,2.5,1.8618986725025255,1.125,2,0,84,0.9999880953798168,0.599680170575693,0,chile
freundt,4,0,0,0,1,0,0,0,0,0,peru
frigerio,4,1,0.816496580927726,0.25,1,0,10,0.9999000099990002,250,0,argentina
fuentes_berain,5,0.8,0.8366600265340756,0.2,1,0,10,0.9999000099990002,-2.5316455696202538,0,mexico
fujimori,5,2,1.224744871391589,0.2,1,0,28,0.9999642869897504,0.19980019980019983,0,peru
galeana,4,0,0,0,1,0,0,0,0,0,mexico
galeano,9,1.5555555555555556,1.1303883305208782,34,1,9,26,0.7428359189737437,78.50403352241953,2,colombia
galilea,7,0.8571428571428571,0.8997354108424372,0.5714285714285714,1,0,18,0.9999444475306927,-9.48830904778041,0,chile
gallardo,6,0.6666666666666667,0.816496580927726,0.16666666666666669,1,0,8,0.9998750156230471,-1.5136226034308782,0,argentina
galleguillos,11,0,0,0,2,0,0,0,0,0,chile
galvis_galavís,6,1.3333333333333333,1.0327955589886446,1.3333333333333335,1,0,20,0.999950002499875,5.973120955699355,0,colombia
galán,17,3.0588235294117645,2.2768011615887245,31.235294117647058,1,9,104,0.9203458376474544,9.916630872173565,2,colombia
gandarillas,11,1.0909090909090908,0.9438798074485389,1.4545454545454546,1,0,30,0.9999666677777407,28.753471654958368,0,chile
garcés,16,0.375,0.6191391873668903,0.0625,1,0,14,0.9999285765302479,-0.5379236148466918,0,colombia
garcía-huidobro,30,1.1,1.373392477244478,5.583333333333333,1,8,58,0.8787745640217571,99.70238095238085,4,chile
garcía-mansilla,17,4.470588235294118,2.960524595802734,86.94117647058823,1,32,134,0.8072240528671514,11.205513651451707,4,argentina
garcía_calderón,5,1.2,1.0954451150103321,0.6,1,0,14,0.9999285765302479,4.9586776859504145,0,peru
garcía_de_león,6,0.33333333333333337,0.5163977794943223,0,1,0,6,0.9998333611064822,-0,0,mexico
garcía_de_sobrecasa,1,1,,0,1,1,0,0,0,1,argentina
garcía_de_zúñiga,11,2.272727272727273,2.0045403009622476,15.954545454545455,4,37,30,0.44775451112669956,11.023806396719982,1,argentina
garcía_godos,2,1,0,0,1,0,6,0.9998333611064822,0,0,peru
garcía_granados,8,0.25,0.4629100498862757,0,1,0,6,0.9998333611064822,-0,0,mexico
garcía_icazbalceta,6,1,0.6324555320336759,0.16666666666666669,1,0,12,0.9999166736105325,166.66666666666669,0,mexico
garcía_y_garcía,12,0.5,0.674199862463242,0.08333333333333333,1,0,16,0.9999375039060058,-0.6720430107526881,0,peru
garretón,9,0.6666666666666667,0.7071067811865476,0.11111111111111109,1,0,6,0.9998333611064822,-1.0090817356205852,0,chile
garrido-lecca,4,0,0,0,1,0,0,0,0,0,peru
garza_sada,8,1.625,1.1877349391654208,37.375,1,1,34,0.971400817119511,73.45534946566761,1,mexico
gastañeta,4,0,0,0,1,0,0,0,0,0,peru
gibson,6,1.3333333333333333,0.816496580927726,1.6666666666666665,2,0,22,0.9999545475205672,7.466401194624193,0,peru
gildemeister,2,0,0,0,1,0,0,0,0,0,peru
gilinski,3,0.6666666666666666,0.5773502691896258,0,1,0,6,0.9998333611064822,-0,0,colombia
gnecco,20,1.55,1.2343760409722457,3.974999999999999,1,8,66,0.8918798394616289,9.303686366296077,1,colombia
godoy,7,0,0,0,1,0,0,0,0,0,argentina
gonzález-olaechea,5,1.4,1.140175425099138,8.6,1,1,18,0.9473185621809378,30.6049822064057,1,peru
gonzález_de_cosío,12,0.75,0.8660254037844386,2.416666666666667,1,1,18,0.9473185621809378,-26.055705300988322,1,mexico
gonzález_del_valle,4,0,0,0,1,0,0,0,0,0,mexico
gonzález_guevara,3,0,0,0,1,0,0,0,0,0,mexico
gonzález_rojo,3,0.6666666666666666,0.5773502691896258,0,1,0,6,0.9998333611064822,-0,0,mexico
gonzález_torres,6,0.6666666666666666,0.5163977794943223,0,1,0,12,0.9999166736105325,-0,0,mexico
gonzález_vigil,5,0,0,0,1,0,0,0,0,0,peru
gorriti,5,0.4,0.894427190999916,0,3,2,0,0,-0,1,argentina
grau,6,1,0.8944271909999159,0.6666666666666667,2,0,14,0.9999285765302479,666.6666666666667,0,peru
graña,7,0.7142857142857143,1.1126972805283737,4.142857142857143,1,1,12,0.9230059226213368,-41.001817814582914,1,peru
groot,11,1.4545454545454546,0.6875516509523286,4.636363636363637,1,2,42,0.9545237608236177,13.982702325465466,2,colombia
guarello,6,0.6666666666666667,0.816496580927726,0.16666666666666669,1,0,10,0.9999000099990002,-1.5136226034308782,0,chile
guerrero,8,2,1.5118578920369088,1,1,0,24,0.999958335069372,0.9990009990009991,0,mexico
guevara,8,3.5,1.4142135623730951,1.75,2,0,52,0.9999807696005847,0.399908592321755,0,argentina
guilisasti,3,0,0,0,1,0,0,0,0,0,chile
guillermoprieto,2,0,0,0,1,0,0,0,0,0,mexico
gutiérrez_díaz,4,1.75,1.707825127659933,12.666666666666668,1,6,10,0.6249609399412537,19.272220109040195,1,colombia
gutiérrez_nájera,3,1.3333333333333333,0.5773502691896257,0.33333333333333337,1,0,10,0.9999000099990002,1.4932802389248387,0,mexico
gutiérrez_zamora,2,0,0,0,1,0,0,0,0,0,mexico
guzmán,1,0,,0,1,0,0,0,0,0,mexico
guízar,10,0,0,0,2,0,0,0,0,0,mexico
gálvez,10,0.8,1.0327955589886446,0.8,1,0,24,0.999958335069372,-10.126582278481015,0,peru
gómez,13,2,1.8708286933869707,2.6923076923076925,1,0,62,0.9999838712278835,2.6896180742334592,0,colombia
gómez-mont,5,1.2,1.0954451150103324,0.6,1,0,18,0.9999444475306927,4.9586776859504145,0,mexico
gómez-robledo,3,0,0,0,1,0,0,0,0,0,mexico
gómez-urquíza,1,0,,0,1,0,0,0,0,0,mexico
gómez_farías,3,1,0,0,1,1,6,0.857020425653478,0,1,mexico
gómez_maganda,2,1,0,0,1,0,6,0.9998333611064822,0,0,mexico
gómez_martínez,3,1.6666666666666667,0.5773502691896257,4.333333333333333,1,1,12,0.9230059226213368,7.785985226592132,1,colombia
gómez_venezuela,5,1,0.7071067811865476,0.2,1,1,12,0.9230059226213368,200,1,venezuela
güemes,11,0.45454545454545453,0.6875516509523286,0.0909090909090909,1,1,10,0.909008271975275,-0.7392969957658444,1,argentina
güiraldes,3,0.6666666666666666,0.5773502691896258,0,1,0,6,0.9998333611064822,-0,0,argentina
hales,3,1,0,0,1,1,6,0.857020425653478,0,1,chile
heber,6,1,0,0,1,0,18,0.9999444475306927,0,0,uruguay
heiremans,3,0,0,0,1,0,0,0,0,0,chile
heraud,3,0.6666666666666666,0.5773502691896258,0,1,0,2,0.9995002498750625,-0,0,peru
herrera,2,1.5,0.7071067811865476,4,1,1,4,0.7998400319936012,10.638297872340425,1,colombia
herrera_salcedo,2,1,0,0,1,0,6,0.9998333611064822,0,0,mexico
herrán,5,0.4,0.5477225575051662,0,1,0,4,0.9997500624843788,-0,0,colombia
hidalgo_y_costilla,4,0,0,0,1,0,0,0,0,0,mexico
hoke,3,0,0,0,1,0,0,0,0,0,peru
holguín,22,0.45454545454545453,0.6709817063202619,0.0909090909090909,1,2,20,0.9090495886550611,-0.7392969957658444,2,colombia
holmberg,5,0.8,0.8366600265340756,0.2,1,0,8,0.9998750156230471,-2.5316455696202538,0,argentina
humala,9,1.5555555555555556,1.2360330811826106,2.333333333333333,1,0,30,0.9999666677777407,5.387531712322909,0,peru
hurtado,3,0,0,0,1,0,0,0,0,0,colombia
ibáñez,7,1.7142857142857142,0.9511897312113419,3.8571428571428568,1,0,32,0.999968750976532,6.289726779593331,0,chile
ibáñez_colombia,5,0,0,0,1,0,0,0,0,0,colombia
illia,5,0.8,0.8366600265340756,0.2,1,0,6,0.9998333611064822,-2.5316455696202538,0,argentina
iommi,2,0,0,0,2,0,0,0,0,0,argentina
isaías,1,0,,0,1,0,0,0,0,0,ecuador
iturbide,17,1.176470588235294,1.878672873255448,3.588235294117647,2,0,22,0.9999545475205672,34.2368516623197,0,mexico
jara_saguier,8,0,0,0,1,0,0,0,0,0,paraguay
jaramillo_colombia,10,1.3,1.0593499054713802,152.3,1,7,28,0.7999771435101855,777.0408163265305,2,colombia
jattin,8,1.5,1.3093073414159542,1.375,1,0,28,0.9999642869897504,3.6569148936170213,0,colombia
jiménez_de_lobatón,3,1.3333333333333333,0.5773502691896257,0.33333333333333337,1,0,12,0.9999166736105325,1.4932802389248387,0,peru
justo,6,1,0.6324555320336759,0.16666666666666669,1,0,12,0.9999166736105325,166.66666666666669,0,argentina
kaiser,3,0,0,0,1,0,0,0,0,0,chile
kast,15,2.466666666666667,1.4573295865416043,39.2,1,1,78,0.9873292743129833,21.658788139235064,1,chile
kirchner,4,1.5,1,0,1,0,16,0.9999375039060058,0,0,argentina
lacroze,1,0,,0,1,0,0,0,0,0,argentina
lafinur,8,1.5,1.5118578920369088,0.5,2,0,30,0.9999666677777407,1.3297872340425532,0,argentina
lander,10,0.8,0.9189365834726815,1,1,0,18,0.9999444475306927,-12.658227848101268,0,venezuela
lanusse,8,0.25,0.4629100498862757,0,1,0,4,0.9997500624843788,-0,0,argentina
larco,9,0.4444444444444444,0.7264831572567789,0.11111111111111109,1,0,12,0.9999166736105325,-0.9073495312027421,0,peru
largacha,2,1,0,0,1,2,0,0,0,2,colombia
larrabure,3,0.6666666666666666,0.5773502691896258,0,1,0,4,0.9997500624843788,-0,0,peru
laserna,12,2.25,1.9128750375000738,5.097222222222224,1,3,54,0.9473518008455992,3.622115631353508,1,colombia
lavalle,37,1.3513513513513513,1.0856696913328097,3.5135135135135136,2,3,128,0.9770917779253593,14.737919348957776,2,peru
lavalleja,5,0.8,0.8366600265340756,0.2,1,0,6,0.9998333611064822,-2.5316455696202538,0,uruguay
lavín,16,1,1.2110601416389966,2.09375,1,2,32,0.9411487897414783,2093.75,1,chile
lebaron,5,0.8,0.44721359549995804,0,1,0,6,0.9998333611064822,-0,0,mexico
leguía,6,1,1.5491933384829668,0.4166666666666667,1,9,6,0.3999733351109926,416.6666666666667,1,peru
lemos,6,0.6666666666666666,0.816496580927726,0.16666666666666666,1,0,10,0.9999000099990002,-1.5136226034308777,0,colombia
lerdo_de_tejada,7,0,0,0,1,0,0,0,0,0,mexico
leyva,23,0.782608695652174,0.671262158456362,0.21739130434782608,2,10,32,0.7618866217471013,-2.585954891952059,3,colombia
lezica,3,0,0,0,1,0,0,0,0,0,argentina
león-velarde,5,1.2,0.44721359549995793,0.2,1,0,16,0.9999375039060058,1.6528925619834716,0,peru
león_barandiarán,10,0.2,0.42163702135578396,0,1,0,6,0.9998333611064822,-0,0,peru
lindley,2,0,0,0,1,0,0,0,0,0,peru
llaca,5,0,0,0,1,0,0,0,0,0,mexico
lleras,21,2,1.760681686165901,33.30848886563172,1,12,78,0.8666570371440316,33.27521365197975,1,colombia
llinás,4,0.25,0.5,0,1,1,0,0,-0,1,colombia
llona,9,0.6666666666666666,0.7071067811865476,0.1111111111111111,2,0,16,0.9999375039060058,-1.0090817356205852,0,peru
lloreda,1,0,,0,1,0,0,0,0,0,colombia
llosa,14,0.9285714285714285,0.9972489631508746,1.0714285714285716,1,6,22,0.7856862254919467,-33.31218274111672,4,peru
loret_de_mola,5,0.4,0.5477225575051662,0,2,0,2,0.9995002498750625,-0,0,mexico
lozano,13,1.3846153846153846,1.12089707663561,1.653846153846154,1,9,36,0.7999822226172753,6.1878722132435975,2,colombia
lugones,5,1.2,1.0954451150103321,0.6,1,0,14,0.9999285765302479,4.9586776859504145,0,argentina
luksic,7,1.7142857142857142,2.0586634591635513,6.7857142857142865,1,7,10,0.588200694076819,11.065260075210492,1,chile
luna,20,1.2,1.2396943596157717,1,1,0,66,0.9999848487144134,8.264462809917358,0,peru
luna_parra,1,0,,0,1,0,0,0,0,0,mexico
lópez,24,2.583333333333333,1.9318084941243565,10.708333333333332,1,0,136,0.9999926471128888,5.233434246073228,0,colombia
lópez-dóriga,14,0.1428571428571429,0.36313651960128146,0,1,0,6,0.9998333611064822,-0,0,mexico
lópez-moctezuma,3,0.6666666666666666,0.5773502691896258,0,1,0,4,0.9997500624843788,-0,0,mexico
lópez-portillo,11,1.0909090909090908,1.1361818036340359,2.2727272727272725,1,0,28,0.9999642869897504,44.92729946087244,0,mexico
lópez-rayón,6,1.6666666666666665,1.632993161855452,1.6666666666666667,1,0,30,0.9999666677777407,2.9946097025354375,0,mexico
lópez_carrillo,15,2,1.7728105208558367,6.733333333333333,2,0,72,0.9999861113040096,6.726606726606727,0,paraguay
lópez_negrete,8,1.25,1.2817398889233114,1.625,1,0,22,0.9999545475205672,10.333863275039745,0,mexico
lópez_venezuela,2,0,0,0,1,0,0,0,0,0,venezuela
mac_allister,4,1.5,1,0.75,1,0,10,0.9999000099990002,1.9946808510638299,0,argentina
maciel,8,0.625,0.7440238091428449,0.125,2,1,10,0.909008271975275,-1.0758472296933836,1,argentina
mackenna,25,1.16,1.2476644848141933,8.29,1,12,48,0.7999866668888852,88.37953091684439,5,chile
macri,4,0.5,0.5773502691896257,0,1,0,6,0.9998333611064822,-0,0,argentina
madariaga,5,0,0,0,2,0,0,0,0,0,colombia
madero,10,1.7,1.5670212364724205,4.9,1,3,38,0.9268066632521158,8.221476510067115,3,mexico
maduro,4,2,0,0.5,1,0,14,0.9999285765302479,0.4995004995004996,0,venezuela
mallarino,5,0.8,0.8366600265340756,0.2,1,0,12,0.9999166736105325,-2.5316455696202538,0,colombia
malo,3,0.33333333333333337,0.5773502691896258,0,1,1,0,0,-0,1,mexico
manrique,8,0.875,0.9910312089651149,2.125,1,1,14,0.9332711152589828,-39.58090803259604,1,colombia
mansilla,2,1,1.4142135623730951,0,1,2,0,0,0,1,argentina
mantilla,2,0,0,0,1,0,0,0,0,0,peru
maradona,8,0.75,1.0350983390135313,0,1,0,14,0.9999285765302479,-0,0,argentina
marcó_del_pont,7,0.5714285714285714,0.7867957924694431,0.14285714285714288,1,0,12,0.9999166736105325,-1.1762728953117125,0,argentina
mariátegui,13,1.5384615384615385,1.4500221041639683,0.46153846153846145,1,0,48,0.9999791671006855,1.1116019894825346,0,peru
mariño,3,0,0,0,1,0,0,0,0,0,colombia
martín_del_campo,9,0,0,0,1,0,0,0,0,0,mexico
martínez-silva,3,1.3333333333333333,0.5773502691896257,0.33333333333333337,1,0,10,0.9999000099990002,1.4932802389248387,0,colombia
martínez_de_hoz,6,0.33333333333333337,0.5163977794943223,0,1,0,4,0.9997500624843788,-0,0,argentina
massú,2,0,0,0,1,0,0,0,0,0,chile
mateos,8,0.5,0.5345224838248488,0,1,0,10,0.9999000099990002,-0,0,mexico
matta,10,0.9,0.7378647873726218,0.20000000000000004,1,1,22,0.9564801530368244,-4.545454545454548,1,chile
matte,43,1.6976744186046513,1.3546196746324923,11.686046511627906,1,19,134,0.8758112692073907,19.699612252917213,4,chile
maza,7,2.2857142857142856,1.2535663410560174,1.2857142857142856,1,0,34,0.9999705891003207,0.8744049188746548,0,argentina
mazuera,2,0.5,0.7071067811865476,0,1,1,0,0,-0,1,colombia
medina,1,0,,0,1,0,0,0,0,0,colombia
medina_mora,3,0,0,0,1,0,0,0,0,0,mexico
mediz_bolio,1,0,,0,1,0,0,0,0,0,mexico
melgar,6,0,0,0,1,0,0,0,0,0,peru
mendiburu,3,0,0,0,1,0,0,0,0,0,peru
mendoza_ladrón_de_guevara,5,0.6,0.5477225575051662,0,2,8,0,0,-0,1,chile
menem,4,0.5,0.5773502691896257,0,1,0,6,0.9998333611064822,-0,0,argentina
mera_figueroa,2,0,0,0,1,0,0,0,0,0,argentina
meruane,4,0.5,0.5773502691896257,0,2,0,4,0.9997500624843788,-0,0,chile
michelsen,3,0,0,0,1,0,0,0,0,0,colombia
mier_y_noriega,2,0,0,0,1,0,0,0,0,0,mexico
mier_y_terán,5,0.4,0.5477225575051662,0,1,0,4,0.9997500624843788,-0,0,mexico
miró_quesada,22,1.1818181818181819,1.0970247050377684,1.409090909090909,3,4,52,0.9285548472348708,12.994436399664654,2,peru
mitre,7,0.5714285714285714,0.7867957924694431,0.14285714285714288,1,0,10,0.9999000099990002,-1.1762728953117125,0,argentina
moctezuma,12,1.75,1.4847711791873706,5.333333333333334,2,13,32,0.7110953089931336,8.114618993280082,1,mexico
monagas,6,1.3333333333333333,1.0327955589886446,1.3333333333333335,1,0,20,0.999950002499875,5.973120955699355,0,venezuela
monckeberg,10,0.2,0.42163702135578396,0,1,0,4,0.9997500624843788,-0,0,chile
monreal,4,0,0,0,1,0,0,0,0,0,mexico
montero,6,0.6666666666666666,0.5163977794943223,0,2,0,8,0.9998750156230471,-0,0,chile
montes_de_oca,8,1,0.9258200997725514,0.375,1,0,12,0.9999166736105325,375,0,argentina
montesinos,2,0,0,0,1,0,0,0,0,0,peru
montt,48,1.3125,1.6263292435760475,6.75,2,1,148,0.9932819242823874,32.75456820077337,1,chile
morales_bermúdez,4,2,1.632993161855452,2.25,1,3,14,0.8234809717075465,2.247752247752248,1,peru
morandé,11,2.3636363636363638,2.802596198981483,2.8969696969696965,1,19,36,0.654533553935383,1.7964920912322777,1,chile
more,3,0.6666666666666666,0.5773502691896258,0,1,0,6,0.9998333611064822,-0,0,peru
moreno_valle,3,0.6666666666666666,0.5773502691896258,0,1,0,4,0.9997500624843788,-0,0,mexico
moreyra,4,0.75,0.5,0,1,1,6,0.857020425653478,-0,1,peru
mosquera,16,1,1.0954451150103321,0.5104166666666667,1,4,24,0.8571122459912146,510.41666666666674,1,colombia
moure,5,0,0,0,1,0,0,0,0,0,colombia
mujica,12,1.8333333333333333,1.1934162828797101,2.5,1,0,48,0.9999791671006855,3.2684485764090647,0,peru
mutis,7,0.2857142857142857,0.4879500364742666,0,1,0,6,0.9998333611064822,-0,0,colombia
muñoz_ledo,4,0.5,0.5773502691896257,0,1,0,6,0.9998333611064822,-0,0,mexico
málaga,16,1.375,2.0289570391377603,10.958333333333334,1,17,32,0.6530478969816943,42.34081944779844,2,peru
nariño,9,1.8888888888888888,1.964971020425266,1.2222222222222223,1,13,26,0.6666495730878695,1.454150203434145,2,colombia
navia,3,1,1,1,1,1,4,0.7998400319936012,1000,1,colombia
nazar,3,0,0,0,1,0,0,0,0,0,argentina
neyra,11,1.5454545454545454,0.8201995322647243,11.454545454545457,2,2,32,0.9411487897414783,27.112145693550602,1,peru
niño,17,0.3529411764705882,0.492592183071889,0,1,0,14,0.9999285765302479,-0,0,colombia
noble,4,0.5,0.5773502691896257,0,1,0,4,0.9997500624843788,-0,0,argentina
noboa,9,1.7777777777777777,0.8333333333333334,3,1,0,40,0.9999750006249845,4.333018312797561,0,ecuador
noriega,2,0,0,0,1,0,0,0,0,0,peru
o'donnell,22,1.2727272727272727,1.0319569104061783,1.3636363636363638,3,0,70,0.9999857144897929,7.812130107475974,0,colombia
o'gorman,7,0.8571428571428571,0.6900655593423541,0.14285714285714288,1,0,12,0.9999166736105325,-2.372077261945103,0,argentina
obligado,7,0.5714285714285714,0.5345224838248488,0,1,0,8,0.9998750156230471,-0,0,argentina
obregón,9,1,1.118033988749895,0.22222222222222215,1,1,22,0.9564801530368244,222.22222222222214,1,colombia
ocampo,12,0.6666666666666667,0.6513389472789297,0.08333333333333331,2,0,20,0.999950002499875,-0.7568113017154389,0,argentina
ocaña,1,0,,0,1,0,0,0,0,0,peru
ochagavía,4,0,0,0,1,0,0,0,0,0,chile
odriozola,3,1.6666666666666667,1.1547005383792517,1.6666666666666665,1,1,12,0.9230059226213368,2.9946097025354352,1,peru
olaechea,7,0.5714285714285714,0.7867957924694432,0.14285714285714288,1,0,14,0.9999285765302479,-1.1762728953117125,0,peru
olaya,1,0,,0,1,0,0,0,0,0,colombia
olmos,11,1.3636363636363638,1.2060453783110543,11.179976383265853,1,8,24,0.749976563232399,44.91142865028278,2,colombia
onassis,24,2.458333333333333,1.864523873636999,32.83333333333333,1,1,142,0.9930000489507066,18.306494391506533,1,argentina
oneto,3,1.3333333333333333,0.5773502691896257,0.33333333333333337,1,0,12,0.9999166736105325,1.4932802389248387,0,peru
orbegoso,6,0.8333333333333334,0.408248290463863,0,1,2,12,0.8570816370259268,-0,1,peru
orbegozo,2,0,0,0,1,0,0,0,0,0,colombia
orihuela,13,0.6153846153846154,0.7679476477883045,0.3076923076923077,3,0,22,0.9999545475205672,-2.6221572285815142,0,peru
ortiz_basualdo,12,0.25,0.45226701686664544,0,1,1,6,0.857020425653478,-0,1,argentina
ortiz_de_rozas,16,1.375,1.4548768561863463,28.8125,1,32,16,0.3333263890335618,111.32576672301377,4,argentina
ortiz_de_zevallos,7,0.42857142857142855,0.5345224838248487,0,1,1,6,0.857020425653478,-0,1,peru
ortiz_mena,5,0.8,0.8366600265340756,0.2,1,0,12,0.9999166736105325,-2.5316455696202538,0,mexico
ortiz_monasterio,5,0,0,0,1,0,0,0,0,0,mexico
osma,14,0.9285714285714285,0.9168747682531898,9.214285714285714,1,1,32,0.9696675858307324,-286.4847715736037,1,peru
ospina,35,2.5142857142857142,2.2012219677398517,32.18633525204954,2,12,184,0.9387707205575482,16.89861058567463,1,colombia
otálora,15,2.2,1.082325538564332,61.60000000000001,1,1,78,0.9873292743129833,46.63133989401968,1,argentina
otárola,2,0,0,0,1,0,0,0,0,0,peru
pachón,4,2,0.816496580927726,10.5,1,9,10,0.526288090100521,10.48951048951049,2,colombia
palacios_venezuela,12,1.9166666666666665,2.151461800448216,9.583333333333332,3,55,14,0.20289561020854768,10.896686775528254,2,venezuela
panizo,3,0,0,0,1,0,0,0,0,0,peru
pardo,9,1.4444444444444444,1.1303883305208782,6.888888888888889,2,3,14,0.8234809717075465,21.394885165446112,3,colombia
parra_chile,19,1.1052631578947367,0.936585811581694,2.6842105263157894,1,1,50,0.9803729338640419,45.363044801273396,1,chile
parís,20,2.1,1.9439514830419642,3.25,2,17,106,0.8617816115316135,2.8114186851211067,1,colombia
pastrana,1,0,,0,1,0,0,0,0,0,colombia
pavlovsky,7,0.5714285714285714,0.7867957924694431,0.14285714285714288,1,0,12,0.9999166736105325,-1.1762728953117125,0,argentina
paz,22,1.7727272727272727,1.7163587753985023,5.8181818181818175,2,10,82,0.8912946598406538,8.482336498144488,3,argentina
paz_soldán,10,1,0.816496580927726,0.5,2,0,26,0.9999615399407714,500,0,peru
pedraza,1,1,,0,1,1,0,0,0,1,argentina
pellegrini,3,1,1,6,1,1,6,0.857020425653478,6000,1,argentina
peralta_ramos,4,0.5,0.5773502691896257,0,1,0,2,0.9995002498750625,-0,0,argentina
perón,6,1.3333333333333335,1.3662601021279464,1,1,0,16,0.9999375039060058,4.479840716774512,0,argentina
petro,5,1.6,1.140175425099138,0.4,1,0,14,0.9999285765302479,0.8316008316008315,0,colombia
philippi,6,1,0.6324555320336759,0.16666666666666669,1,0,18,0.9999444475306927,166.66666666666669,0,chile
pinal_hidalgo,28,2.2857142857142856,1.6523191974188067,67.28571428571428,2,2,144,0.9862946144204492,45.760524087773604,2,mexico
pinasco,6,1.6666666666666667,0.816496580927726,0.33333333333333337,1,0,24,0.999958335069372,0.5989219405070871,0,peru
pinedo,6,0.5,0.8366600265340756,3.8333333333333335,1,1,2,0.6664445184938355,-30.913978494623656,1,argentina
pinochet,21,1.7142857142857142,1.764733893335115,0.8571428571428571,1,0,74,0.999986486669099,1.3977170621318515,0,chile
pinto_chile,50,1.2,1.4568627181693667,4.245333333333332,3,19,102,0.8429682399319014,35.08539944903581,9,chile
piraquive,4,1.5,1,0,1,0,16,0.9999375039060058,0,0,colombia
pizarro,33,1.303030303030303,1.610218317590205,7.151515151515152,3,15,82,0.8453521097720642,36.0407054500692,3,chile
pizarro_colombia,2,0.5,0.7071067811865476,0,1,1,0,0,-0,1,colombia
piérola,7,2,1.1547005383792515,1.4285714285714286,1,0,30,0.9999666677777407,1.4271442842871416,0,peru
piñera,5,0.2,0.44721359549995804,0,2,2,0,0,-0,1,chile
podestá,26,2.4615384615384617,1.859693936770655,22.615384615384617,2,0,184,0.999994565246928,12.565383060075154,0,argentina
polar,10,1.3,1.0593499054713802,6.6,1,1,34,0.971400817119511,33.67346938775509,1,peru
pombo,3,0,0,0,1,0,0,0,0,0,colombia
ponce_de_león,12,0.75,1.0552897060221726,0.16666666666666666,4,1,18,0.9473185621809378,-1.7969451931716083,1,uruguay
porras,5,0.8,0.8366600265340756,0.2,1,0,8,0.9998750156230471,-2.5316455696202538,0,peru
portales,30,1.3333333333333335,1.2685406585123125,41.43333333333333,2,4,90,0.9574366230146487,185.61473369835727,3,chile
portocarrero_perú,10,1.1,1.1972189997378648,0.6,1,3,24,0.8888559682974704,10.714285714285703,1,peru
portugal,5,0,0,0,1,0,0,0,0,0,peru
posse,4,0,0,0,1,0,0,0,0,0,argentina
prado,11,1.727272727272727,1.7372915179041826,4.333333333333333,1,16,20,0.5555401238854477,6.8881561373777735,1,peru
prebisch,4,0.5,0.5773502691896257,0,1,0,6,0.9998333611064822,-0,0,argentina
precht,3,0,0,0,1,0,0,0,0,0,chile
prieto,4,1,1.4142135623730951,16.75,1,9,0,0,16750,3,chile
puch,9,2.111111111111111,1.6158932858054431,3,1,1,40,0.9755859613180167,2.5557156529695733,1,argentina
pueyrredón,18,0.6666666666666666,0.9701425001453319,0.3333333333333333,1,0,26,0.9999615399407714,-3.0272452068617555,0,argentina
pumarejo,11,0.8181818181818181,0.873862897505303,1.4545454545454544,1,2,20,0.9090495886550611,-19.822052032886578,1,colombia
puyana,3,0,0,0,1,0,0,0,0,0,colombia
pérez-jácome,2,1,0,0,1,0,6,0.9998333611064822,0,0,mexico
pérez_companc,2,0,0,0,1,0,0,0,0,0,argentina
pérez_gavilán,3,0,0,0,1,0,0,0,0,0,mexico
pérez_manosalva,4,0,0,0,1,0,0,0,0,0,colombia
pérez_treviño,3,0.6666666666666666,0.5773502691896258,0,2,0,6,0.9998333611064822,-0,0,mexico
quesada,4,0,0,0,1,0,0,0,0,0,argentina
quijano,3,0,0,0,1,0,0,0,0,0,colombia
quintana,6,0.6666666666666666,0.5163977794943223,0,1,0,8,0.9998750156230471,-0,0,argentina
quintero,14,1.9285714285714284,2.017778127403648,1.5714285714285716,2,6,58,0.9062358400649989,1.7530279573809315,2,colombia
quispe,3,0,0,0,1,0,0,0,0,0,peru
quispe_palomino,3,0,0,0,1,0,0,0,0,0,peru
químper,2,1,0,0,1,0,4,0.9997500624843788,0,0,peru
ramos_mejía,4,0,0,0,1,0,0,0,0,0,argentina
ramírez,3,0,0,0,1,0,0,0,0,0,peru
rawson,3,1,0,0,1,2,2,0.4998750312421894,0,1,argentina
rebagliati,4,0,0,0,1,0,0,0,0,0,peru
remírez_de_laredo,5,0.8,0.8366600265340756,0.2,1,0,12,0.9999166736105325,-2.5316455696202538,0,peru
restrepo,30,0.4,0.5632418479750461,0.03333333333333333,2,11,24,0.6856946944373018,-0.2801120448179272,3,colombia
revueltas_sánchez,7,0.8571428571428571,0.6900655593423541,0.14285714285714288,1,0,18,0.9999444475306927,-2.372077261945103,0,mexico
reyes,8,0.75,0.8864052604279183,0.5,1,0,14,0.9999285765302479,-5.390835579514825,0,colombia
reyes_heroles,4,1,0.816496580927726,0.25,1,0,12,0.9999166736105325,250,0,mexico
reyes_larios,3,1.3333333333333333,0.5773502691896257,0.33333333333333337,1,0,12,0.9999166736105325,1.4932802389248387,0,mexico
reyes_retana,2,0,0,0,1,0,0,0,0,0,mexico
reyes_spíndola,4,0,0,0,1,0,0,0,0,0,mexico
reátegui,5,0,0,0,1,0,0,0,0,0,peru
ribeyro,5,1.2,1.0954451150103324,0.6,1,0,16,0.9999375039060058,4.9586776859504145,0,peru
ricaurte,13,0.7692307692307693,0.8320502943378436,0,1,12,12,0.499979167534686,-0,1,colombia
rincón,4,0.5,0.5773502691896257,0,1,0,6,0.9998333611064822,-0,0,peru
rincón-gallardo,8,0,0,0,1,0,0,0,0,0,mexico
riva_agüero,6,2,0.8944271909999159,2.1666666666666665,1,0,24,0.999958335069372,2.1645021645021645,0,peru
riva_palacio,8,0.75,0.7071067811865476,0.125,1,0,18,0.9999444475306927,-1.3477088948787062,0,mexico
rivadavia,1,0,,0,1,0,0,0,0,0,argentina
rivera-torres,2,0,0,0,1,0,0,0,0,0,mexico
robles,3,2,1,20.333333333333332,1,2,12,0.8570816370259268,20.313020313020314,1,peru
robles_arnao,4,0.5,0.5773502691896257,0,1,0,4,0.9997500624843788,-0,0,peru
roca,4,1.25,1.2583057392117916,2,1,5,4,0.44439506721475397,12.718600953895072,1,argentina
roca_rey,3,0,0,0,1,0,0,0,0,0,peru
roca_y_rodríguez,9,0.7777777777777778,0.9718253158075502,0,2,1,16,0.9411211105229104,-0,1,ecuador
rocca,3,1.6666666666666667,1.1547005383792517,5.666666666666666,1,1,8,0.8887901344295079,10.18167298862048,1,argentina
rocha,8,1.875,1.246423454758225,4,1,1,30,0.9677107190090641,4.870253405372498,1,argentina
"rodríguez_(san_luis,_argentina)",5,1.2,1.0954451150103321,0.6,1,0,14,0.9999285765302479,4.9586776859504145,0,argentina
rodríguez_larreta,9,0.33333333333333337,0.7071067811865475,4.222222222222222,2,1,4,0.7998400319936012,-38.34510595358224,1,argentina
rodríguez_pastor,5,1.6,0.8944271909999159,0.4,1,0,20,0.999950002499875,0.8316008316008315,0,peru
rodríguez_saá,8,0.375,0.7440238091428449,11.625,1,1,4,0.7998400319936012,-100.05379236148467,1,argentina
roel,3,0,0,0,1,0,0,0,0,0,peru
rojas,8,2.75,2.3754698783308417,5.625,1,2,52,0.9629451306457288,2.3366912451968016,2,colombia
rojo,9,1.2222222222222223,0.8333333333333335,0.8888888888888888,1,2,30,0.9374707040404988,6.497608519086721,1,argentina
romero,3,0.6666666666666666,0.5773502691896258,0,1,0,6,0.9998333611064822,-0,0,peru
romero_feris,10,0.6,0.8432740427115678,0.4,1,0,10,0.9999000099990002,-3.3613445378151265,0,argentina
rospigliosi,6,0.6666666666666666,0.5163977794943223,0,1,0,12,0.9999166736105325,-0,0,peru
ross_argentina,2,0,0,0,1,0,0,0,0,0,argentina
ross_chile,3,0,0,0,1,0,0,0,0,0,chile
rovirosa,6,0.33333333333333337,0.5163977794943223,0,1,0,6,0.9998333611064822,-0,0,mexico
ruiz-massieu,3,1,0,0,1,1,6,0.857020425653478,0,1,mexico
ruiz-tagle,4,0,0,0,1,0,0,0,0,0,chile
saadi,7,1,1.4142135623730951,0.8571428571428572,1,1,16,0.9411211105229104,857.1428571428572,1,argentina
saavedra,8,2.25,2.052872551885702,1.3833333333333333,3,10,26,0.7222021610510819,0.9830046781547936,1,uruguay
sabato,7,0.8571428571428571,0.690065559342354,0.14285714285714288,1,0,16,0.9999375039060058,-2.372077261945103,0,argentina
sabattini,6,2.6666666666666665,1.0327955589886444,1.3333333333333335,1,0,34,0.9999705891003207,0.5997301214453498,0,argentina
sabogal,1,1,,0,1,3,0,0,0,1,peru
saguier,5,0.4,0.5477225575051662,0,2,0,2,0.9995002498750625,-0,0,argentina
salaverry,4,1,0.816496580927726,0.25,1,0,8,0.9998750156230471,250,0,peru
salazar_y_meléndez,8,1.125,0.6408699444616557,0.25,2,1,18,0.9473185621809378,3.5056967572304996,1,peru
salazar_y_muñatones,7,0.8571428571428571,0.8997354108424372,0.5714285714285714,1,0,18,0.9999444475306927,-9.48830904778041,0,peru
salgar,3,0,0,0,1,0,0,0,0,0,colombia
salinas,6,2.3333333333333335,0.816496580927726,1.6666666666666665,1,0,28,0.9999642869897504,1.0707402384181595,0,mexico
samanez,3,0.6666666666666666,0.5773502691896258,0,1,0,6,0.9998333611064822,-0,0,peru
samper,28,0.8571428571428571,0.931517508007696,0.4821428571428572,2,9,48,0.8420904896405327,-8.005760759064723,2,colombia
san_martín,8,3.75,1.3887301496588271,10.287797619047618,1,41,16,0.2806968298801776,1.9948223605696092,2,argentina
sancho_dávila,3,0,0,0,1,0,0,0,0,0,peru
sanclemente,6,0.33333333333333337,0.5163977794943223,0,1,0,6,0.9998333611064822,-0,0,colombia
sanfuentes,18,1.2222222222222223,1.3085940167422419,1.9444444444444444,1,0,48,0.9999791671006855,14.213518635502203,0,chile
santa_cruz,6,0.5,0.8366600265340756,0.16666666666666669,1,1,2,0.6664445184938355,-1.3440860215053765,1,peru
santa_maría,6,2,1.4142135623730951,0.6666666666666666,1,0,26,0.9999615399407714,0.666000666000666,0,chile
santamarina,8,1,1.3093073414159542,0.75,1,0,22,0.9999545475205672,750,0,argentina
santamaría,1,0,,0,1,0,0,0,0,0,colombia
santiago_concha,8,0.375,0.5175491695067657,0,2,2,6,0.7499062617172854,-0,1,chile
santo_domingo,3,1,1,1.3333333333333335,1,2,6,0.7499062617172854,1333.3333333333335,1,colombia
santos,10,0.7,0.9486832980505138,3.5,2,7,6,0.4615029613106684,-33.65384615384615,1,colombia
sanz_de_santamaría,13,0.923076923076923,1.3821202589704018,17.695604395604395,1,8,8,0.4999687519530029,-512.872087610554,3,colombia
sapag,11,1.4545454545454546,0.9341987329938276,1.2727272727272727,1,0,48,0.9999791671006855,3.8383888736571863,0,argentina
saravia,13,0.7692307692307693,1.1657505560686467,1,2,0,24,0.999958335069372,-11.39505090688423,0,uruguay
sarmiento,6,0.6666666666666667,0.816496580927726,0,1,4,0,0,-0,1,argentina
sarmiento_negocios,1,0,,0,1,0,0,0,0,0,colombia
sarsfield,7,2.2857142857142856,1.6035674514745462,6,1,4,30,0.8823269903826358,4.0805562880817225,1,argentina
saá,3,1.6666666666666667,0.5773502691896257,62,1,3,6,0.6665926008221309,111.3994809343182,3,argentina
scheck,4,1.5,1,0.75,1,0,18,0.9999444475306927,1.9946808510638299,0,uruguay
schmidt,11,0.9090909090909091,0.8312094145936334,0.9090909090909091,1,0,20,0.999950002499875,-22.54560360729657,0,chile
schreiber,5,0.4,0.5477225575051662,0,1,0,4,0.9997500624843788,-0,0,peru
segurola,9,0.7777777777777778,0.9718253158075502,7,2,1,14,0.9332711152589828,-81.94825841884666,1,argentina
seminario,10,0.8,1.0327955589886444,0.8,1,0,20,0.999950002499875,-10.126582278481015,0,peru
seoane_heredia,9,1.3333333333333335,1.8027756377319943,1.6666666666666667,1,0,30,0.9999666677777407,7.466401194624187,0,peru
sieburger,4,0,0,0,1,0,0,0,0,0,argentina
sierra_méndez,5,1.2,1.0954451150103321,0.6,1,0,18,0.9999444475306927,4.9586776859504145,0,mexico
silva_herzog,3,1.3333333333333333,0.5773502691896257,0.33333333333333337,1,0,12,0.9999166736105325,1.4932802389248387,0,mexico
silva_santisteban,6,1.1666666666666667,0.752772652709081,0.33333333333333337,1,1,14,0.9332711152589828,3.3936651583710398,1,peru
simeone,4,0,0,0,1,0,0,0,0,0,argentina
slim,4,0.5,0.5773502691896257,0,1,0,6,0.9998333611064822,-0,0,mexico
snopek,6,0.6666666666666666,0.816496580927726,0.16666666666666666,1,0,10,0.9999000099990002,-1.5136226034308777,0,argentina
sodi,14,1.2857142857142858,1.3259870882635918,3.5,1,3,42,0.9333125930534878,18.95237042767156,2,mexico
solari,4,0.25,0.5,0,1,1,0,0,-0,1,peru
solari_argentina,9,0.2222222222222222,0.44095855184409843,0,1,0,2,0.9995002498750625,-0,0,argentina
soler,14,1.6428571428571428,1.5984195491000024,4.7142857142857135,2,1,58,0.9830341858612567,8.91066193488659,1,mexico
sordo_madaleno,1,0,,0,1,0,0,0,0,0,mexico
soria,4,2.5,0.5773502691896257,0.25,1,0,28,0.9999642869897504,0.13326226012793177,0,argentina
soublette,1,1,,0,1,4,0,0,0,1,colombia
subercaseaux,23,1.5217391304347827,1.2011193725169755,2.152173913043478,2,15,74,0.8314513320075055,5.407806050472855,2,chile
sucre,11,0.5454545454545454,0.9341987329938277,0.27272727272727276,4,0,14,0.9999285765302479,-2.2178909872975336,0,venezuela
sáenz_peña,3,0.6666666666666666,0.5773502691896258,0,1,0,6,0.9998333611064822,-0,0,argentina
sánchez-concha,1,1,,0,1,2,0,0,0,1,peru
sánchez_de_bustamante,4,0.25,0.5,0,1,1,0,0,-0,1,argentina
taboada,4,0,0,0,1,0,0,0,0,0,argentina
tagle_bracho,4,0.5,0.5773502691896257,0,1,0,6,0.9998333611064822,-0,0,peru
tamayo_perú,5,1,0.7071067811865476,0.2,1,3,12,0.7999466702219852,200,1,peru
tellería,1,0,,0,1,0,0,0,0,0,peru
tenorio,5,0.4,0.8944271909999161,2.1464015151515152,2,4,0,0,-18.036987522281642,1,colombia
terry_perú,1,0,,0,1,0,0,0,0,0,peru
thorndike,4,1.5,1,0.75,1,0,14,0.9999285765302479,1.9946808510638299,0,peru
thorne,5,0.4,0.5477225575051662,0,1,0,6,0.9998333611064822,-0,0,peru
tito,3,1.6666666666666667,0.5773502691896257,14.333333333333334,1,1,8,0.8887901344295079,25.753643441804748,1,peru
tobar,3,0,0,0,2,0,0,0,0,0,venezuela
tohá,9,1.8888888888888888,0.927960727138337,2.7777777777777777,1,3,30,0.9090633617163117,3.3048868259866926,3,chile
tola,4,0.25,0.5,0,1,3,0,0,-0,1,peru
toro_venezuela,32,0.625,1.0701220913160239,3.03125,1,52,12,0.18749707035827565,-26.08929532006455,4,venezuela
torres_landa,3,0.6666666666666666,0.5773502691896258,0,1,0,6,0.9998333611064822,-0,0,mexico
torrico,4,1,0.816496580927726,0.25,1,0,12,0.9999166736105325,250,0,peru
torrijos,3,0.6666666666666667,1.1547005383792517,0.6666666666666667,1,2,0,0,-6.054490413723513,1,colombia
tovar,5,0,0,0,1,0,0,0,0,0,venezuela
trelles,4,0.5,0.5773502691896257,0,1,0,6,0.9998333611064822,-0,0,peru
tristán_del_pozo,9,2.2222222222222223,1.986062547968831,0.7962962962962963,1,9,32,0.7804687690544133,0.5859321772149598,1,peru
trivelli,3,1.3333333333333333,0.5773502691896257,0.33333333333333337,1,0,12,0.9999166736105325,1.4932802389248387,0,chile
troconis,6,0.33333333333333337,0.5163977794943223,0,2,0,6,0.9998333611064822,-0,0,venezuela
tudela,1,0,,0,1,0,0,0,0,0,peru
turbay,10,0.8000000000000002,1.2292725943057181,0.5,1,5,8,0.6153372817475579,-6.329113924050636,1,colombia
ucrós,1,0,,0,1,0,0,0,0,0,colombia
ugarte,16,0.25,0.44721359549995793,0,1,0,12,0.9999166736105325,-0,0,peru
ugarteche,4,0,0,0,2,0,0,0,0,0,peru
ulloa,11,1.0909090909090908,0.9438798074485389,2,2,8,24,0.749976563232399,39.53602352556776,1,peru
umaña,6,1.5,1.378404875209022,20.833333333333336,1,1,22,0.9564801530368244,55.407801418439725,1,colombia
undurraga,5,1,0.7071067811865476,18.6,1,1,8,0.8887901344295079,18600,1,chile
urdaneta,21,1.2380952380952381,1.6704718466577613,4.142857142857143,3,31,38,0.5507166562803437,27.91827753243379,5,colombia
ureta,5,0.6,1.3416407864998738,1.4,1,3,0,0,-11.76470588235294,3,peru
uribe,8,1.25,1.164964745021435,0.875,2,0,26,0.9999615399407714,5.5643879173290935,0,colombia
uriburu,14,0.42857142857142855,0.5135525910130955,0,1,0,10,0.9999000099990002,-0,0,argentina
uricoechea,3,0.6666666666666666,0.5773502691896258,0,1,0,6,0.9998333611064822,-0,0,colombia
urquíza,2,0,0,0,1,0,0,0,0,0,mexico
urrutia,2,0,0,0,1,0,0,0,0,0,colombia
urteaga,4,0,0,0,1,0,0,0,0,0,peru
urtubey,5,0.4,0.5477225575051662,0,1,0,4,0.9997500624843788,-0,0,argentina
uñac,2,0,0,0,1,0,0,0,0,0,argentina
vaca_narvaja,4,1.75,0.9574271077563381,20,1,1,18,0.9473185621809378,30.429821224800303,1,argentina
valcárcel,10,0.39999999999999997,0.5163977794943223,0,1,0,12,0.9999166736105325,-0,0,peru
valdivieso,11,1,1.7888543819998317,5.818181818181818,1,11,6,0.3529204164460914,5818.181818181818,4,chile
valdés,11,1.1818181818181819,0.9816498172140429,0.27272727272727276,1,1,28,0.9654839488293506,2.5150522063867076,1,mexico
valdés_chile,42,0.7619047619047619,1.0548268568943209,2.277777777777777,1,6,58,0.9062358400649989,-25.392451780884233,4,chile
valencia,19,1.3157894736842106,1.3355245153100535,2.6228070175438596,1,3,46,0.9387563519111856,12.56396986947271,1,colombia
van_rysselberghe,4,1.5,1,0.75,1,0,18,0.9999444475306927,1.9946808510638299,0,chile
varela,17,0.5882352941176471,0.7122871199007256,0.11764705882352938,3,0,24,0.999958335069372,-0.9795165797585778,0,argentina
vargas_llosa,12,2.5,2.0225995873897262,6,2,0,68,0.9999852943339068,3.1982942430703627,0,peru
vega,4,1.5,1,0.75,1,0,14,0.9999285765302479,1.9946808510638299,0,colombia
velarde,2,0,0,0,1,0,0,0,0,0,peru
velasco_chile,44,1.4772727272727273,1.7048308429166315,12.298484848484842,3,26,98,0.7903162071273618,34.78757205446039,6,chile
veloso,4,2,0,0.5,1,0,12,0.9999166736105325,0.4995004995004996,0,chile
vergara-azcárate,22,0.909090909090909,1.3419634126405235,2.144958875521076,2,7,32,0.8204917822619934,-53.195331817595786,3,colombia
vial,38,0.7105263157894737,0.8670513790331904,0.769736842105263,1,14,30,0.6818026863025841,-7.558345120226307,7,chile
vicuña,64,1.390625,1.4759144327156681,9.4921875,2,16,180,0.9183626614149928,34.8201139893032,9,chile
videla,15,0.6,0.6324555320336759,0.13333333333333336,2,1,16,0.9411211105229104,-1.120448179271709,1,argentina
villa_michel,11,0.36363636363636365,0.504524979109513,0,1,0,12,0.9999166736105325,-0,0,mexico
villarán,11,0.7272727272727273,0.7862453931068966,0.1818181818181818,1,0,14,0.9999285765302479,-1.85200774475966,0,peru
villaveces,2,1,0,0,1,7,0,0,0,1,colombia
villegas,9,2,1.5,1.6666666666666665,1,0,30,0.9999666677777407,1.665001665001665,0,argentina
villegas_colombia,4,1,0.816496580927726,0.25,1,0,12,0.9999166736105325,250,0,colombia
villegas_venezuela,3,0,0,0,1,0,0,0,0,0,venezuela
virasoro,3,0,0,0,1,0,0,0,0,0,argentina
vodanovic,6,0.5,0.5477225575051661,0,1,1,6,0.857020425653478,-0,1,chile
von_mühlenbrock,2,0,0,0,1,0,0,0,0,0,chile
vásquez,3,1.3333333333333333,0.5773502691896257,0.33333333333333337,1,0,8,0.9998750156230471,1.4932802389248387,0,peru
vásquez_de_velasco,4,0,0,0,1,0,0,0,0,0,peru
vázquez-mellado,3,0,0,0,1,0,0,0,0,0,mexico
vélez,1,0,,0,1,0,0,0,0,0,colombia
vértiz,6,1.5,1.0488088481701516,26.5,2,3,12,0.7999466702219852,70.47872340425532,3,peru
walker_chile,13,0.6923076923076923,0.9473309334313418,1.3846153846153844,1,1,18,0.9473185621809378,-13.123212382928605,1,chile
warnes,10,3.4,1.776388345929897,47.15,2,38,44,0.5365788222094853,11.553540798823816,2,chile
werthein,5,0.8,0.8366600265340756,0.2,1,0,8,0.9998750156230471,-2.5316455696202538,0,argentina
wiesner,7,0,0,0,1,0,0,0,0,0,colombia
wiesse,2,0,0,0,1,0,0,0,0,0,peru
wills,4,0,0,0,1,0,0,0,0,0,colombia
yankelevich,7,2.2857142857142856,1.1126972805283737,2.857142857142857,1,0,44,0.9999772732437899,1.9431220419436777,0,argentina
yarur,5,0.4,0.5477225575051662,0,1,0,6,0.9998333611064822,-0,0,chile
yerovi,4,1.25,0.9574271077563381,0,2,4,4,0.4999375078115236,0,1,peru
yoma,13,2,2.1213203435596424,2.0769230769230766,2,0,56,0.9999821431760147,2.0748482286943823,0,argentina
yrigoyen,3,0.6666666666666666,0.5773502691896258,0,1,0,4,0.9997500624843788,-0,0,peru
yunes,6,1,0.8944271909999159,0.6666666666666667,1,0,16,0.9999375039060058,666.6666666666667,0,mexico
yábar,9,0.22222222222222218,0.44095855184409843,0,1,0,4,0.9997500624843788,-0,0,peru
zaldívar,11,0.7272727272727273,0.9045340337332909,0.8636363636363638,1,3,14,0.8234809717075465,-8.797036787608388,1,chile
zavala,4,0,0,0,1,0,0,0,0,0,peru
zavala_de_la_maza,2,1,0,0,1,0,6,0.9998333611064822,0,0,peru
zañartu,17,0.2941176470588235,0.5878675320972555,0.0588235294117647,1,1,10,0.909008271975275,-0.5721786543704351,1,chile
zea,11,1.1818181818181819,1.0787197799411874,0.5454545454545454,1,1,30,0.9677107190090641,5.030104412773414,1,colombia
zegers_chile,13,0.3076923076923077,0.6304251719561151,0.07692307692307693,1,0,10,0.9999000099990002,-0.7290673546071449,0,chile
zuleta_colombia,2,1,0,0,1,0,6,0.9998333611064822,0,0,colombia
zuviría,13,1.5384615384615385,1.7614096918559585,1,2,2,36,0.9473434909607642,2.4084709772121586,1,argentina
álvarez_calderón,22,0.6363636363636364,0.6579516949597689,0.1818181818181818,1,2,36,0.9473434909607642,-1.5851286115714387,2,peru
álvarez_de_arenales,12,2.1666666666666665,1.5859229221975182,5,1,0,64,0.9999843752441367,3.9529163738580477,0,argentina
álvarez_de_toledo_argentina,7,0.7142857142857142,0.7559289460184545,0.4285714285714286,1,2,10,0.8332638946754437,-4.241567360129267,1,argentina
álvarez_del_casal,22,1.9545454545454546,1.5576928215816257,8.113636363636365,1,11,96,0.8971878767488154,8.688360649934513,4,colombia
álvarez_del_castillo,2,0,0,0,1,0,0,0,0,0,mexico
álzaga,12,0.9166666666666667,0.6685579234215214,0.33333333333333337,1,1,24,0.9599616015359386,-8.961911874533243,1,argentina
ávila_camacho,4,0.5,0.5773502691896257,0,1,0,4,0.9997500624843788,-0,0,mexico
